pub_account,pub_account_id,region,am_name,pub_app,pub_app_id,pub_market_id,pub_daily_spend,exempted_domain_count,exempted_domains,reference_route_count,exempted_route_count,missing_route_count,top_missing_routes,app_daily_spend_exempted,exempted_route_network_daily,missing_route_network_daily,reference_route_network_daily,penetration_rate,est_uplift_missed_daily
BeSoccer,680748860437920011951532,EMEA,Louis Wallworth,BeSoccer,68075411da8e5a572a730472,550928207,1920.0244,108,"1097638.com,11029984.com,1492929.com,22bet.com,32red.com,3bigstar.com,44vvkw.com,6929183.com,738382910483.com,777gp-android-app.lets-fun.top,888casino.com,9234423.com,9snail.com,admiralcasino.co.uk,apps.olimp.bet,apps.rustore.ru,aviagames.com,betano.bet,betpk55.com,betrivers.com",118,56,62,betty.ca|5f6413c9612b1a0015099993|CA; cloudfront.net|5f6413c9612b1a0015099993|IN; jackpotcity.com|5f6413c9612b1a0015099993|CA,449.7407,223863.2446,119222.1256,343085.3702,0.002009,239.517
Mattel163 Limited,5b0fc58f19829714e5ad0d2f,APAC,Aria Gao,Phase 10 iOS,5d81c924bf4aa20017e95920,1463509237,2148.0516,42,"a23.com,a23poker.com,bc91231.com,bet.batery.in.twa,blackjackist.com,casino.draftkings.com,com.id5l777.ntla197,draftkings.com,fanaticsinc.com,fanduel.com,fon.bet,fonbet.ru,gameqqx.com,games24x7.com,gatesofolympus.com,googll.store,hardrock.bet,id.mpl.live,kalshi.com,lattfolloweaken.com",35,13,22,casino.draftkings.com|5f6413c9612b1a0015099993|CA; pari.ru|5f6413c9612b1a0015099993|RU; draftkings.com|602442ef9f0893001526406b|US,260.0948,53936.8495,36711.7124,90648.5619,0.00482221,177.0316
Badoo,5aafdd4a0520357fabf54aa6,EMEA,Beth Taylor-Lowen,Badoo - The Dating App,5aafe5c62567717fa575bfc1,351331194,6051.523,39,"a23.com,a23poker.com,bc91231.com,blackjackist.com,casino.draftkings.com,com.id5l777.ntla197,draftkings.com,fanduel.com,fon.bet,fonbet.ru,gameqqx.com,games24x7.com,gatesofolympus.com,googll.store,hardrock.bet,id.mpl.live,lattfolloweaken.com,ligastavok.ru,mintegral.com,mt.dhgygw.top",33,15,18,pari.ru|5f6413c9612b1a0015099993|RU; mintegral.com|60bdc983a982ad0017edb6f7|RU; ligastavok.ru|5f6413c9612b1a0015099993|RU,325.7496,55264.4224,22110.932,77375.3544,0.00589438,130.3303
OAKEVER GAMES PTE LTD,5b975fcedc73276356309362,APAC,Aria Gao,Arrows GO! iOS,69c2954b7c25f96d75ccd5f2,6758326278,2911.1141,3,"casino.draftkings.com,draftkings.com,sportsbook.draftkings.com",9,2,7,casino.draftkings.com|5f6413c9612b1a0015099993|CA; draftkings.com|602442ef9f0893001526406b|US; sportsbook.draftkings.com|5bc0e10e25c7d7796ebe8fc0|US,82.7754,23714.927,19903.8823,43618.8093,0.00349043,69.4732
Voodoo,56d55c72562b9c353800000d,EMEA,Hadil Salameh,Paper.io 2,5b83e2f3ebcb4a0f62d80e85,1423046460,13243.7217,8,"casino.draftkings.com,draftkings.com,fanaticsinc.com,fanduel.com,hardrock.bet,sportsbook.draftkings.com,tiktok.com,underdogfantasy.com",52,29,23,draftkings.com|602442ef9f0893001526406b|US; tiktok.com|5e89fcef428f870016d9e994|TH; tiktok.com|5f6413c9612b1a0015099993|ZA,519.1672,215509.5583,28702.3873,244211.9456,0.00240902,69.1447
Scopely,561e8d966b8d90f61a003414,Americas,Natalie Kenyon,Scrabble Go,59e7db9b598ece421700ded4,1215933788,6051.7925,9,"casino.draftkings.com,draftkings.com,fanaticsinc.com,fanduel.com,hardrock.bet,papayagaming.com,solitairecash.com,sportsbook.draftkings.com,underdogfantasy.com",17,12,5,papayagaming.com|5fbc06efdcdfdb0015dda411|US; draftkings.com|602442ef9f0893001526406b|US; papayagaming.com|60c86e9b217f2400175cfe6b|US,183.101,49629.794,14545.9739,64175.7679,0.00368934,53.665
BeSoccer,680748860437920011951532,EMEA,Louis Wallworth,BeSoccer,6807543f9e0c8ad76e7f0c01,com.resultadosfutbol.mobile,4219.8855,108,"1097638.com,11029984.com,1492929.com,22bet.com,32red.com,3bigstar.com,44vvkw.com,6929183.com,738382910483.com,777gp-android-app.lets-fun.top,888casino.com,9234423.com,9snail.com,admiralcasino.co.uk,apps.olimp.bet,apps.rustore.ru,aviagames.com,betano.bet,betpk55.com,betrivers.com",118,56,62,betty.ca|5f6413c9612b1a0015099993|CA; cloudfront.net|5f6413c9612b1a0015099993|IN; jackpotcity.com|5f6413c9612b1a0015099993|CA,89.9744,223863.2446,119222.1256,343085.3702,0.00040192,47.9174
Bluetile Games,64803209bfd9aa0011593484,EMEA,Tori Edwards,Solitaire - Card Game,64a41edf830ec394da0090b7,com.playvalve.solitaire,815.1386,41,"a23.com,a23poker.com,bc91231.com,bet.batery.in.twa,blackjackist.com,casino.draftkings.com,com.id5l777.ntla197,draftkings.com,fanaticsinc.com,fanduel.com,fon.bet,fonbet.ru,gameqqx.com,games24x7.com,gatesofolympus.com,googll.store,hardrock.bet,id.mpl.live,lattfolloweaken.com,ligastavok.ru",34,12,22,casino.draftkings.com|5f6413c9612b1a0015099993|CA; pari.ru|5f6413c9612b1a0015099993|RU; draftkings.com|602442ef9f0893001526406b|US,33.4532,43679.5822,36711.7124,80391.2946,0.00076588,28.1167
OfferUp,650360eb0950ee00114dc484,Americas,Kasey Geist,OfferUp iOS,650363ddd38855ef54aae568,468996152,35957.5312,6,"casino.draftkings.com,draftkings.com,fanduel.com,hardrock.bet,sportsbook.draftkings.com,underdogfantasy.com",12,11,1,hardrock.bet|60770b778d0e4a0015f20ea9|US,1789.0998,46374.8883,694.0674,47068.9557,0.03857906,26.7765
Voodoo,56d55c72562b9c353800000d,EMEA,Hadil Salameh,Paper.io 2,5b99403f45e58040ccdd7177,io.voodoo.paper2,3814.5932,4,"casino.draftkings.com,draftkings.com,fanaticsinc.com,tiktok.com",48,24,24,draftkings.com|602442ef9f0893001526406b|US; tiktok.com|5e89fcef428f870016d9e994|TH; tiktok.com|5f6413c9612b1a0015099993|ZA,160.3963,207450.3774,29762.2154,237212.5928,0.00077318,23.0115
Bluetile Games,64803209bfd9aa0011593484,EMEA,Tori Edwards,Spades Stars,65ba16acd5857e078ac1c087,6467129657,581.0344,41,"a23.com,a23poker.com,bc91231.com,bet.batery.in.twa,blackjackist.com,casino.draftkings.com,com.id5l777.ntla197,draftkings.com,fanaticsinc.com,fanduel.com,fon.bet,fonbet.ru,gameqqx.com,games24x7.com,gatesofolympus.com,googll.store,hardrock.bet,id.mpl.live,lattfolloweaken.com,ligastavok.ru",34,12,22,casino.draftkings.com|5f6413c9612b1a0015099993|CA; pari.ru|5f6413c9612b1a0015099993|RU; draftkings.com|602442ef9f0893001526406b|US,27.0531,43679.5822,36711.7124,80391.2946,0.00061935,22.7375
Mattel163 Limited,5b0fc58f19829714e5ad0d2f,APAC,Aria Gao,Skip-Bo iOS,60891c6075dd9017131842c0,1538912205,663.0106,42,"a23.com,a23poker.com,bc91231.com,bet.batery.in.twa,blackjackist.com,casino.draftkings.com,com.id5l777.ntla197,draftkings.com,fanaticsinc.com,fanduel.com,fon.bet,fonbet.ru,gameqqx.com,games24x7.com,gatesofolympus.com,googll.store,hardrock.bet,id.mpl.live,kalshi.com,lattfolloweaken.com",35,13,22,casino.draftkings.com|5f6413c9612b1a0015099993|CA; pari.ru|5f6413c9612b1a0015099993|RU; draftkings.com|602442ef9f0893001526406b|US,33.3925,53936.8495,36711.7124,90648.5619,0.0006191,22.7284
OAKEVER GAMES PTE LTD,5b975fcedc73276356309362,APAC,Aria Gao,Vita Mahjong Android,659e1333a5c8c578aac410f0,com.vitastudio.mahjong,69445.7427,39,"a23.com,a23poker.com,bc91231.com,blackjackist.com,casino.draftkings.com,com.id5l777.ntla197,draftkings.com,fanduel.com,fon.bet,fonbet.ru,gameqqx.com,games24x7.com,gatesofolympus.com,googll.store,hardrock.bet,id.mpl.live,lattfolloweaken.com,ligastavok.ru,mintegral.com,mt.dhgygw.top",33,11,22,casino.draftkings.com|5f6413c9612b1a0015099993|CA; pari.ru|5f6413c9612b1a0015099993|RU; draftkings.com|602442ef9f0893001526406b|US,23.1893,40663.642,36711.7124,77375.3544,0.00057027,20.9356
Bluetile Games,64803209bfd9aa0011593484,EMEA,Tori Edwards,Spades Stars - Card Game,659677f9c64ca439507c3d73,com.playvalve.spades,869.191,40,"a23.com,a23poker.com,bc91231.com,blackjackist.com,casino.draftkings.com,com.id5l777.ntla197,draftkings.com,fanaticsinc.com,fanduel.com,fon.bet,fonbet.ru,gameqqx.com,games24x7.com,gatesofolympus.com,googll.store,hardrock.bet,id.mpl.live,lattfolloweaken.com,ligastavok.ru,mintegral.com",34,16,18,pari.ru|5f6413c9612b1a0015099993|RU; mintegral.com|60bdc983a982ad0017edb6f7|RU; ligastavok.ru|5f6413c9612b1a0015099993|RU,54.6112,58280.3626,22110.932,80391.2946,0.00093704,20.7189
Bluetile Games,64803209bfd9aa0011593484,EMEA,Tori Edwards,Water Sortpuz,64e4c1ec575deb9efd61dafb,1615960653,594.5179,41,"a23.com,a23poker.com,bc91231.com,bet.batery.in.twa,blackjackist.com,casino.draftkings.com,com.id5l777.ntla197,draftkings.com,fanaticsinc.com,fanduel.com,fon.bet,fonbet.ru,gameqqx.com,games24x7.com,gatesofolympus.com,googll.store,hardrock.bet,id.mpl.live,lattfolloweaken.com,ligastavok.ru",34,12,22,casino.draftkings.com|5f6413c9612b1a0015099993|CA; pari.ru|5f6413c9612b1a0015099993|RU; draftkings.com|602442ef9f0893001526406b|US,22.4989,43679.5822,36711.7124,80391.2946,0.00051509,18.9098
INJOY TECHNOLOGY PTE.LTD.,5f687c6436ca1e0016d5fd6d,APAC,Seven Tu,SHAREit,64db6180d4592a1f1c806bde,725215120,1482.4063,36,"a23.com,a23poker.com,bc91231.com,blackjackist.com,casino.draftkings.com,com.id5l777.ntla197,draftkings.com,fanaticsinc.com,fon.bet,fonbet.ru,gameqqx.com,games24x7.com,gatesofolympus.com,googll.store,id.mpl.live,lattfolloweaken.com,ligastavok.ru,mintegral.com,mt.dhgygw.top,mt.hug8e.top",30,9,21,pari.ru|5f6413c9612b1a0015099993|RU; draftkings.com|602442ef9f0893001526406b|US; mintegral.com|60bdc983a982ad0017edb6f7|RU,28.3241,45050.7908,28341.151,73391.9418,0.00062871,17.8185
Voodoo,56d55c72562b9c353800000d,EMEA,Hadil Salameh,Mob Control,60994b96c5d1524132e8e1a7,1562817072,1920.8751,7,"casino.draftkings.com,draftkings.com,fanaticsinc.com,fanduel.com,hardrock.bet,sportsbook.draftkings.com,underdogfantasy.com",13,10,3,draftkings.com|602442ef9f0893001526406b|US; casino.draftkings.com|602442ef9f0893001526406b|US; hardrock.bet|60770b778d0e4a0015f20ea9|US,126.4107,44220.4376,5864.4583,50084.8959,0.00285865,16.7644
Bluetile Games,64803209bfd9aa0011593484,EMEA,Tori Edwards,Word Search - Word Puzzle Game,64a41f5638325e04da4db2f3,com.playvalve.wsjourney,698.0834,41,"a23.com,a23poker.com,bc91231.com,bet.batery.in.twa,blackjackist.com,casino.draftkings.com,com.id5l777.ntla197,draftkings.com,fanaticsinc.com,fanduel.com,fon.bet,fonbet.ru,gameqqx.com,games24x7.com,gatesofolympus.com,googll.store,hardrock.bet,id.mpl.live,lattfolloweaken.com,ligastavok.ru",34,12,22,casino.draftkings.com|5f6413c9612b1a0015099993|CA; pari.ru|5f6413c9612b1a0015099993|RU; draftkings.com|602442ef9f0893001526406b|US,19.0285,43679.5822,36711.7124,80391.2946,0.00043564,15.993
INJOY TECHNOLOGY PTE.LTD.,5f687c6436ca1e0016d5fd6d,APAC,Seven Tu,Shareit Android,64f7008818744ab0e0841919,com.lenovo.anyshare.gps,6390.6848,36,"a23.com,a23poker.com,bc91231.com,blackjackist.com,casino.draftkings.com,com.id5l777.ntla197,draftkings.com,fanaticsinc.com,fon.bet,fonbet.ru,gameqqx.com,games24x7.com,gatesofolympus.com,googll.store,id.mpl.live,lattfolloweaken.com,ligastavok.ru,mintegral.com,mt.dhgygw.top,mt.hug8e.top",30,9,21,pari.ru|5f6413c9612b1a0015099993|RU; draftkings.com|602442ef9f0893001526406b|US; mintegral.com|60bdc983a982ad0017edb6f7|RU,25.2175,45050.7908,28341.151,73391.9418,0.00055976,15.8642
OAKEVER GAMES PTE LTD,5b975fcedc73276356309362,APAC,Aria Gao,Tile Trip Android,6642cedde0cbed6459a1b75e,com.oakever.tiletrip,17574.8459,33,"a23.com,a23poker.com,bc91231.com,blackjackist.com,com.id5l777.ntla197,fon.bet,fonbet.ru,gameqqx.com,games24x7.com,gatesofolympus.com,googll.store,id.mpl.live,lattfolloweaken.com,ligastavok.ru,mintegral.com,mt.dhgygw.top,mt.hug8e.top,olimp.bet,pari.ru,play.zhsta.com",21,4,17,pari.ru|5f6413c9612b1a0015099993|RU; mintegral.com|60bdc983a982ad0017edb6f7|RU; ligastavok.ru|5f6413c9612b1a0015099993|RU,6.2455,8889.5341,21416.8646,30306.3987,0.00070257,15.0468
Bluetile Games,64803209bfd9aa0011593484,EMEA,Tori Edwards,Solitaire - The #1 Card Game,6526703e4168a1c19383dcff,1578681725,719.1781,41,"a23.com,a23poker.com,bc91231.com,bet.batery.in.twa,blackjackist.com,casino.draftkings.com,com.id5l777.ntla197,draftkings.com,fanaticsinc.com,fanduel.com,fon.bet,fonbet.ru,gameqqx.com,games24x7.com,gatesofolympus.com,googll.store,hardrock.bet,id.mpl.live,lattfolloweaken.com,ligastavok.ru",34,12,22,casino.draftkings.com|5f6413c9612b1a0015099993|CA; pari.ru|5f6413c9612b1a0015099993|RU; draftkings.com|602442ef9f0893001526406b|US,17.2749,43679.5822,36711.7124,80391.2946,0.00039549,14.5192
HITAPPS GAMES LTD,6021599b8b3e5600159fcc76,EMEA,Beth Taylor-Lowen,Connect Word iOS,66ed44a4f909844620b79258,6692629257,1069.3365,41,"a23.com,a23poker.com,bc91231.com,bet.batery.in.twa,blackjackist.com,casino.draftkings.com,com.id5l777.ntla197,draftkings.com,fanaticsinc.com,fanduel.com,fon.bet,fonbet.ru,gameqqx.com,games24x7.com,gatesofolympus.com,googll.store,hardrock.bet,id.mpl.live,lattfolloweaken.com,ligastavok.ru",34,12,22,casino.draftkings.com|5f6413c9612b1a0015099993|CA; pari.ru|5f6413c9612b1a0015099993|RU; draftkings.com|602442ef9f0893001526406b|US,17.0582,43679.5822,36711.7124,80391.2946,0.00039053,14.337
OAKEVER GAMES PTE LTD,5b975fcedc73276356309362,APAC,Aria Gao,Tile Trip iOS,6642cf9be0cbed6459a1b767,6498883328,12470.8511,33,"a23.com,a23poker.com,bc91231.com,blackjackist.com,com.id5l777.ntla197,fon.bet,fonbet.ru,gameqqx.com,games24x7.com,gatesofolympus.com,googll.store,id.mpl.live,lattfolloweaken.com,ligastavok.ru,mintegral.com,mt.dhgygw.top,mt.hug8e.top,olimp.bet,pari.ru,play.zhsta.com",21,4,17,pari.ru|5f6413c9612b1a0015099993|RU; mintegral.com|60bdc983a982ad0017edb6f7|RU; ligastavok.ru|5f6413c9612b1a0015099993|RU,5.7265,8889.5341,21416.8646,30306.3987,0.00064418,13.7964
OAKEVER GAMES PTE LTD,5b975fcedc73276356309362,APAC,Aria Gao,Sudoku Android,5de10e548ce8520017e173ef,easy.sudoku.puzzle.solver.free,2197.0198,33,"a23.com,a23poker.com,bc91231.com,blackjackist.com,com.id5l777.ntla197,fon.bet,fonbet.ru,gameqqx.com,games24x7.com,gatesofolympus.com,googll.store,id.mpl.live,lattfolloweaken.com,ligastavok.ru,mintegral.com,mt.dhgygw.top,mt.hug8e.top,olimp.bet,pari.ru,play.zhsta.com",21,4,17,pari.ru|5f6413c9612b1a0015099993|RU; mintegral.com|60bdc983a982ad0017edb6f7|RU; ligastavok.ru|5f6413c9612b1a0015099993|RU,5.5103,8889.5341,21416.8646,30306.3987,0.00061986,13.2755
Bluetile Games,64803209bfd9aa0011593484,EMEA,Tori Edwards,Dominoes Master: Classic Game,66cd6740334673785d02ece9,6467129396,683.7022,41,"a23.com,a23poker.com,bc91231.com,bet.batery.in.twa,blackjackist.com,casino.draftkings.com,com.id5l777.ntla197,draftkings.com,fanaticsinc.com,fanduel.com,fon.bet,fonbet.ru,gameqqx.com,games24x7.com,gatesofolympus.com,googll.store,hardrock.bet,id.mpl.live,lattfolloweaken.com,ligastavok.ru",34,12,22,casino.draftkings.com|5f6413c9612b1a0015099993|CA; pari.ru|5f6413c9612b1a0015099993|RU; draftkings.com|602442ef9f0893001526406b|US,15.3363,43679.5822,36711.7124,80391.2946,0.00035111,12.8898
Pocket Entertainment Services LLC,6315b8713c59f7001bacf8fb,Americas,Rutvij Jadav,PocketFM IOS,6345c091c17e333ca212effc,1538433480,3447.9015,42,"a23.com,a23poker.com,bc91231.com,bet.batery.in.twa,bet.batery.in.twa-twa,blackjackist.com,casino.draftkings.com,com.id5l777.ntla197,draftkings.com,fanaticsinc.com,fanduel.com,fon.bet,fonbet.ru,gameqqx.com,games24x7.com,gatesofolympus.com,googll.store,hardrock.bet,id.mpl.live,lattfolloweaken.com",34,12,22,casino.draftkings.com|5f6413c9612b1a0015099993|CA; pari.ru|5f6413c9612b1a0015099993|RU; draftkings.com|602442ef9f0893001526406b|US,14.6187,43679.5822,36711.7124,80391.2946,0.00033468,12.2867
Sofa IT doo,67b5b2c077bd1c00117b9adc,EMEA,Dumitru Cazacu,Sofascore IOS,67b5f7021be9345ad181a7d8,1176147574,6612.598,6,"casino.draftkings.com,draftkings.com,fanduel.com,hardrock.bet,sportsbook.draftkings.com,underdogfantasy.com",12,11,1,hardrock.bet|60770b778d0e4a0015f20ea9|US,765.9926,46374.8883,694.0674,47068.9557,0.0165174,11.4642
Bluetile Games,64803209bfd9aa0011593484,EMEA,Tori Edwards,Yatzy - Fun Classic Dice Game,649fd139847c940a560e47aa,com.playvalve.yatzy,730.9495,41,"a23.com,a23poker.com,bc91231.com,bet.batery.in.twa,blackjackist.com,casino.draftkings.com,com.id5l777.ntla197,draftkings.com,fanaticsinc.com,fanduel.com,fon.bet,fonbet.ru,gameqqx.com,games24x7.com,gatesofolympus.com,googll.store,hardrock.bet,id.mpl.live,lattfolloweaken.com,ligastavok.ru",34,12,22,casino.draftkings.com|5f6413c9612b1a0015099993|CA; pari.ru|5f6413c9612b1a0015099993|RU; draftkings.com|602442ef9f0893001526406b|US,13.165,43679.5822,36711.7124,80391.2946,0.0003014,11.0649
OAKEVER GAMES PTE LTD,5b975fcedc73276356309362,APAC,Aria Gao,ZenWord Android,64cc9fcad4592a1f1c805a2c,kidultlovin.word.zen,4611.8852,33,"a23.com,a23poker.com,bc91231.com,blackjackist.com,com.id5l777.ntla197,fon.bet,fonbet.ru,gameqqx.com,games24x7.com,gatesofolympus.com,googll.store,id.mpl.live,lattfolloweaken.com,ligastavok.ru,mintegral.com,mt.dhgygw.top,mt.hug8e.top,olimp.bet,pari.ru,play.zhsta.com",21,4,17,pari.ru|5f6413c9612b1a0015099993|RU; mintegral.com|60bdc983a982ad0017edb6f7|RU; ligastavok.ru|5f6413c9612b1a0015099993|RU,4.2822,8889.5341,21416.8646,30306.3987,0.00048171,10.3168
Bluetile Games,64803209bfd9aa0011593484,EMEA,Tori Edwards,Dominoes Masters,66166d8dc0c070078a977c88,com.playvalve.dominoes,801.3498,41,"a23.com,a23poker.com,bc91231.com,bet.batery.in.twa,blackjackist.com,casino.draftkings.com,com.id5l777.ntla197,draftkings.com,fanaticsinc.com,fanduel.com,fon.bet,fonbet.ru,gameqqx.com,games24x7.com,gatesofolympus.com,googll.store,hardrock.bet,id.mpl.live,lattfolloweaken.com,ligastavok.ru",34,12,22,casino.draftkings.com|5f6413c9612b1a0015099993|CA; pari.ru|5f6413c9612b1a0015099993|RU; draftkings.com|602442ef9f0893001526406b|US,11.7377,43679.5822,36711.7124,80391.2946,0.00026872,9.8653
Mattel163 Limited,5b0fc58f19829714e5ad0d2f,APAC,Aria Gao,UNO!™,5b14f1027ea39141340a6ada,1344700142,2895.2487,41,"a23.com,a23poker.com,bc91231.com,bet.batery.in.twa,blackjackist.com,casino.draftkings.com,com.id5l777.ntla197,draftkings.com,fanaticsinc.com,fanduel.com,fon.bet,fonbet.ru,gameqqx.com,games24x7.com,gatesofolympus.com,googll.store,hardrock.bet,id.mpl.live,lattfolloweaken.com,ligastavok.ru",34,12,22,casino.draftkings.com|5f6413c9612b1a0015099993|CA; pari.ru|5f6413c9612b1a0015099993|RU; draftkings.com|602442ef9f0893001526406b|US,10.9657,43679.5822,36711.7124,80391.2946,0.00025105,9.2164
OAKEVER GAMES PTE LTD,5b975fcedc73276356309362,APAC,Aria Gao,Sudoku,5d778a8a04e89100182b2aaa,1442749804,1997.8248,33,"a23.com,a23poker.com,bc91231.com,blackjackist.com,com.id5l777.ntla197,fon.bet,fonbet.ru,gameqqx.com,games24x7.com,gatesofolympus.com,googll.store,id.mpl.live,lattfolloweaken.com,ligastavok.ru,mintegral.com,mt.dhgygw.top,mt.hug8e.top,olimp.bet,pari.ru,play.zhsta.com",21,4,17,pari.ru|5f6413c9612b1a0015099993|RU; mintegral.com|60bdc983a982ad0017edb6f7|RU; ligastavok.ru|5f6413c9612b1a0015099993|RU,3.5669,8889.5341,21416.8646,30306.3987,0.00040125,8.5935
Badoo,5aafdd4a0520357fabf54aa6,EMEA,Beth Taylor-Lowen,Badoo - Free Chat & Dating App,5ae1d7c5cf3ad762761bbca1,com.badoo.mobile,7615.9672,39,"a23.com,a23poker.com,bc91231.com,blackjackist.com,casino.draftkings.com,com.id5l777.ntla197,draftkings.com,fanduel.com,fon.bet,fonbet.ru,gameqqx.com,games24x7.com,gatesofolympus.com,googll.store,hardrock.bet,id.mpl.live,lattfolloweaken.com,ligastavok.ru,mintegral.com,mt.dhgygw.top",33,15,18,pari.ru|5f6413c9612b1a0015099993|RU; mintegral.com|60bdc983a982ad0017edb6f7|RU; ligastavok.ru|5f6413c9612b1a0015099993|RU,21.3294,55264.4224,22110.932,77375.3544,0.00038595,8.5338
Bluetile Games,64803209bfd9aa0011593484,EMEA,Tori Edwards,Yatzy - Dice Game,649eeab39018de0fbec588f6,1602149052,506.2068,41,"a23.com,a23poker.com,bc91231.com,bet.batery.in.twa,blackjackist.com,casino.draftkings.com,com.id5l777.ntla197,draftkings.com,fanaticsinc.com,fanduel.com,fon.bet,fonbet.ru,gameqqx.com,games24x7.com,gatesofolympus.com,googll.store,hardrock.bet,id.mpl.live,lattfolloweaken.com,ligastavok.ru",34,12,22,casino.draftkings.com|5f6413c9612b1a0015099993|CA; pari.ru|5f6413c9612b1a0015099993|RU; draftkings.com|602442ef9f0893001526406b|US,9.9689,43679.5822,36711.7124,80391.2946,0.00022823,8.3786
OAKEVER GAMES PTE LTD,5b975fcedc73276356309362,APAC,Aria Gao,QBlock iOS,5dbbcb0a073003001420bd62,1466197423,977.8359,33,"a23.com,a23poker.com,bc91231.com,blackjackist.com,com.id5l777.ntla197,fon.bet,fonbet.ru,gameqqx.com,games24x7.com,gatesofolympus.com,googll.store,id.mpl.live,lattfolloweaken.com,ligastavok.ru,mintegral.com,mt.dhgygw.top,mt.hug8e.top,olimp.bet,pari.ru,play.zhsta.com",21,4,17,pari.ru|5f6413c9612b1a0015099993|RU; mintegral.com|60bdc983a982ad0017edb6f7|RU; ligastavok.ru|5f6413c9612b1a0015099993|RU,3.3623,8889.5341,21416.8646,30306.3987,0.00037823,8.1005
Skywork AI PTELTD,67c01767cc8ae200116e5d00,APAC,Ronald Long,dramawave-安卓,67c0237dee9356aafba1ccdb,com.dramawave.app,23919.9714,2,"casino.draftkings.com,draftkings.com",8,6,2,draftkings.com|5bc0e10e25c7d7796ebe8fc0|US; draftkings.com|5bc0e10e25c7d7796ebe8fc0|CA,175.6598,38315.7074,1753.8955,40069.6029,0.00458454,8.0408
HIGAME Jsc,62664065ca13b50011fb00a2,APAC,Nam Trinh,Milk Tea iDrink Joke,666979901c5137fed0edf34e,6444123306,1551.55,3,"casino.draftkings.com,draftkings.com,sportsbook.draftkings.com",9,2,7,casino.draftkings.com|5f6413c9612b1a0015099993|CA; draftkings.com|602442ef9f0893001526406b|US; sportsbook.draftkings.com|5bc0e10e25c7d7796ebe8fc0|US,8.4468,23714.927,19903.8823,43618.8093,0.00035618,7.0894
FARSUN PTE LTD,66aafef7514c00001147c0c9,APAC,Harper Zhang,FlickReels,66ac9c873343191babdad3e8,com.zyhwplatform.shortplay,1012.3075,2,"casino.draftkings.com,draftkings.com",8,4,4,draftkings.com|602442ef9f0893001526406b|US; casino.draftkings.com|602442ef9f0893001526406b|US; draftkings.com|5bc0e10e25c7d7796ebe8fc0|US,32.1061,33145.3165,6924.2864,40069.6029,0.00096865,6.7072
X-FLOW LTD,5b1526a7de961d3317b1d475,EMEA,Kseniia Fesenko,Happy Color iOS (NEW),603cf6d080c4a228357168ea,1407852246,13623.4338,3,"casino.draftkings.com,draftkings.com,sportsbook.draftkings.com",9,6,3,sportsbook.draftkings.com|5bc0e10e25c7d7796ebe8fc0|US; draftkings.com|5bc0e10e25c7d7796ebe8fc0|US; draftkings.com|5bc0e10e25c7d7796ebe8fc0|CA,40.5245,38315.7074,5303.1019,43618.8093,0.00105765,5.6088
Scopely,561e8d966b8d90f61a003414,Americas,Natalie Kenyon,Wheel of Fortune - iOS,579c0497be7334703a000072,898040123,657.6067,7,"casino.draftkings.com,draftkings.com,fanaticsinc.com,fanduel.com,hardrock.bet,sportsbook.draftkings.com,underdogfantasy.com",13,10,3,draftkings.com|602442ef9f0893001526406b|US; casino.draftkings.com|602442ef9f0893001526406b|US; hardrock.bet|60770b778d0e4a0015f20ea9|US,41.2909,44220.4376,5864.4583,50084.8959,0.00093375,5.4759
Skywork AI PTELTD,67c01767cc8ae200116e5d00,APAC,Ronald Long,dramawave-ios,67c03741d4e1c44a52e449cd,6670430706,16274.9318,6,"casino.draftkings.com,draftkings.com,fanduel.com,hardrock.bet,sportsbook.draftkings.com,underdogfantasy.com",12,11,1,hardrock.bet|60770b778d0e4a0015f20ea9|US,364.7309,46374.8883,694.0674,47068.9557,0.00786484,5.4587
Aged Studio Limited,5fc7301f7a7f0200153979c7,APAC,Seven Tu,Aged_Solitaire_IOS,65a909094b4b5121d92d9993,1482887935,943.5261,6,"casino.draftkings.com,draftkings.com,fanduel.com,hardrock.bet,sportsbook.draftkings.com,underdogfantasy.com",12,9,3,draftkings.com|602442ef9f0893001526406b|US; casino.draftkings.com|602442ef9f0893001526406b|US; hardrock.bet|60770b778d0e4a0015f20ea9|US,36.4558,41204.4974,5864.4583,47068.9557,0.00088475,5.1886
OAKEVER GAMES PTE LTD,5b975fcedc73276356309362,APAC,Aria Gao,Solitaire Android,5e0b2841a36fdd0017617ba5,beetles.puzzle.solitaire,629.7253,33,"a23.com,a23poker.com,bc91231.com,blackjackist.com,com.id5l777.ntla197,fon.bet,fonbet.ru,gameqqx.com,games24x7.com,gatesofolympus.com,googll.store,id.mpl.live,lattfolloweaken.com,ligastavok.ru,mintegral.com,mt.dhgygw.top,mt.hug8e.top,olimp.bet,pari.ru,play.zhsta.com",21,4,17,pari.ru|5f6413c9612b1a0015099993|RU; mintegral.com|60bdc983a982ad0017edb6f7|RU; ligastavok.ru|5f6413c9612b1a0015099993|RU,2.0115,8889.5341,21416.8646,30306.3987,0.00022628,4.8462
Voodoo,56d55c72562b9c353800000d,EMEA,Hadil Salameh,Epic Plane Evolution,66b0c2e2e33c9a548741f773,6504122823,936.4398,7,"casino.draftkings.com,draftkings.com,fanaticsinc.com,fanduel.com,hardrock.bet,sportsbook.draftkings.com,underdogfantasy.com",13,10,3,draftkings.com|602442ef9f0893001526406b|US; casino.draftkings.com|602442ef9f0893001526406b|US; hardrock.bet|60770b778d0e4a0015f20ea9|US,29.643,44220.4376,5864.4583,50084.8959,0.00067035,3.9312
ToGather Fun Limited,634d301fa3774b001b7c0dbc,APAC,Harper Zhang,Screw Sort Puzzle,6667a74988cc429f2d801763,6499293031,1193.3197,39,"a23.com,a23poker.com,bc91231.com,blackjackist.com,casino.draftkings.com,com.id5l777.ntla197,draftkings.com,fanaticsinc.com,fon.bet,fonbet.ru,gameqqx.com,games24x7.com,gatesofolympus.com,googll.store,id.mpl.live,lattfolloweaken.com,ligastavok.ru,mintegral.com,mt.dhgygw.top,mt.hug8e.top",35,11,24,papayagaming.com|5fbc06efdcdfdb0015dda411|US; pari.ru|5f6413c9612b1a0015099993|RU; draftkings.com|602442ef9f0893001526406b|US,5.0957,50460.1472,37594.0291,88054.1763,0.00010098,3.7964
Gamebasics BV,561e8d936b8d90f61a000c29,,Sales Ops,Online Soccer Manager - iOS,6130d1b1e4bcd916bfa188d5,400201466,564.0222,39,"a23.com,a23poker.com,bc91231.com,blackjackist.com,casino.draftkings.com,com.id5l777.ntla197,draftkings.com,fanaticsinc.com,fon.bet,fonbet.ru,gameqqx.com,games24x7.com,gatesofolympus.com,googll.store,id.mpl.live,lattfolloweaken.com,ligastavok.ru,mintegral.com,mt.dhgygw.top,mt.hug8e.top",35,11,24,papayagaming.com|5fbc06efdcdfdb0015dda411|US; pari.ru|5f6413c9612b1a0015099993|RU; draftkings.com|602442ef9f0893001526406b|US,5.0294,50460.1472,37594.0291,88054.1763,9.967e-05,3.747
Voodoo,56d55c72562b9c353800000d,EMEA,Hadil Salameh,Aquapark.io,5cd9793d9ccc2b0012438b7c,1453989822,710.5107,7,"casino.draftkings.com,draftkings.com,fanaticsinc.com,fanduel.com,hardrock.bet,sportsbook.draftkings.com,underdogfantasy.com",13,10,3,draftkings.com|602442ef9f0893001526406b|US; casino.draftkings.com|602442ef9f0893001526406b|US; hardrock.bet|60770b778d0e4a0015f20ea9|US,25.9841,44220.4376,5864.4583,50084.8959,0.0005876,3.446
OAKEVER GAMES PTE LTD,5b975fcedc73276356309362,APAC,Aria Gao,Zen Color  iOS,62f47a1d8a0eaaba3f3b6e30,1557392270,3666.1163,33,"a23.com,a23poker.com,bc91231.com,blackjackist.com,com.id5l777.ntla197,fon.bet,fonbet.ru,gameqqx.com,games24x7.com,gatesofolympus.com,googll.store,id.mpl.live,lattfolloweaken.com,ligastavok.ru,mintegral.com,mt.dhgygw.top,mt.hug8e.top,olimp.bet,pari.ru,play.zhsta.com",21,4,17,pari.ru|5f6413c9612b1a0015099993|RU; mintegral.com|60bdc983a982ad0017edb6f7|RU; ligastavok.ru|5f6413c9612b1a0015099993|RU,1.4132,8889.5341,21416.8646,30306.3987,0.00015897,3.4047
FARSUN PTE LTD,66aafef7514c00001147c0c9,APAC,Harper Zhang,FlickReels,66ab1f501ea687af3dc00e4e,6514312894,893.8792,6,"casino.draftkings.com,draftkings.com,fanduel.com,hardrock.bet,sportsbook.draftkings.com,underdogfantasy.com",12,9,3,draftkings.com|602442ef9f0893001526406b|US; casino.draftkings.com|602442ef9f0893001526406b|US; hardrock.bet|60770b778d0e4a0015f20ea9|US,23.7247,41204.4974,5864.4583,47068.9557,0.00057578,3.3766
Playsimple Games,568b8cb3bb2089a80600000a,Americas,Rutvij Jadav,Word Search Explorer,625d3d93b090bdfbd3c527c0,in.playsimple.wordsearch,1639.7783,7,"casino.draftkings.com,draftkings.com,fanaticsinc.com,fanduel.com,hardrock.bet,sportsbook.draftkings.com,underdogfantasy.com",13,10,3,draftkings.com|602442ef9f0893001526406b|US; casino.draftkings.com|602442ef9f0893001526406b|US; hardrock.bet|60770b778d0e4a0015f20ea9|US,25.1237,44220.4376,5864.4583,50084.8959,0.00056815,3.3319
Dots,561e8d976b8d90f61a004735,EMEA,Louis Wallworth,Twodots iOS,5b7c5bff274f5b2f7bc47219,880178264,1147.9624,41,"a23.com,a23poker.com,bc91231.com,bet.batery.in.twa,blackjackist.com,casino.draftkings.com,com.id5l777.ntla197,draftkings.com,fanaticsinc.com,fanduel.com,fon.bet,fonbet.ru,gameqqx.com,games24x7.com,gatesofolympus.com,googll.store,hardrock.bet,id.mpl.live,lattfolloweaken.com,ligastavok.ru",34,12,22,casino.draftkings.com|5f6413c9612b1a0015099993|CA; pari.ru|5f6413c9612b1a0015099993|RU; draftkings.com|602442ef9f0893001526406b|US,3.8349,43679.5822,36711.7124,80391.2946,8.78e-05,3.2231
Scopely,561e8d966b8d90f61a003414,Americas,Natalie Kenyon,New YAHTZEE® With Buddies – Fun Game for Friends,591539d970abb44126000394,com.scopely.yux,649.5941,7,"casino.draftkings.com,draftkings.com,fanaticsinc.com,fanduel.com,hardrock.bet,sportsbook.draftkings.com,underdogfantasy.com",13,10,3,draftkings.com|602442ef9f0893001526406b|US; casino.draftkings.com|602442ef9f0893001526406b|US; hardrock.bet|60770b778d0e4a0015f20ea9|US,23.8124,44220.4376,5864.4583,50084.8959,0.00053849,3.158
Voodoo,56d55c72562b9c353800000d,EMEA,Hadil Salameh,Mob Control Android,609a8393c5d1524132e8e288,com.vincentb.MobControl,2536.2485,8,"casino.draftkings.com,draftkings.com,fanaticsinc.com,fanduel.com,hardrock.bet,sportsbook.draftkings.com,tiktok.com,underdogfantasy.com",52,31,21,tiktok.com|5e89fcef428f870016d9e994|TH; tiktok.com|5f6413c9612b1a0015099993|ZA; tiktok.com|5f6413c9612b1a0015099993|TR,29.432,220679.9492,23531.9964,244211.9456,0.00013337,3.1385
SYBO Games,5c52bd6ffbeb402419bef87d,EMEA,Louis Wallworth,Subway Surfers (Non-COPPA),5e4e66ea60ce6a001791d156,512939461,4182.4116,41,"a23.com,a23poker.com,bc91231.com,bet.batery.in.twa,blackjackist.com,casino.draftkings.com,com.id5l777.ntla197,draftkings.com,fanaticsinc.com,fanduel.com,fon.bet,fonbet.ru,gameqqx.com,games24x7.com,gatesofolympus.com,googll.store,hardrock.bet,id.mpl.live,lattfolloweaken.com,ligastavok.ru",34,12,22,casino.draftkings.com|5f6413c9612b1a0015099993|CA; pari.ru|5f6413c9612b1a0015099993|RU; draftkings.com|602442ef9f0893001526406b|US,3.4535,43679.5822,36711.7124,80391.2946,7.906e-05,2.9026
Easybrain Ltd,57d1b461ae2b57d903000027,EMEA,Dina Eraksan,Nonogram Android,5d406c47cf18f200178643cf,com.easybrain.nonogram,1897.2346,37,"a23.com,a23poker.com,bc91231.com,blackjackist.com,casino.draftkings.com,com.id5l777.ntla197,draftkings.com,fanaticsinc.com,fon.bet,fonbet.ru,gameqqx.com,games24x7.com,gatesofolympus.com,googll.store,id.mpl.live,lattfolloweaken.com,ligastavok.ru,mintegral.com,mt.dhgygw.top,mt.hug8e.top",31,9,22,casino.draftkings.com|5f6413c9612b1a0015099993|CA; pari.ru|5f6413c9612b1a0015099993|RU; draftkings.com|602442ef9f0893001526406b|US,3.1175,40375.7506,36565.3976,76941.1482,7.721e-05,2.8233
Playsimple Games,568b8cb3bb2089a80600000a,Americas,Rutvij Jadav,Daily Themed Crossword - A Fun crossword Android,5af5545d8e03cf7acee13a66,in.crossy.daily_crossword,926.4727,7,"casino.draftkings.com,draftkings.com,fanaticsinc.com,fanduel.com,hardrock.bet,sportsbook.draftkings.com,underdogfantasy.com",13,10,3,draftkings.com|602442ef9f0893001526406b|US; casino.draftkings.com|602442ef9f0893001526406b|US; hardrock.bet|60770b778d0e4a0015f20ea9|US,19.8102,44220.4376,5864.4583,50084.8959,0.00044799,2.6272
OfferUp,650360eb0950ee00114dc484,Americas,Kasey Geist,OfferUp Android,6503642f5551fd9849db7a23,com.offerup,6082.1009,6,"casino.draftkings.com,draftkings.com,fanduel.com,hardrock.bet,sportsbook.draftkings.com,underdogfantasy.com",12,11,1,hardrock.bet|60770b778d0e4a0015f20ea9|US,148.2015,46374.8883,694.0674,47068.9557,0.00319573,2.2181
Mattel163 Limited,5b0fc58f19829714e5ad0d2f,APAC,Aria Gao,UNO!™,5b14f1387ea39141340a6d68,com.matteljv.uno,1202.5102,37,"a23.com,a23poker.com,bc91231.com,blackjackist.com,casino.draftkings.com,com.id5l777.ntla197,draftkings.com,fanaticsinc.com,fon.bet,fonbet.ru,gameqqx.com,games24x7.com,gatesofolympus.com,googll.store,id.mpl.live,lattfolloweaken.com,ligastavok.ru,mintegral.com,mt.dhgygw.top,mt.hug8e.top",31,9,22,casino.draftkings.com|5f6413c9612b1a0015099993|CA; pari.ru|5f6413c9612b1a0015099993|RU; draftkings.com|602442ef9f0893001526406b|US,1.9017,40375.7506,36565.3976,76941.1482,4.71e-05,1.7222
Skywork AI PTELTD,67c01767cc8ae200116e5d00,APAC,Ronald Long,FreeReels-iOS,6970c7fe73c0a231fff79cc7,6738081517,3320.4948,2,"casino.draftkings.com,draftkings.com",8,6,2,draftkings.com|5bc0e10e25c7d7796ebe8fc0|US; draftkings.com|5bc0e10e25c7d7796ebe8fc0|CA,37.1674,38315.7074,1753.8955,40069.6029,0.00097003,1.7013
Voodoo,56d55c72562b9c353800000d,EMEA,Hadil Salameh,Marble Sort!,693161fe713ec82bbfc4b736,com.microdose.balljam,1241.7543,1,tiktok.com,39,19,20,tiktok.com|5e89fcef428f870016d9e994|TH; tiktok.com|5f6413c9612b1a0015099993|ZA; tiktok.com|5f6413c9612b1a0015099993|TR,12.6244,171289.1207,22837.929,194127.0497,7.37e-05,1.6832
SYBO Games,5c52bd6ffbeb402419bef87d,EMEA,Louis Wallworth,Subway Surfers (Non-COPPA),5e4e6838246d020018f1e653,com.kiloo.subwaysurf,2143.2636,37,"a23.com,a23poker.com,bc91231.com,blackjackist.com,casino.draftkings.com,com.id5l777.ntla197,draftkings.com,fanaticsinc.com,fon.bet,fonbet.ru,gameqqx.com,games24x7.com,gatesofolympus.com,googll.store,id.mpl.live,lattfolloweaken.com,ligastavok.ru,mintegral.com,mt.dhgygw.top,mt.hug8e.top",31,9,22,casino.draftkings.com|5f6413c9612b1a0015099993|CA; pari.ru|5f6413c9612b1a0015099993|RU; draftkings.com|602442ef9f0893001526406b|US,1.8076,40375.7506,36565.3976,76941.1482,4.477e-05,1.637
Neron\'s Brother Sàrl,610a97385335b40017097b19,,Sales Ops,Supreme Duelist Stickman,610a9babaf13cf5a53374730,com.Neurononfire.SupremeDuelist,752.1409,33,"a23.com,a23poker.com,bc91231.com,blackjackist.com,com.id5l777.ntla197,fon.bet,fonbet.ru,gameqqx.com,games24x7.com,gatesofolympus.com,googll.store,id.mpl.live,lattfolloweaken.com,ligastavok.ru,mintegral.com,mt.dhgygw.top,mt.hug8e.top,olimp.bet,pari.ru,play.zhsta.com",21,4,17,pari.ru|5f6413c9612b1a0015099993|RU; mintegral.com|60bdc983a982ad0017edb6f7|RU; ligastavok.ru|5f6413c9612b1a0015099993|RU,0.5427,8889.5341,21416.8646,30306.3987,6.105e-05,1.3075
WeWard,5dcc0df6a4305a00173b9cf8,EMEA,Tori Edwards,WeWard,5dcc0ea50f531500173bd7c7,1454213029,1546.0387,6,"casino.draftkings.com,draftkings.com,fanduel.com,hardrock.bet,sportsbook.draftkings.com,underdogfantasy.com",12,11,1,hardrock.bet|60770b778d0e4a0015f20ea9|US,83.9944,46374.8883,694.0674,47068.9557,0.0018112,1.2571
Veraxen Ltd,561e8d936b8d90f61a00134a,EMEA,Kseniia Fesenko,Jigsaw Collection HD,524ad17f92fcd29365000006,642831690,1626.5089,39,"a23.com,a23poker.com,bc91231.com,blackjackist.com,casino.draftkings.com,com.id5l777.ntla197,draftkings.com,fanaticsinc.com,fon.bet,fonbet.ru,gameqqx.com,games24x7.com,gatesofolympus.com,googll.store,id.mpl.live,lattfolloweaken.com,ligastavok.ru,mintegral.com,mt.dhgygw.top,mt.hug8e.top",35,11,24,papayagaming.com|5fbc06efdcdfdb0015dda411|US; pari.ru|5f6413c9612b1a0015099993|RU; draftkings.com|602442ef9f0893001526406b|US,1.6705,50460.1472,37594.0291,88054.1763,3.311e-05,1.2446
Playsimple Games,568b8cb3bb2089a80600000a,Americas,Rutvij Jadav,Crossword Explorer,61fbd43bbb5dc5ef7a216388,1512407890,534.354,7,"casino.draftkings.com,draftkings.com,fanaticsinc.com,fanduel.com,hardrock.bet,sportsbook.draftkings.com,underdogfantasy.com",13,10,3,draftkings.com|602442ef9f0893001526406b|US; casino.draftkings.com|602442ef9f0893001526406b|US; hardrock.bet|60770b778d0e4a0015f20ea9|US,9.1593,44220.4376,5864.4583,50084.8959,0.00020713,1.2147
Severex,57c05f735b2bd4fa24000030,,Sales Ops,figgerits,63246d89d3a73abffd99d98b,1636821805,595.6902,39,"a23.com,a23poker.com,bc91231.com,blackjackist.com,casino.draftkings.com,com.id5l777.ntla197,draftkings.com,fanaticsinc.com,fon.bet,fonbet.ru,gameqqx.com,games24x7.com,gatesofolympus.com,googll.store,id.mpl.live,lattfolloweaken.com,ligastavok.ru,mintegral.com,mt.dhgygw.top,mt.hug8e.top",35,11,24,papayagaming.com|5fbc06efdcdfdb0015dda411|US; pari.ru|5f6413c9612b1a0015099993|RU; draftkings.com|602442ef9f0893001526406b|US,1.5279,50460.1472,37594.0291,88054.1763,3.028e-05,1.1383
Voodoo,56d55c72562b9c353800000d,EMEA,Hadil Salameh,Flappy Dunk,5950d4eef493bbec54002184,1235581326,901.4023,3,"casino.draftkings.com,draftkings.com,fanaticsinc.com",9,5,4,draftkings.com|602442ef9f0893001526406b|US; casino.draftkings.com|602442ef9f0893001526406b|US; draftkings.com|5bc0e10e25c7d7796ebe8fc0|US,5.8696,36161.2567,6924.2864,43085.5431,0.00016232,1.1239
SuperSonic Studios,5e3692d21cd3cb0018dd4329,EMEA,Beth Taylor-Lowen,Going Balls,5fa029b49f4c0275a7cf1372,1499081620,771.2801,36,"a23.com,a23poker.com,bc91231.com,blackjackist.com,casino.draftkings.com,com.id5l777.ntla197,draftkings.com,fanaticsinc.com,fon.bet,fonbet.ru,gameqqx.com,games24x7.com,gatesofolympus.com,googll.store,id.mpl.live,lattfolloweaken.com,ligastavok.ru,mintegral.com,mt.dhgygw.top,mt.hug8e.top",30,9,21,pari.ru|5f6413c9612b1a0015099993|RU; draftkings.com|602442ef9f0893001526406b|US; mintegral.com|60bdc983a982ad0017edb6f7|RU,1.7798,45050.7908,28341.151,73391.9418,3.951e-05,1.1197
PhotoCircle Inc.,602ad40427689c0015fb2d9e,EMEA,Louis Wallworth,PhotoCircle,6035b4c3019023aabed66830,517539894,1474.4478,6,"casino.draftkings.com,draftkings.com,fanduel.com,hardrock.bet,sportsbook.draftkings.com,underdogfantasy.com",12,11,1,hardrock.bet|60770b778d0e4a0015f20ea9|US,62.5448,46374.8883,694.0674,47068.9557,0.00134868,0.9361
Easybrain Ltd,57d1b461ae2b57d903000027,EMEA,Dina Eraksan,Sudoku - Classic Logic Puzzle Game,59d39cbfef6627a809002d5b,com.easybrain.sudoku.android,4265.0582,40,"a23.com,a23poker.com,bc91231.com,blackjackist.com,casino.draftkings.com,com.id5l777.ntla197,draftkings.com,fanaticsinc.com,fanduel.com,fon.bet,fonbet.ru,gameqqx.com,games24x7.com,gatesofolympus.com,googll.store,hardrock.bet,id.mpl.live,lattfolloweaken.com,ligastavok.ru,mintegral.com",34,14,20,pari.ru|5f6413c9612b1a0015099993|RU; draftkings.com|602442ef9f0893001526406b|US; mintegral.com|60bdc983a982ad0017edb6f7|RU,1.2919,53109.9717,27281.3229,80391.2946,2.432e-05,0.6636
SmartNews,67d0848db62d6b0011ccb35e,Americas,Lisa Tolentino,SmartNews iOS,67d272dadc73e19db732c198,579581125,13606.7959,5,"casino.draftkings.com,draftkings.com,kalshi.com,sportsbook.draftkings.com,wsj.com",10,7,3,sportsbook.draftkings.com|5bc0e10e25c7d7796ebe8fc0|US; draftkings.com|5bc0e10e25c7d7796ebe8fc0|US; draftkings.com|5bc0e10e25c7d7796ebe8fc0|CA,5.5528,48572.9747,5303.1019,53876.0766,0.00011432,0.6062
Playsimple Games,568b8cb3bb2089a80600000a,Americas,Rutvij Jadav,Word Trip iOS,5bebfb1c4de124001080db05,1214223596,1683.7419,7,"casino.draftkings.com,draftkings.com,fanaticsinc.com,fanduel.com,hardrock.bet,sportsbook.draftkings.com,underdogfantasy.com",13,12,1,hardrock.bet|60770b778d0e4a0015f20ea9|US,40.6336,49390.8285,694.0674,50084.8959,0.0008227,0.571
Scopely,561e8d966b8d90f61a003414,Americas,Natalie Kenyon,New YAHTZEE® With Buddies,5915396ce3b1195326000413,1206967173,705.3155,3,"casino.draftkings.com,draftkings.com,fanaticsinc.com",9,5,4,draftkings.com|602442ef9f0893001526406b|US; casino.draftkings.com|602442ef9f0893001526406b|US; draftkings.com|5bc0e10e25c7d7796ebe8fc0|US,2.5858,36161.2567,6924.2864,43085.5431,7.151e-05,0.4951
Voodoo,56d55c72562b9c353800000d,EMEA,Hadil Salameh,Hole.io,5f5ba15b8b44650001cad5b7,1389111413,1588.1584,3,"casino.draftkings.com,draftkings.com,fanaticsinc.com",9,5,4,draftkings.com|602442ef9f0893001526406b|US; casino.draftkings.com|602442ef9f0893001526406b|US; draftkings.com|5bc0e10e25c7d7796ebe8fc0|US,2.5693,36161.2567,6924.2864,43085.5431,7.105e-05,0.492
Rovio,561e8d946b8d90f61a002087,EMEA,Dina Eraksan,Angry Birds 2 Android,54c63cf4a684cd593e000128,com.rovio.baba,1568.5224,3,"pinterest.com,tiktok.com,voodoo.io",42,41,1,tiktok.com|63d743303639240014ba0dd0|ID,101.6507,197188.7073,841.4057,198030.113,0.0005155,0.4337
Gametion,561e8d956b8d90f61a0026fb,Americas,Rutvij Jadav,Ludo King,57bd636e47a977322200001a,993090598,806.2307,36,"a23.com,a23poker.com,bc91231.com,blackjackist.com,casino.draftkings.com,com.id5l777.ntla197,draftkings.com,fanaticsinc.com,fon.bet,fonbet.ru,gameqqx.com,games24x7.com,gatesofolympus.com,googll.store,id.mpl.live,lattfolloweaken.com,ligastavok.ru,mintegral.com,mt.dhgygw.top,mt.hug8e.top",30,9,21,pari.ru|5f6413c9612b1a0015099993|RU; draftkings.com|602442ef9f0893001526406b|US; mintegral.com|60bdc983a982ad0017edb6f7|RU,0.6848,45050.7908,28341.151,73391.9418,1.52e-05,0.4308
Sliide,643d1561e09b08001442e672,EMEA,Beth Taylor-Lowen,T-Mobile Play,68d40d4f63e6cee0292ae24b,com.tmobile.m1,1119.1264,3,"casino.draftkings.com,draftkings.com,sportsbook.draftkings.com",9,8,1,draftkings.com|602442ef9f0893001526406b|US,4.131,39708.8198,3909.9895,43618.8093,0.00010403,0.4068
Skywork AI PTELTD,67c01767cc8ae200116e5d00,APAC,Ronald Long,FreeReels-安卓,689b0fdef369593cb0e287e9,com.freereels.app,35620.5561,2,"casino.draftkings.com,draftkings.com",8,6,2,draftkings.com|5bc0e10e25c7d7796ebe8fc0|US; draftkings.com|5bc0e10e25c7d7796ebe8fc0|CA,8.8758,38315.7074,1753.8955,40069.6029,0.00023165,0.4063
Lihuhu,5d8880f1444f7200181b5e1d,APAC,Nam Trinh,Match Triple,61405fa047e8ae6d60071605,1530876832,698.5963,37,"a23.com,a23poker.com,bc91231.com,blackjackist.com,casino.draftkings.com,com.id5l777.ntla197,draftkings.com,fanaticsinc.com,fon.bet,fonbet.ru,gameqqx.com,games24x7.com,gatesofolympus.com,googll.store,id.mpl.live,lattfolloweaken.com,ligastavok.ru,mintegral.com,mt.dhgygw.top,mt.hug8e.top",31,9,22,casino.draftkings.com|5f6413c9612b1a0015099993|CA; pari.ru|5f6413c9612b1a0015099993|RU; draftkings.com|602442ef9f0893001526406b|US,0.4479,40375.7506,36565.3976,76941.1482,1.109e-05,0.4056
Voodoo,56d55c72562b9c353800000d,EMEA,Hadil Salameh,Ball Blast,5af56c332803314ab33837f0,1383187127,829.4025,3,"casino.draftkings.com,draftkings.com,fanaticsinc.com",9,5,4,draftkings.com|602442ef9f0893001526406b|US; casino.draftkings.com|602442ef9f0893001526406b|US; draftkings.com|5bc0e10e25c7d7796ebe8fc0|US,2.0234,36161.2567,6924.2864,43085.5431,5.595e-05,0.3874
Sofa IT doo,67b5b2c077bd1c00117b9adc,EMEA,Dumitru Cazacu,Sofascore android,67b5f446390c720c73a0e3f3,com.sofascore.results,2602.8979,6,"casino.draftkings.com,draftkings.com,fanduel.com,hardrock.bet,sportsbook.draftkings.com,underdogfantasy.com",12,11,1,hardrock.bet|60770b778d0e4a0015f20ea9|US,22.0544,46374.8883,694.0674,47068.9557,0.00047557,0.3301
HITAPPS GAMES LTD,6021599b8b3e5600159fcc76,EMEA,Beth Taylor-Lowen,Connect Words Android,66101aeac0c070078a9775cf,com.hitappsgames.connectwords,665.0986,36,"a23.com,a23poker.com,bc91231.com,blackjackist.com,casino.draftkings.com,com.id5l777.ntla197,draftkings.com,fanaticsinc.com,fon.bet,fonbet.ru,gameqqx.com,games24x7.com,gatesofolympus.com,googll.store,id.mpl.live,lattfolloweaken.com,ligastavok.ru,mintegral.com,mt.dhgygw.top,mt.hug8e.top",30,9,21,pari.ru|5f6413c9612b1a0015099993|RU; draftkings.com|602442ef9f0893001526406b|US; mintegral.com|60bdc983a982ad0017edb6f7|RU,0.5001,45050.7908,28341.151,73391.9418,1.11e-05,0.3146
Scopely,561e8d966b8d90f61a003414,Americas,Natalie Kenyon,Stumble Guys,6413698f6e7664ba85e052b5,1541153375,555.163,3,"casino.draftkings.com,draftkings.com,fanaticsinc.com",9,5,4,draftkings.com|602442ef9f0893001526406b|US; casino.draftkings.com|602442ef9f0893001526406b|US; draftkings.com|5bc0e10e25c7d7796ebe8fc0|US,0.9941,36161.2567,6924.2864,43085.5431,2.749e-05,0.1904
individual,622f2440e19c1e00147fc083,,Sales Ops,Vanced,62330ef11261eebebcaf40a0,com.biomes.vanced,1729.3434,6,"casino.draftkings.com,draftkings.com,fanduel.com,hardrock.bet,sportsbook.draftkings.com,underdogfantasy.com",12,11,1,hardrock.bet|60770b778d0e4a0015f20ea9|US,11.5201,46374.8883,694.0674,47068.9557,0.00024841,0.1724
Aged Studio Limited,5fc7301f7a7f0200153979c7,APAC,Seven Tu,Aged Solitaire GP,67d553af916355d36b9391fc,com.agedstudio.card.solitaire.klondike,771.6683,2,"casino.draftkings.com,draftkings.com",8,4,4,draftkings.com|602442ef9f0893001526406b|US; casino.draftkings.com|602442ef9f0893001526406b|US; draftkings.com|5bc0e10e25c7d7796ebe8fc0|US,0.8169,33145.3165,6924.2864,40069.6029,2.465e-05,0.1707
INJOY TECHNOLOGY PTE.LTD.,5f687c6436ca1e0016d5fd6d,APAC,Seven Tu,Shareit Lite,65016fb65946c49eb49f6691,shareit.lite,559.5803,36,"a23.com,a23poker.com,bc91231.com,blackjackist.com,casino.draftkings.com,com.id5l777.ntla197,draftkings.com,fanaticsinc.com,fon.bet,fonbet.ru,gameqqx.com,games24x7.com,gatesofolympus.com,googll.store,id.mpl.live,lattfolloweaken.com,ligastavok.ru,mintegral.com,mt.dhgygw.top,mt.hug8e.top",30,9,21,pari.ru|5f6413c9612b1a0015099993|RU; draftkings.com|602442ef9f0893001526406b|US; mintegral.com|60bdc983a982ad0017edb6f7|RU,0.2384,45050.7908,28341.151,73391.9418,5.29e-06,0.15
Rovio,561e8d946b8d90f61a002087,EMEA,Dina Eraksan,Angry Birds 2 iOS,54c63cb2a684cd593e000126,880047117,4596.3811,3,"pinterest.com,tiktok.com,voodoo.io",42,41,1,tiktok.com|63d743303639240014ba0dd0|ID,23.8885,197188.7073,841.4057,198030.113,0.00012115,0.1019
Gravity Labs,677cecb33b9ea20011273987,APAC,Ives Cui,Moneywalk_iOS,677cf457a18672e70722b88f,1638253339,1417.9879,2,"casino.draftkings.com,draftkings.com",8,6,2,draftkings.com|5bc0e10e25c7d7796ebe8fc0|US; draftkings.com|5bc0e10e25c7d7796ebe8fc0|CA,1.937,38315.7074,1753.8955,40069.6029,5.055e-05,0.0887
Playsimple Games,568b8cb3bb2089a80600000a,Americas,Rutvij Jadav,Crossword Jam : Fun Brain Game,5c6bcec910122f720df1553b,1269540854,1400.6844,7,"casino.draftkings.com,draftkings.com,fanaticsinc.com,fanduel.com,hardrock.bet,sportsbook.draftkings.com,underdogfantasy.com",13,10,3,draftkings.com|602442ef9f0893001526406b|US; casino.draftkings.com|602442ef9f0893001526406b|US; hardrock.bet|60770b778d0e4a0015f20ea9|US,0.6139,44220.4376,5864.4583,50084.8959,1.388e-05,0.0814
WeWard,5dcc0df6a4305a00173b9cf8,EMEA,Tori Edwards,WeWard,5dcc118aa641b70018d331eb,com.weward,762.3143,6,"casino.draftkings.com,draftkings.com,fanduel.com,hardrock.bet,sportsbook.draftkings.com,underdogfantasy.com",12,11,1,hardrock.bet|60770b778d0e4a0015f20ea9|US,4.3919,46374.8883,694.0674,47068.9557,9.47e-05,0.0657
Rovio,561e8d946b8d90f61a002087,EMEA,Dina Eraksan,Angry Birds Friends iOS,542a4bc8e59c024d0b00009b,555936735,920.6755,3,"pinterest.com,tiktok.com,voodoo.io",42,41,1,tiktok.com|63d743303639240014ba0dd0|ID,12.7646,197188.7073,841.4057,198030.113,6.473e-05,0.0545
Easybrain Ltd,57d1b461ae2b57d903000027,EMEA,Dina Eraksan,Blockudoku GP,5dc290cf1051eb0012a6b214,com.easybrain.block.puzzle.games,2959.6395,40,"a23.com,a23poker.com,bc91231.com,blackjackist.com,casino.draftkings.com,com.id5l777.ntla197,draftkings.com,fanaticsinc.com,fanduel.com,fon.bet,fonbet.ru,gameqqx.com,games24x7.com,gatesofolympus.com,googll.store,hardrock.bet,id.mpl.live,lattfolloweaken.com,ligastavok.ru,mintegral.com",34,14,20,pari.ru|5f6413c9612b1a0015099993|RU; draftkings.com|602442ef9f0893001526406b|US; mintegral.com|60bdc983a982ad0017edb6f7|RU,0.0,53109.9717,27281.3229,80391.2946,0.0,0.0
OAKEVER GAMES PTE LTD,5b975fcedc73276356309362,APAC,Aria Gao,BVC Android,5bc875c0be31ab306a216ab2,bible.wordgame.words.connect.crossword.cookies,786.3024,33,"a23.com,a23poker.com,bc91231.com,blackjackist.com,com.id5l777.ntla197,fon.bet,fonbet.ru,gameqqx.com,games24x7.com,gatesofolympus.com,googll.store,id.mpl.live,lattfolloweaken.com,ligastavok.ru,mintegral.com,mt.dhgygw.top,mt.hug8e.top,olimp.bet,pari.ru,play.zhsta.com",21,4,17,pari.ru|5f6413c9612b1a0015099993|RU; mintegral.com|60bdc983a982ad0017edb6f7|RU; ligastavok.ru|5f6413c9612b1a0015099993|RU,0.0,8889.5341,21416.8646,30306.3987,0.0,0.0
Scopely,561e8d966b8d90f61a003414,Americas,Natalie Kenyon,Scrabble Go,59e7dc15a81a003c1700ebfe,com.pieyel.scrabble,4870.4114,5,"casino.draftkings.com,draftkings.com,fanaticsinc.com,papayagaming.com,solitairecash.com",13,7,6,papayagaming.com|5fbc06efdcdfdb0015dda411|US; draftkings.com|602442ef9f0893001526406b|US; papayagaming.com|60c86e9b217f2400175cfe6b|US,0.0,41570.6131,15605.802,57176.4151,0.0,0.0
LLC East-Games,62ea666c62b76e001b3eca4f,EMEA,Kseniia Fesenko,Tanks Blitz,62f1051ffaf12b2a7ad9a1d1,com.tanksblitz,739.3919,36,"a23.com,a23poker.com,bc91231.com,blackjackist.com,casino.draftkings.com,com.id5l777.ntla197,draftkings.com,fanaticsinc.com,fon.bet,fonbet.ru,gameqqx.com,games24x7.com,gatesofolympus.com,googll.store,id.mpl.live,lattfolloweaken.com,ligastavok.ru,mintegral.com,mt.dhgygw.top,mt.hug8e.top",30,9,21,pari.ru|5f6413c9612b1a0015099993|RU; draftkings.com|602442ef9f0893001526406b|US; mintegral.com|60bdc983a982ad0017edb6f7|RU,0.0,45050.7908,28341.151,73391.9418,0.0,0.0
Code Dish GmbH,64075f57d6da1900141e5aba,EMEA,Hadil Salameh,PiggyKingdom,65802019356fbd1f45ff6c6f,com.olleyo.piggy.king.free,732.502,3,"casino.draftkings.com,draftkings.com,sportsbook.draftkings.com",9,6,3,sportsbook.draftkings.com|5bc0e10e25c7d7796ebe8fc0|US; draftkings.com|5bc0e10e25c7d7796ebe8fc0|US; draftkings.com|5bc0e10e25c7d7796ebe8fc0|CA,0.0,38315.7074,5303.1019,43618.8093,0.0,0.0
Easybrain Ltd,57d1b461ae2b57d903000027,EMEA,Dina Eraksan,Sudoku - Classic Sudoku Puzzle Game,592fc29cc10833a4760012c6,1193508329,13380.144,41,"a23.com,a23poker.com,bc91231.com,bet.batery.in.twa,blackjackist.com,casino.draftkings.com,com.id5l777.ntla197,draftkings.com,fanaticsinc.com,fanduel.com,fon.bet,fonbet.ru,gameqqx.com,games24x7.com,gatesofolympus.com,googll.store,hardrock.bet,id.mpl.live,lattfolloweaken.com,ligastavok.ru",34,12,22,casino.draftkings.com|5f6413c9612b1a0015099993|CA; pari.ru|5f6413c9612b1a0015099993|RU; draftkings.com|602442ef9f0893001526406b|US,0.0,43679.5822,36711.7124,80391.2946,0.0,0.0
OAKEVER GAMES PTE LTD,5b975fcedc73276356309362,APAC,Aria Gao,BVC iOS,5bc876d889418b305edae87a,1342112505,821.4685,33,"a23.com,a23poker.com,bc91231.com,blackjackist.com,com.id5l777.ntla197,fon.bet,fonbet.ru,gameqqx.com,games24x7.com,gatesofolympus.com,googll.store,id.mpl.live,lattfolloweaken.com,ligastavok.ru,mintegral.com,mt.dhgygw.top,mt.hug8e.top,olimp.bet,pari.ru,play.zhsta.com",21,4,17,pari.ru|5f6413c9612b1a0015099993|RU; mintegral.com|60bdc983a982ad0017edb6f7|RU; ligastavok.ru|5f6413c9612b1a0015099993|RU,0.0,8889.5341,21416.8646,30306.3987,0.0,0.0
Gametion,561e8d956b8d90f61a0026fb,Americas,Rutvij Jadav,Ludo King,57bfce9a3ce6f97623000025,com.ludo.king,802.8256,36,"a23.com,a23poker.com,bc91231.com,blackjackist.com,casino.draftkings.com,com.id5l777.ntla197,draftkings.com,fanaticsinc.com,fon.bet,fonbet.ru,gameqqx.com,games24x7.com,gatesofolympus.com,googll.store,id.mpl.live,lattfolloweaken.com,ligastavok.ru,mintegral.com,mt.dhgygw.top,mt.hug8e.top",30,9,21,pari.ru|5f6413c9612b1a0015099993|RU; draftkings.com|602442ef9f0893001526406b|US; mintegral.com|60bdc983a982ad0017edb6f7|RU,0.0,45050.7908,28341.151,73391.9418,0.0,0.0
OAKEVER GAMES PTE LTD,5b975fcedc73276356309362,APAC,Aria Gao,Arrows GO! Android,69845ea1e6f73fe2b5840739,com.oakever.arrows,13278.6625,3,"casino.draftkings.com,draftkings.com,sportsbook.draftkings.com",9,2,7,casino.draftkings.com|5f6413c9612b1a0015099993|CA; draftkings.com|602442ef9f0893001526406b|US; sportsbook.draftkings.com|5bc0e10e25c7d7796ebe8fc0|US,0.0,23714.927,19903.8823,43618.8093,0.0,0.0
Easybrain Ltd,57d1b461ae2b57d903000027,EMEA,Dina Eraksan,Crossword Master GP,661556bb5b2dea6d39bb0063,com.easybrain.crossword.puzzles,8061.9121,41,"a23.com,a23poker.com,bc91231.com,bet.batery.in.twa,blackjackist.com,casino.draftkings.com,com.id5l777.ntla197,draftkings.com,fanaticsinc.com,fanduel.com,fon.bet,fonbet.ru,gameqqx.com,games24x7.com,gatesofolympus.com,googll.store,hardrock.bet,id.mpl.live,lattfolloweaken.com,ligastavok.ru",34,12,22,casino.draftkings.com|5f6413c9612b1a0015099993|CA; pari.ru|5f6413c9612b1a0015099993|RU; draftkings.com|602442ef9f0893001526406b|US,0.0,43679.5822,36711.7124,80391.2946,0.0,0.0
SmartNews,67d0848db62d6b0011ccb35e,Americas,Lisa Tolentino,SmartNews for docomo,69680f5935536525d31e36b2,com.nttdocomo.android.mymagazine,802.949,5,"casino.draftkings.com,draftkings.com,kalshi.com,sportsbook.draftkings.com,wsj.com",10,7,3,sportsbook.draftkings.com|5bc0e10e25c7d7796ebe8fc0|US; draftkings.com|5bc0e10e25c7d7796ebe8fc0|US; draftkings.com|5bc0e10e25c7d7796ebe8fc0|CA,0.0,48572.9747,5303.1019,53876.0766,0.0,0.0
Easybrain Ltd,57d1b461ae2b57d903000027,EMEA,Dina Eraksan,Art Puzzle GP,5f33efea7aae9f000162155d,com.easybrain.art.puzzle,4962.1386,36,"a23.com,a23poker.com,bc91231.com,blackjackist.com,casino.draftkings.com,com.id5l777.ntla197,draftkings.com,fanaticsinc.com,fon.bet,fonbet.ru,gameqqx.com,games24x7.com,gatesofolympus.com,googll.store,id.mpl.live,lattfolloweaken.com,ligastavok.ru,mintegral.com,mt.dhgygw.top,mt.hug8e.top",30,9,21,pari.ru|5f6413c9612b1a0015099993|RU; draftkings.com|602442ef9f0893001526406b|US; mintegral.com|60bdc983a982ad0017edb6f7|RU,0.0,45050.7908,28341.151,73391.9418,0.0,0.0
FALCON GLOBAL LTD.,5a57133a3610bbb671016ff3,APAC,Nam Trinh,Goods Sorting: Match 3 Puzzle iOS PM_1945,661898f2c0c070078a977fb4,6482849843,6385.6497,3,"casino.draftkings.com,draftkings.com,sportsbook.draftkings.com",9,2,7,casino.draftkings.com|5f6413c9612b1a0015099993|CA; draftkings.com|602442ef9f0893001526406b|US; sportsbook.draftkings.com|5bc0e10e25c7d7796ebe8fc0|US,0.0,23714.927,19903.8823,43618.8093,0.0,0.0
RobTop Games AB,6276c973f70e7c001895be79,EMEA,Louis Wallworth,Geometry Dash Lite Android,6295ff7c3987b19e74b43c3e,com.robtopx.geometryjumplite,2971.0927,3,"casino.draftkings.com,draftkings.com,sportsbook.draftkings.com",9,6,3,sportsbook.draftkings.com|5bc0e10e25c7d7796ebe8fc0|US; draftkings.com|5bc0e10e25c7d7796ebe8fc0|US; draftkings.com|5bc0e10e25c7d7796ebe8fc0|CA,0.0,38315.7074,5303.1019,43618.8093,0.0,0.0
Particle Media Inc,69379d46192ce0aadaecc874,Americas,Natalie Kenyon,NewsBreak: Local News & Alerts,69437e3201d2a42bf6087b94,1132762804,17572.2189,1,kalshi.com,1,0,1,kalshi.com|5f6413c9612b1a0015099993|US,0.0,0.0,10257.2673,10257.2673,0.0,0.0
OAKEVER GAMES PTE LTD,5b975fcedc73276356309362,APAC,Aria Gao,VitaSolitaire Android,6482e3ce2f5f1f435620fdaa,com.vitastudio.solitaire,512.6829,33,"a23.com,a23poker.com,bc91231.com,blackjackist.com,com.id5l777.ntla197,fon.bet,fonbet.ru,gameqqx.com,games24x7.com,gatesofolympus.com,googll.store,id.mpl.live,lattfolloweaken.com,ligastavok.ru,mintegral.com,mt.dhgygw.top,mt.hug8e.top,olimp.bet,pari.ru,play.zhsta.com",21,4,17,pari.ru|5f6413c9612b1a0015099993|RU; mintegral.com|60bdc983a982ad0017edb6f7|RU; ligastavok.ru|5f6413c9612b1a0015099993|RU,0.0,8889.5341,21416.8646,30306.3987,0.0,0.0
Easybrain Ltd,57d1b461ae2b57d903000027,EMEA,Dina Eraksan,Solitaire Spider GP,5ebc16f75ebede000128445b,com.easybrain.spider.solitaire,513.6172,40,"a23.com,a23poker.com,bc91231.com,blackjackist.com,casino.draftkings.com,com.id5l777.ntla197,draftkings.com,fanaticsinc.com,fanduel.com,fon.bet,fonbet.ru,gameqqx.com,games24x7.com,gatesofolympus.com,googll.store,hardrock.bet,id.mpl.live,lattfolloweaken.com,ligastavok.ru,mintegral.com",34,14,20,pari.ru|5f6413c9612b1a0015099993|RU; draftkings.com|602442ef9f0893001526406b|US; mintegral.com|60bdc983a982ad0017edb6f7|RU,0.0,53109.9717,27281.3229,80391.2946,0.0,0.0
Ketchapp,561e8d956b8d90f61a0030cf,EMEA,Hadil Salameh,Rider,590b5df4004ccfdd3b000a35,1229618961,517.3778,2,"casino.draftkings.com,draftkings.com",8,4,4,draftkings.com|602442ef9f0893001526406b|US; casino.draftkings.com|602442ef9f0893001526406b|US; draftkings.com|5bc0e10e25c7d7796ebe8fc0|US,0.0,33145.3165,6924.2864,40069.6029,0.0,0.0
Vinted,670cfa366f113e00119a799f,EMEA,Dumitru Cazacu,Vinted Android,671654af58450cca797bb25d,fr.vinted,4170.9759,3,"casino.draftkings.com,draftkings.com,fanaticsinc.com",9,5,4,draftkings.com|602442ef9f0893001526406b|US; casino.draftkings.com|602442ef9f0893001526406b|US; draftkings.com|5bc0e10e25c7d7796ebe8fc0|US,0.0,36161.2567,6924.2864,43085.5431,0.0,0.0
OAKEVER GAMES PTE LTD,5b975fcedc73276356309362,APAC,Aria Gao,PBN iOS,5bc942ec163100307b07c0bf,1420058690,559.0325,33,"a23.com,a23poker.com,bc91231.com,blackjackist.com,com.id5l777.ntla197,fon.bet,fonbet.ru,gameqqx.com,games24x7.com,gatesofolympus.com,googll.store,id.mpl.live,lattfolloweaken.com,ligastavok.ru,mintegral.com,mt.dhgygw.top,mt.hug8e.top,olimp.bet,pari.ru,play.zhsta.com",21,4,17,pari.ru|5f6413c9612b1a0015099993|RU; mintegral.com|60bdc983a982ad0017edb6f7|RU; ligastavok.ru|5f6413c9612b1a0015099993|RU,0.0,8889.5341,21416.8646,30306.3987,0.0,0.0
Easybrain Ltd,57d1b461ae2b57d903000027,EMEA,Dina Eraksan,Blockudoku IOS,5c9c7a04d13ede0012e22ff2,1452227871,4177.5385,41,"a23.com,a23poker.com,bc91231.com,bet.batery.in.twa,blackjackist.com,casino.draftkings.com,com.id5l777.ntla197,draftkings.com,fanaticsinc.com,fanduel.com,fon.bet,fonbet.ru,gameqqx.com,games24x7.com,gatesofolympus.com,googll.store,hardrock.bet,id.mpl.live,lattfolloweaken.com,ligastavok.ru",34,12,22,casino.draftkings.com|5f6413c9612b1a0015099993|CA; pari.ru|5f6413c9612b1a0015099993|RU; draftkings.com|602442ef9f0893001526406b|US,0.0,43679.5822,36711.7124,80391.2946,0.0,0.0
Easybrain Ltd,57d1b461ae2b57d903000027,EMEA,Dina Eraksan,Crossword Master IOS,66b372f5e33c9a548741ff37,6547858927,4410.9121,41,"a23.com,a23poker.com,bc91231.com,bet.batery.in.twa,blackjackist.com,casino.draftkings.com,com.id5l777.ntla197,draftkings.com,fanaticsinc.com,fanduel.com,fon.bet,fonbet.ru,gameqqx.com,games24x7.com,gatesofolympus.com,googll.store,hardrock.bet,id.mpl.live,lattfolloweaken.com,ligastavok.ru",34,12,22,casino.draftkings.com|5f6413c9612b1a0015099993|CA; pari.ru|5f6413c9612b1a0015099993|RU; draftkings.com|602442ef9f0893001526406b|US,0.0,43679.5822,36711.7124,80391.2946,0.0,0.0
RobTop Games AB,6276c973f70e7c001895be79,EMEA,Louis Wallworth,Geometry Dash Lite,6276cb2872361e0c07c98cec,698255242,3471.3525,3,"casino.draftkings.com,draftkings.com,sportsbook.draftkings.com",9,6,3,sportsbook.draftkings.com|5bc0e10e25c7d7796ebe8fc0|US; draftkings.com|5bc0e10e25c7d7796ebe8fc0|US; draftkings.com|5bc0e10e25c7d7796ebe8fc0|CA,0.0,38315.7074,5303.1019,43618.8093,0.0,0.0
Code Dish GmbH,64075f57d6da1900141e5aba,EMEA,Hadil Salameh,Tile Match - Match Puzzle Game,63b7bf0fa928816f6c42effc,com.tile.match.blockpuzzle,3248.3204,3,"casino.draftkings.com,draftkings.com,sportsbook.draftkings.com",9,6,3,sportsbook.draftkings.com|5bc0e10e25c7d7796ebe8fc0|US; draftkings.com|5bc0e10e25c7d7796ebe8fc0|US; draftkings.com|5bc0e10e25c7d7796ebe8fc0|CA,0.0,38315.7074,5303.1019,43618.8093,0.0,0.0
Playsimple Games,568b8cb3bb2089a80600000a,Americas,Rutvij Jadav,PlaySimple Cryptogram,66e16cd7d7770a6a369725c3,in.playsimple.cryptogram,614.3112,3,"casino.draftkings.com,draftkings.com,fanaticsinc.com",9,5,4,draftkings.com|602442ef9f0893001526406b|US; casino.draftkings.com|602442ef9f0893001526406b|US; draftkings.com|5bc0e10e25c7d7796ebe8fc0|US,0.0,36161.2567,6924.2864,43085.5431,0.0,0.0
OAKEVER GAMES PTE LTD,5b975fcedc73276356309362,APAC,Aria Gao,VitaSolitaire iOS,6482e37be6783160ceb11570,6446669987,615.8786,33,"a23.com,a23poker.com,bc91231.com,blackjackist.com,com.id5l777.ntla197,fon.bet,fonbet.ru,gameqqx.com,games24x7.com,gatesofolympus.com,googll.store,id.mpl.live,lattfolloweaken.com,ligastavok.ru,mintegral.com,mt.dhgygw.top,mt.hug8e.top,olimp.bet,pari.ru,play.zhsta.com",21,4,17,pari.ru|5f6413c9612b1a0015099993|RU; mintegral.com|60bdc983a982ad0017edb6f7|RU; ligastavok.ru|5f6413c9612b1a0015099993|RU,0.0,8889.5341,21416.8646,30306.3987,0.0,0.0
Dots,561e8d976b8d90f61a004735,EMEA,Louis Wallworth,Twdots Android,5b7c63748734f02f83929e90,com.weplaydots.twodotsandroid,635.4355,36,"a23.com,a23poker.com,bc91231.com,blackjackist.com,casino.draftkings.com,com.id5l777.ntla197,draftkings.com,fanaticsinc.com,fon.bet,fonbet.ru,gameqqx.com,games24x7.com,gatesofolympus.com,googll.store,id.mpl.live,lattfolloweaken.com,ligastavok.ru,mintegral.com,mt.dhgygw.top,mt.hug8e.top",30,9,21,pari.ru|5f6413c9612b1a0015099993|RU; draftkings.com|602442ef9f0893001526406b|US; mintegral.com|60bdc983a982ad0017edb6f7|RU,0.0,45050.7908,28341.151,73391.9418,0.0,0.0
LY Corporation,5efeed113191d60018f0f4e0,APAC,Ives Cui,LINE：ディズニーツムツム,623a937c155ef61249701f2b,com.linecorp.LGTMTM,3314.6047,33,"a23.com,a23poker.com,bc91231.com,blackjackist.com,com.id5l777.ntla197,fon.bet,fonbet.ru,gameqqx.com,games24x7.com,gatesofolympus.com,googll.store,id.mpl.live,lattfolloweaken.com,ligastavok.ru,mintegral.com,mt.dhgygw.top,mt.hug8e.top,olimp.bet,pari.ru,play.zhsta.com",21,4,17,pari.ru|5f6413c9612b1a0015099993|RU; mintegral.com|60bdc983a982ad0017edb6f7|RU; ligastavok.ru|5f6413c9612b1a0015099993|RU,0.0,8889.5341,21416.8646,30306.3987,0.0,0.0
Easybrain Ltd,57d1b461ae2b57d903000027,EMEA,Dina Eraksan,Jigsaw Puzzles Android,5cb99eb2e520d93f2a43c588,com.easybrain.jigsaw.puzzles,3278.9761,40,"a23.com,a23poker.com,bc91231.com,blackjackist.com,casino.draftkings.com,com.id5l777.ntla197,draftkings.com,fanaticsinc.com,fanduel.com,fon.bet,fonbet.ru,gameqqx.com,games24x7.com,gatesofolympus.com,googll.store,hardrock.bet,id.mpl.live,lattfolloweaken.com,ligastavok.ru,mintegral.com",34,14,20,pari.ru|5f6413c9612b1a0015099993|RU; draftkings.com|602442ef9f0893001526406b|US; mintegral.com|60bdc983a982ad0017edb6f7|RU,0.0,53109.9717,27281.3229,80391.2946,0.0,0.0
OAKEVER GAMES PTE LTD,5b975fcedc73276356309362,APAC,Aria Gao,Meowdoku iOS,69e0a6fab6a93be17be970f3,6761760135,15211.7956,3,"casino.draftkings.com,draftkings.com,sportsbook.draftkings.com",9,2,7,casino.draftkings.com|5f6413c9612b1a0015099993|CA; draftkings.com|602442ef9f0893001526406b|US; sportsbook.draftkings.com|5bc0e10e25c7d7796ebe8fc0|US,0.0,23714.927,19903.8823,43618.8093,0.0,0.0
LOTUM Media GmbH,561e8d936b8d90f61a0014ca,EMEA,Hadil Salameh,4 Pics 1 Word Android,515aff900964d0f21f00000e,de.lotum.whatsinthefoto.us,850.5224,3,"casino.draftkings.com,draftkings.com,sportsbook.draftkings.com",9,6,3,sportsbook.draftkings.com|5bc0e10e25c7d7796ebe8fc0|US; draftkings.com|5bc0e10e25c7d7796ebe8fc0|US; draftkings.com|5bc0e10e25c7d7796ebe8fc0|CA,0.0,38315.7074,5303.1019,43618.8093,0.0,0.0
Puzzle1Studio,5d130cdf37472100170775e1,APAC,Ives Cui,Bubble Pop Origin! Puzzle Game,5de4583d2510a20017316fb9,1487907763,679.9213,2,"casino.draftkings.com,draftkings.com",8,4,4,draftkings.com|602442ef9f0893001526406b|US; casino.draftkings.com|602442ef9f0893001526406b|US; draftkings.com|5bc0e10e25c7d7796ebe8fc0|US,0.0,33145.3165,6924.2864,40069.6029,0.0,0.0
Easybrain Ltd,57d1b461ae2b57d903000027,EMEA,Dina Eraksan,Number Sums IOS,64de05bdabb23eee2a179c21,6449427809,917.2234,40,"a23.com,a23poker.com,bc91231.com,blackjackist.com,casino.draftkings.com,com.id5l777.ntla197,draftkings.com,fanaticsinc.com,fanduel.com,fon.bet,fonbet.ru,gameqqx.com,games24x7.com,gatesofolympus.com,googll.store,hardrock.bet,id.mpl.live,lattfolloweaken.com,ligastavok.ru,mintegral.com",34,14,20,pari.ru|5f6413c9612b1a0015099993|RU; draftkings.com|602442ef9f0893001526406b|US; mintegral.com|60bdc983a982ad0017edb6f7|RU,0.0,53109.9717,27281.3229,80391.2946,0.0,0.0
X-FLOW LTD,5b1526a7de961d3317b1d475,EMEA,Kseniia Fesenko,Happy Color Android - Paint by Number,5a777f42d76bfe102f007091,com.pixel.art.coloring.color.number,7674.6411,3,"casino.draftkings.com,draftkings.com,sportsbook.draftkings.com",9,6,3,sportsbook.draftkings.com|5bc0e10e25c7d7796ebe8fc0|US; draftkings.com|5bc0e10e25c7d7796ebe8fc0|US; draftkings.com|5bc0e10e25c7d7796ebe8fc0|CA,0.0,38315.7074,5303.1019,43618.8093,0.0,0.0
Code Dish GmbH,64075f57d6da1900141e5aba,EMEA,Hadil Salameh,Tile Match - Match Puzzle Game,63ff39ab1e40c644de13073f,6444056676,1595.8747,3,"casino.draftkings.com,draftkings.com,sportsbook.draftkings.com",9,6,3,sportsbook.draftkings.com|5bc0e10e25c7d7796ebe8fc0|US; draftkings.com|5bc0e10e25c7d7796ebe8fc0|US; draftkings.com|5bc0e10e25c7d7796ebe8fc0|CA,0.0,38315.7074,5303.1019,43618.8093,0.0,0.0
OAKEVER GAMES PTE LTD,5b975fcedc73276356309362,APAC,Aria Gao,Meowdoku And,69e0a7d4b6a93be17be97116,com.oakever.meowdoku,6974.7269,3,"casino.draftkings.com,draftkings.com,sportsbook.draftkings.com",9,2,7,casino.draftkings.com|5f6413c9612b1a0015099993|CA; draftkings.com|602442ef9f0893001526406b|US; sportsbook.draftkings.com|5bc0e10e25c7d7796ebe8fc0|US,0.0,23714.927,19903.8823,43618.8093,0.0,0.0
OAKEVER GAMES PTE LTD,5b975fcedc73276356309362,APAC,Aria Gao,Jigsaw iOS,622b3099f2283d7a001c007c,1589762792,1491.7453,33,"a23.com,a23poker.com,bc91231.com,blackjackist.com,com.id5l777.ntla197,fon.bet,fonbet.ru,gameqqx.com,games24x7.com,gatesofolympus.com,googll.store,id.mpl.live,lattfolloweaken.com,ligastavok.ru,mintegral.com,mt.dhgygw.top,mt.hug8e.top,olimp.bet,pari.ru,play.zhsta.com",21,4,17,pari.ru|5f6413c9612b1a0015099993|RU; mintegral.com|60bdc983a982ad0017edb6f7|RU; ligastavok.ru|5f6413c9612b1a0015099993|RU,0.0,8889.5341,21416.8646,30306.3987,0.0,0.0
Playsimple Games,568b8cb3bb2089a80600000a,Americas,Rutvij Jadav,Crossword Jam,5c505bc01d8afc08c9a4e14e,in.playsimple.tripcross,1484.1206,7,"casino.draftkings.com,draftkings.com,fanaticsinc.com,fanduel.com,hardrock.bet,sportsbook.draftkings.com,underdogfantasy.com",13,12,1,hardrock.bet|60770b778d0e4a0015f20ea9|US,0.0,49390.8285,694.0674,50084.8959,0.0,0.0
Easybrain Ltd,57d1b461ae2b57d903000027,EMEA,Dina Eraksan,Sudoku Killer iOS,5e84a5d1ce415a000187164f,1505735640,1530.1728,36,"a23.com,a23poker.com,bc91231.com,blackjackist.com,casino.draftkings.com,com.id5l777.ntla197,draftkings.com,fanaticsinc.com,fon.bet,fonbet.ru,gameqqx.com,games24x7.com,gatesofolympus.com,googll.store,id.mpl.live,lattfolloweaken.com,ligastavok.ru,mintegral.com,mt.dhgygw.top,mt.hug8e.top",30,9,21,pari.ru|5f6413c9612b1a0015099993|RU; draftkings.com|602442ef9f0893001526406b|US; mintegral.com|60bdc983a982ad0017edb6f7|RU,0.0,45050.7908,28341.151,73391.9418,0.0,0.0
Supercell,561e8d936b8d90f61a000ade,EMEA,Hadil Salameh,Hay Day Android,52a764b09fd76a3932000008,com.supercell.hayday,5227.1361,33,"a23.com,a23poker.com,bc91231.com,blackjackist.com,com.id5l777.ntla197,fon.bet,fonbet.ru,gameqqx.com,games24x7.com,gatesofolympus.com,googll.store,id.mpl.live,lattfolloweaken.com,ligastavok.ru,mintegral.com,mt.dhgygw.top,mt.hug8e.top,olimp.bet,pari.ru,play.zhsta.com",21,4,17,pari.ru|5f6413c9612b1a0015099993|RU; mintegral.com|60bdc983a982ad0017edb6f7|RU; ligastavok.ru|5f6413c9612b1a0015099993|RU,0.0,8889.5341,21416.8646,30306.3987,0.0,0.0
Easybrain Ltd,57d1b461ae2b57d903000027,EMEA,Dina Eraksan,Art Puzzle - iOS,5ef316979c3a0300015b0a03,1519174001,2211.0834,36,"a23.com,a23poker.com,bc91231.com,blackjackist.com,casino.draftkings.com,com.id5l777.ntla197,draftkings.com,fanaticsinc.com,fon.bet,fonbet.ru,gameqqx.com,games24x7.com,gatesofolympus.com,googll.store,id.mpl.live,lattfolloweaken.com,ligastavok.ru,mintegral.com,mt.dhgygw.top,mt.hug8e.top",30,9,21,pari.ru|5f6413c9612b1a0015099993|RU; draftkings.com|602442ef9f0893001526406b|US; mintegral.com|60bdc983a982ad0017edb6f7|RU,0.0,45050.7908,28341.151,73391.9418,0.0,0.0
Mattel163 Limited,5b0fc58f19829714e5ad0d2f,APAC,Aria Gao,Phase 10 Android,5d81cc3fe412d000189dc34b,com.mattel163.phase10,1583.0986,38,"a23.com,a23poker.com,bc91231.com,blackjackist.com,casino.draftkings.com,com.id5l777.ntla197,draftkings.com,fanaticsinc.com,fon.bet,fonbet.ru,gameqqx.com,games24x7.com,gatesofolympus.com,googll.store,id.mpl.live,kalshi.com,lattfolloweaken.com,ligastavok.ru,mintegral.com,mt.dhgygw.top",32,10,22,casino.draftkings.com|5f6413c9612b1a0015099993|CA; pari.ru|5f6413c9612b1a0015099993|RU; draftkings.com|602442ef9f0893001526406b|US,0.0,50633.0179,36565.3976,87198.4155,0.0,0.0
FotMob AS,66e0182c82571e00117d2acb,EMEA,Louis Wallworth,FotMob iOS,66e0363553834547abf558a2,488575683,1584.5514,41,"a23.com,a23poker.com,bc91231.com,bet.batery.in.twa,bet.batery.in.twa-twa,blackjackist.com,casino.draftkings.com,com.id5l777.ntla197,draftkings.com,fanaticsinc.com,fon.bet,fonbet.ru,gameqqx.com,games24x7.com,gatesofolympus.com,googll.store,hardrock.bet,id.mpl.live,lattfolloweaken.com,ligastavok.ru",34,11,23,casino.draftkings.com|5f6413c9612b1a0015099993|CA; pari.ru|5f6413c9612b1a0015099993|RU; draftkings.com|602442ef9f0893001526406b|US,0.0,43131.8296,37259.465,80391.2946,0.0,0.0
Easybrain Ltd,57d1b461ae2b57d903000027,EMEA,Dina Eraksan,Pixel Art: Create by Number,5b61c1d3a5eacf3ee67a792c,com.europosit.pixelcoloring,2173.309,36,"a23.com,a23poker.com,bc91231.com,blackjackist.com,casino.draftkings.com,com.id5l777.ntla197,draftkings.com,fanaticsinc.com,fon.bet,fonbet.ru,gameqqx.com,games24x7.com,gatesofolympus.com,googll.store,id.mpl.live,lattfolloweaken.com,ligastavok.ru,mintegral.com,mt.dhgygw.top,mt.hug8e.top",30,9,21,pari.ru|5f6413c9612b1a0015099993|RU; draftkings.com|602442ef9f0893001526406b|US; mintegral.com|60bdc983a982ad0017edb6f7|RU,0.0,45050.7908,28341.151,73391.9418,0.0,0.0
Easybrain Ltd,57d1b461ae2b57d903000027,EMEA,Dina Eraksan,Easy Words IOS,66db113537f8220673f9e833,6612024746,1458.7926,40,"a23.com,a23poker.com,bc91231.com,blackjackist.com,casino.draftkings.com,com.id5l777.ntla197,draftkings.com,fanaticsinc.com,fanduel.com,fon.bet,fonbet.ru,gameqqx.com,games24x7.com,gatesofolympus.com,googll.store,hardrock.bet,id.mpl.live,lattfolloweaken.com,ligastavok.ru,mintegral.com",34,14,20,pari.ru|5f6413c9612b1a0015099993|RU; draftkings.com|602442ef9f0893001526406b|US; mintegral.com|60bdc983a982ad0017edb6f7|RU,0.0,53109.9717,27281.3229,80391.2946,0.0,0.0
Playsimple Games,568b8cb3bb2089a80600000a,Americas,Rutvij Jadav,Tile Match -Triple puzzle game,64ee188a4ca99f72ba7c5d70,in.playsimple.triple.tile.matchgame.pair.three.puzzle.object.royale,1639.763,3,"casino.draftkings.com,draftkings.com,fanaticsinc.com",9,5,4,draftkings.com|602442ef9f0893001526406b|US; casino.draftkings.com|602442ef9f0893001526406b|US; draftkings.com|5bc0e10e25c7d7796ebe8fc0|US,0.0,36161.2567,6924.2864,43085.5431,0.0,0.0
OAKEVER GAMES PTE LTD,5b975fcedc73276356309362,APAC,Aria Gao,ZenWord iOS,641bbdc51e0260737618e232,1660171117,6353.112,33,"a23.com,a23poker.com,bc91231.com,blackjackist.com,com.id5l777.ntla197,fon.bet,fonbet.ru,gameqqx.com,games24x7.com,gatesofolympus.com,googll.store,id.mpl.live,lattfolloweaken.com,ligastavok.ru,mintegral.com,mt.dhgygw.top,mt.hug8e.top,olimp.bet,pari.ru,play.zhsta.com",21,4,17,pari.ru|5f6413c9612b1a0015099993|RU; mintegral.com|60bdc983a982ad0017edb6f7|RU; ligastavok.ru|5f6413c9612b1a0015099993|RU,0.0,8889.5341,21416.8646,30306.3987,0.0,0.0
Easybrain Ltd,57d1b461ae2b57d903000027,EMEA,Dina Eraksan,Pixel Art - Color by Number,5a167dd1d0d008d90400a61d,1274972321,1640.7307,36,"a23.com,a23poker.com,bc91231.com,blackjackist.com,casino.draftkings.com,com.id5l777.ntla197,draftkings.com,fanaticsinc.com,fon.bet,fonbet.ru,gameqqx.com,games24x7.com,gatesofolympus.com,googll.store,id.mpl.live,lattfolloweaken.com,ligastavok.ru,mintegral.com,mt.dhgygw.top,mt.hug8e.top",30,9,21,pari.ru|5f6413c9612b1a0015099993|RU; draftkings.com|602442ef9f0893001526406b|US; mintegral.com|60bdc983a982ad0017edb6f7|RU,0.0,45050.7908,28341.151,73391.9418,0.0,0.0
LY Corporation,5efeed113191d60018f0f4e0,APAC,Ives Cui,LINE：ディズニーツムツム,623a9298a2335a0f5b77a0aa,724594093,1663.9521,33,"a23.com,a23poker.com,bc91231.com,blackjackist.com,com.id5l777.ntla197,fon.bet,fonbet.ru,gameqqx.com,games24x7.com,gatesofolympus.com,googll.store,id.mpl.live,lattfolloweaken.com,ligastavok.ru,mintegral.com,mt.dhgygw.top,mt.hug8e.top,olimp.bet,pari.ru,play.zhsta.com",21,4,17,pari.ru|5f6413c9612b1a0015099993|RU; mintegral.com|60bdc983a982ad0017edb6f7|RU; ligastavok.ru|5f6413c9612b1a0015099993|RU,0.0,8889.5341,21416.8646,30306.3987,0.0,0.0
LOTUM Media GmbH,561e8d936b8d90f61a0014ca,EMEA,Hadil Salameh,4 Pics 1 Word iOS,5130b34aff10712a34000051,595558452,1732.9825,3,"casino.draftkings.com,draftkings.com,sportsbook.draftkings.com",9,6,3,sportsbook.draftkings.com|5bc0e10e25c7d7796ebe8fc0|US; draftkings.com|5bc0e10e25c7d7796ebe8fc0|US; draftkings.com|5bc0e10e25c7d7796ebe8fc0|CA,0.0,38315.7074,5303.1019,43618.8093,0.0,0.0
GeoTechnologies Inc.,5f45fb2f150074001547df11,APAC,Nam Trinh,トリマ-移動するだけでポイントが貯まる,5f45ffd8256e1b0001a4189a,jp.co.incrementp.milemobile,1808.1312,3,"casino.draftkings.com,draftkings.com,fanaticsinc.com",9,5,4,draftkings.com|602442ef9f0893001526406b|US; casino.draftkings.com|602442ef9f0893001526406b|US; draftkings.com|5bc0e10e25c7d7796ebe8fc0|US,0.0,36161.2567,6924.2864,43085.5431,0.0,0.0
OAKEVER GAMES PTE LTD,5b975fcedc73276356309362,APAC,Aria Gao,Jigsawcard iOS,69154b0b1de7be35146a52bd,6754900673,2000.8595,3,"casino.draftkings.com,draftkings.com,sportsbook.draftkings.com",9,2,7,casino.draftkings.com|5f6413c9612b1a0015099993|CA; draftkings.com|602442ef9f0893001526406b|US; sportsbook.draftkings.com|5bc0e10e25c7d7796ebe8fc0|US,0.0,23714.927,19903.8823,43618.8093,0.0,0.0
Supercell,561e8d936b8d90f61a000ade,EMEA,Hadil Salameh,Hay Day IOS,50046b006d791be34e17e959,506627515,7067.9101,33,"a23.com,a23poker.com,bc91231.com,blackjackist.com,com.id5l777.ntla197,fon.bet,fonbet.ru,gameqqx.com,games24x7.com,gatesofolympus.com,googll.store,id.mpl.live,lattfolloweaken.com,ligastavok.ru,mintegral.com,mt.dhgygw.top,mt.hug8e.top,olimp.bet,pari.ru,play.zhsta.com",21,4,17,pari.ru|5f6413c9612b1a0015099993|RU; mintegral.com|60bdc983a982ad0017edb6f7|RU; ligastavok.ru|5f6413c9612b1a0015099993|RU,0.0,8889.5341,21416.8646,30306.3987,0.0,0.0
Code Dish GmbH,64075f57d6da1900141e5aba,EMEA,Hadil Salameh,Dream Island - Match 3 Games,647dbe0bb7a4c97fb3997264,com.dream.free.games.match3,2227.9975,3,"casino.draftkings.com,draftkings.com,sportsbook.draftkings.com",9,6,3,sportsbook.draftkings.com|5bc0e10e25c7d7796ebe8fc0|US; draftkings.com|5bc0e10e25c7d7796ebe8fc0|US; draftkings.com|5bc0e10e25c7d7796ebe8fc0|CA,0.0,38315.7074,5303.1019,43618.8093,0.0,0.0
Easybrain Ltd,57d1b461ae2b57d903000027,EMEA,Dina Eraksan,Backgammon iOS,63974e72c5c2a3f1faf76b37,6443484197,1306.6428,40,"a23.com,a23poker.com,bc91231.com,blackjackist.com,casino.draftkings.com,com.id5l777.ntla197,draftkings.com,fanaticsinc.com,fanduel.com,fon.bet,fonbet.ru,gameqqx.com,games24x7.com,gatesofolympus.com,googll.store,hardrock.bet,id.mpl.live,lattfolloweaken.com,ligastavok.ru,mintegral.com",34,14,20,pari.ru|5f6413c9612b1a0015099993|RU; draftkings.com|602442ef9f0893001526406b|US; mintegral.com|60bdc983a982ad0017edb6f7|RU,0.0,53109.9717,27281.3229,80391.2946,0.0,0.0
FALCON GLOBAL LTD.,5a57133a3610bbb671016ff3,APAC,Nam Trinh,Cake Sort - Color Puzzle Game IOS PM D2M,64781b96dac1393f38b604ca,6448392144,892.843,3,"casino.draftkings.com,draftkings.com,sportsbook.draftkings.com",9,2,7,casino.draftkings.com|5f6413c9612b1a0015099993|CA; draftkings.com|602442ef9f0893001526406b|US; sportsbook.draftkings.com|5bc0e10e25c7d7796ebe8fc0|US,0.0,23714.927,19903.8823,43618.8093,0.0,0.0
Playsimple Games,568b8cb3bb2089a80600000a,Americas,Rutvij Jadav,Word Search Explorer : Fun Game,63dd0e73ff93460cff697297,1602508478,2455.9444,7,"casino.draftkings.com,draftkings.com,fanaticsinc.com,fanduel.com,hardrock.bet,sportsbook.draftkings.com,underdogfantasy.com",13,12,1,hardrock.bet|60770b778d0e4a0015f20ea9|US,0.0,49390.8285,694.0674,50084.8959,0.0,0.0
SmartNews,67d0848db62d6b0011ccb35e,Americas,Lisa Tolentino,SmartNews,67d272b5dc73e19db732c193,jp.gocro.smartnews.android,2759.772,5,"casino.draftkings.com,draftkings.com,kalshi.com,sportsbook.draftkings.com,wsj.com",10,7,3,sportsbook.draftkings.com|5bc0e10e25c7d7796ebe8fc0|US; draftkings.com|5bc0e10e25c7d7796ebe8fc0|US; draftkings.com|5bc0e10e25c7d7796ebe8fc0|CA,0.0,48572.9747,5303.1019,53876.0766,0.0,0.0
Playsimple Games,568b8cb3bb2089a80600000a,Americas,Rutvij Jadav,Daily Themed Crossword - A Fun crossword iOS,5af55340bfc6be4ab9a686f0,1197354394,2756.8539,7,"casino.draftkings.com,draftkings.com,fanaticsinc.com,fanduel.com,hardrock.bet,sportsbook.draftkings.com,underdogfantasy.com",13,12,1,hardrock.bet|60770b778d0e4a0015f20ea9|US,0.0,49390.8285,694.0674,50084.8959,0.0,0.0
IEC Global Pty Ltd.,5b1f351e3eddeb10ce7fa54c,APAC,Nam Trinh,Water Sort Puzzle iOS,5f2d0c03f503650001351c59,1514542157,916.6048,3,"casino.draftkings.com,draftkings.com,sportsbook.draftkings.com",9,2,7,casino.draftkings.com|5f6413c9612b1a0015099993|CA; draftkings.com|602442ef9f0893001526406b|US; sportsbook.draftkings.com|5bc0e10e25c7d7796ebe8fc0|US,0.0,23714.927,19903.8823,43618.8093,0.0,0.0
Easybrain Ltd,57d1b461ae2b57d903000027,EMEA,Dina Eraksan,Solitaire – Classic Card Game,59c0bfe44b342c7f280015fe,1190849728,1907.0377,40,"a23.com,a23poker.com,bc91231.com,blackjackist.com,casino.draftkings.com,com.id5l777.ntla197,draftkings.com,fanaticsinc.com,fanduel.com,fon.bet,fonbet.ru,gameqqx.com,games24x7.com,gatesofolympus.com,googll.store,hardrock.bet,id.mpl.live,lattfolloweaken.com,ligastavok.ru,mintegral.com",34,14,20,pari.ru|5f6413c9612b1a0015099993|RU; draftkings.com|602442ef9f0893001526406b|US; mintegral.com|60bdc983a982ad0017edb6f7|RU,0.0,53109.9717,27281.3229,80391.2946,0.0,0.0
Easybrain Ltd,57d1b461ae2b57d903000027,EMEA,Dina Eraksan,Nonogram IOS,5c88efab1c2e1f6eb4ca10cc,1452992954,2522.3054,41,"a23.com,a23poker.com,bc91231.com,bet.batery.in.twa,blackjackist.com,casino.draftkings.com,com.id5l777.ntla197,draftkings.com,fanaticsinc.com,fanduel.com,fon.bet,fonbet.ru,gameqqx.com,games24x7.com,gatesofolympus.com,googll.store,hardrock.bet,id.mpl.live,lattfolloweaken.com,ligastavok.ru",34,12,22,casino.draftkings.com|5f6413c9612b1a0015099993|CA; pari.ru|5f6413c9612b1a0015099993|RU; draftkings.com|602442ef9f0893001526406b|US,0.0,43679.5822,36711.7124,80391.2946,0.0,0.0
GeoTechnologies Inc.,5f45fb2f150074001547df11,APAC,Nam Trinh,トリマ-移動するだけでポイントが貯まる,5f45ffa82f1f7c000130fe19,1502193377,2510.4773,3,"casino.draftkings.com,draftkings.com,fanaticsinc.com",9,5,4,draftkings.com|602442ef9f0893001526406b|US; casino.draftkings.com|602442ef9f0893001526406b|US; draftkings.com|5bc0e10e25c7d7796ebe8fc0|US,0.0,36161.2567,6924.2864,43085.5431,0.0,0.0
LY Corporation,5efeed113191d60018f0f4e0,APAC,Ives Cui,LINEウォーク,66469fc26e3e372b114a92e3,6474006815,962.5528,33,"a23.com,a23poker.com,bc91231.com,blackjackist.com,com.id5l777.ntla197,fon.bet,fonbet.ru,gameqqx.com,games24x7.com,gatesofolympus.com,googll.store,id.mpl.live,lattfolloweaken.com,ligastavok.ru,mintegral.com,mt.dhgygw.top,mt.hug8e.top,olimp.bet,pari.ru,play.zhsta.com",21,4,17,pari.ru|5f6413c9612b1a0015099993|RU; mintegral.com|60bdc983a982ad0017edb6f7|RU; ligastavok.ru|5f6413c9612b1a0015099993|RU,0.0,8889.5341,21416.8646,30306.3987,0.0,0.0
Mattel163 Limited,5b0fc58f19829714e5ad0d2f,APAC,Aria Gao,Skip-Bo Android,60891d3bc6ed3ae6ebd0cf3a,com.mattel163.skipbo,963.685,38,"a23.com,a23poker.com,bc91231.com,blackjackist.com,casino.draftkings.com,com.id5l777.ntla197,draftkings.com,fanaticsinc.com,fon.bet,fonbet.ru,gameqqx.com,games24x7.com,gatesofolympus.com,googll.store,id.mpl.live,kalshi.com,lattfolloweaken.com,ligastavok.ru,mintegral.com,mt.dhgygw.top",32,10,22,casino.draftkings.com|5f6413c9612b1a0015099993|CA; pari.ru|5f6413c9612b1a0015099993|RU; draftkings.com|602442ef9f0893001526406b|US,0.0,50633.0179,36565.3976,87198.4155,0.0,0.0
LY Corporation,5efeed113191d60018f0f4e0,APAC,Ives Cui,LINEウォーク,66469ff403a2e938b0e09a17,com.linecorp.LGWALK,984.3863,33,"a23.com,a23poker.com,bc91231.com,blackjackist.com,com.id5l777.ntla197,fon.bet,fonbet.ru,gameqqx.com,games24x7.com,gatesofolympus.com,googll.store,id.mpl.live,lattfolloweaken.com,ligastavok.ru,mintegral.com,mt.dhgygw.top,mt.hug8e.top,olimp.bet,pari.ru,play.zhsta.com",21,4,17,pari.ru|5f6413c9612b1a0015099993|RU; mintegral.com|60bdc983a982ad0017edb6f7|RU; ligastavok.ru|5f6413c9612b1a0015099993|RU,0.0,8889.5341,21416.8646,30306.3987,0.0,0.0
Easybrain Ltd,57d1b461ae2b57d903000027,EMEA,Dina Eraksan,Puzzles IOS,5a30e47b794900452500459c,1324604053,4309.4034,41,"a23.com,a23poker.com,bc91231.com,bet.batery.in.twa,blackjackist.com,casino.draftkings.com,com.id5l777.ntla197,draftkings.com,fanaticsinc.com,fanduel.com,fon.bet,fonbet.ru,gameqqx.com,games24x7.com,gatesofolympus.com,googll.store,hardrock.bet,id.mpl.live,lattfolloweaken.com,ligastavok.ru",34,12,22,casino.draftkings.com|5f6413c9612b1a0015099993|CA; pari.ru|5f6413c9612b1a0015099993|RU; draftkings.com|602442ef9f0893001526406b|US,0.0,43679.5822,36711.7124,80391.2946,0.0,0.0
Pocket Entertainment Services LLC,6315b8713c59f7001bacf8fb,Americas,Rutvij Jadav,PocketFM Android,6315b8bb85b5a14b0bbc9454,com.radio.pocketfm,2377.0222,42,"a23.com,a23poker.com,bc91231.com,bet.batery.in.twa,bet.batery.in.twa-twa,blackjackist.com,casino.draftkings.com,com.id5l777.ntla197,draftkings.com,fanaticsinc.com,fanduel.com,fon.bet,fonbet.ru,gameqqx.com,games24x7.com,gatesofolympus.com,googll.store,hardrock.bet,id.mpl.live,lattfolloweaken.com",34,12,22,casino.draftkings.com|5f6413c9612b1a0015099993|CA; pari.ru|5f6413c9612b1a0015099993|RU; draftkings.com|602442ef9f0893001526406b|US,0.0,43679.5822,36711.7124,80391.2946,0.0,0.0
Code Dish GmbH,64075f57d6da1900141e5aba,EMEA,Hadil Salameh,"Sweet Crunch - Matching, Blast Puzzle Game",6051fadcdec34f1e8a8888cc,com.cookie.match3.casual,1034.5435,3,"casino.draftkings.com,draftkings.com,sportsbook.draftkings.com",9,6,3,sportsbook.draftkings.com|5bc0e10e25c7d7796ebe8fc0|US; draftkings.com|5bc0e10e25c7d7796ebe8fc0|US; draftkings.com|5bc0e10e25c7d7796ebe8fc0|CA,0.0,38315.7074,5303.1019,43618.8093,0.0,0.0
Voodoo,56d55c72562b9c353800000d,EMEA,Hadil Salameh,Hole.io,5b2a4c2c8815f423b86d090f,io.voodoo.holeio,1045.8782,3,"casino.draftkings.com,draftkings.com,fanaticsinc.com",9,5,4,draftkings.com|602442ef9f0893001526406b|US; casino.draftkings.com|602442ef9f0893001526406b|US; draftkings.com|5bc0e10e25c7d7796ebe8fc0|US,0.0,36161.2567,6924.2864,43085.5431,0.0,0.0
Easybrain Ltd,57d1b461ae2b57d903000027,EMEA,Dina Eraksan,Number Match IOS,5fdfae0fc5d4c9ab8efa6701,1545567989,7299.1855,41,"a23.com,a23poker.com,bc91231.com,bet.batery.in.twa,blackjackist.com,casino.draftkings.com,com.id5l777.ntla197,draftkings.com,fanaticsinc.com,fanduel.com,fon.bet,fonbet.ru,gameqqx.com,games24x7.com,gatesofolympus.com,googll.store,hardrock.bet,id.mpl.live,lattfolloweaken.com,ligastavok.ru",34,12,22,casino.draftkings.com|5f6413c9612b1a0015099993|CA; pari.ru|5f6413c9612b1a0015099993|RU; draftkings.com|602442ef9f0893001526406b|US,0.0,43679.5822,36711.7124,80391.2946,0.0,0.0
Easybrain Ltd,57d1b461ae2b57d903000027,EMEA,Dina Eraksan,Hidden Spots,6672d811429c14443ac5fb6d,com.easybrain.hidden.spots,1078.6017,36,"a23.com,a23poker.com,bc91231.com,blackjackist.com,casino.draftkings.com,com.id5l777.ntla197,draftkings.com,fanaticsinc.com,fon.bet,fonbet.ru,gameqqx.com,games24x7.com,gatesofolympus.com,googll.store,id.mpl.live,lattfolloweaken.com,ligastavok.ru,mintegral.com,mt.dhgygw.top,mt.hug8e.top",30,9,21,pari.ru|5f6413c9612b1a0015099993|RU; draftkings.com|602442ef9f0893001526406b|US; mintegral.com|60bdc983a982ad0017edb6f7|RU,0.0,45050.7908,28341.151,73391.9418,0.0,0.0
Easybrain Ltd,57d1b461ae2b57d903000027,EMEA,Dina Eraksan,Easy Words GP,64f9e2ac8fb8ac04ca897cd1,com.easybrain.word.puzzle.game,2316.8434,36,"a23.com,a23poker.com,bc91231.com,blackjackist.com,casino.draftkings.com,com.id5l777.ntla197,draftkings.com,fanaticsinc.com,fon.bet,fonbet.ru,gameqqx.com,games24x7.com,gatesofolympus.com,googll.store,id.mpl.live,lattfolloweaken.com,ligastavok.ru,mintegral.com,mt.dhgygw.top,mt.hug8e.top",30,9,21,pari.ru|5f6413c9612b1a0015099993|RU; draftkings.com|602442ef9f0893001526406b|US; mintegral.com|60bdc983a982ad0017edb6f7|RU,0.0,45050.7908,28341.151,73391.9418,0.0,0.0
FALCON GLOBAL LTD.,5a57133a3610bbb671016ff3,APAC,Nam Trinh,Goods Sorting: Match 3 Puzzle PM_1945,660a20c0c5f237ebf7b4ac68,com.fc.goods.sort.matching.puzzle.triplemaster,2243.5693,3,"casino.draftkings.com,draftkings.com,sportsbook.draftkings.com",9,2,7,casino.draftkings.com|5f6413c9612b1a0015099993|CA; draftkings.com|602442ef9f0893001526406b|US; sportsbook.draftkings.com|5bc0e10e25c7d7796ebe8fc0|US,0.0,23714.927,19903.8823,43618.8093,0.0,0.0
Gravity Labs,677cecb33b9ea20011273987,APAC,Ives Cui,moneywalk_AOS,677e35a5d7a0b145879b00a7,com.tracerofficial,2237.4241,2,"casino.draftkings.com,draftkings.com",8,6,2,draftkings.com|5bc0e10e25c7d7796ebe8fc0|US; draftkings.com|5bc0e10e25c7d7796ebe8fc0|CA,0.0,38315.7074,1753.8955,40069.6029,0.0,0.0
Easybrain Ltd,57d1b461ae2b57d903000027,EMEA,Dina Eraksan,Backgammon GP,615dd65a5e0f3b245d50aa97,com.easybrain.backgammon.board.games,1609.4442,40,"a23.com,a23poker.com,bc91231.com,blackjackist.com,casino.draftkings.com,com.id5l777.ntla197,draftkings.com,fanaticsinc.com,fanduel.com,fon.bet,fonbet.ru,gameqqx.com,games24x7.com,gatesofolympus.com,googll.store,hardrock.bet,id.mpl.live,lattfolloweaken.com,ligastavok.ru,mintegral.com",34,14,20,pari.ru|5f6413c9612b1a0015099993|RU; draftkings.com|602442ef9f0893001526406b|US; mintegral.com|60bdc983a982ad0017edb6f7|RU,0.0,53109.9717,27281.3229,80391.2946,0.0,0.0
