account_id,cat_blocklist,error
67b5b2c077bd1c00117b9adc,"[""V1-1"", ""V1-2"", ""V1-4"", ""V1-5"", ""V1-9"", ""V1-10"", ""V1-11"", ""V1-12"", ""V1-13"", ""V1-14"", ""V1-6""]",
6107c3b4abaef100175b9029,"[""V1-1"", ""V1-2"", ""V1-4"", ""V1-5"", ""V1-7"", ""V1-9"", ""V1-10"", ""V1-11"", ""V1-12"", ""V1-13"", ""V1-14""]",
66e0182c82571e00117d2acb,"[""V1-13""]",
5c05196699e4374b87bda3b9,"[""V1-1"", ""V1-2"", ""V1-4"", ""V1-5"", ""V1-9"", ""V1-10"", ""V1-11"", ""V1-12"", ""V1-13"", ""V1-14"", ""V2-1"", ""V2-16"", ""V2-21""]",
5aafdd4a0520357fabf54aa6,"[""V1-1"", ""V1-2"", ""V1-4"", ""V1-5"", ""V1-7"", ""V1-9"", ""V1-10"", ""V1-11"", ""V1-12"", ""V1-13"", ""V1-14"", ""V2-16"", ""V1-6""]",
5fe2fafd6013fb0015208652,"[""V1-13"", ""V1-14""]",
67078359be02e20011a686ec,"[""V1-1"", ""V1-2"", ""V1-4"", ""V1-5"", ""V1-9"", ""V1-10"", ""V1-11"", ""V1-12"", ""V1-13"", ""V1-14""]",
680748860437920011951532,"[""V1-13"", ""V1-14"", ""V1-6""]",
664e27f28ffbbf0011f1d3b8,"[""V1-13"", ""V1-14""]",
684c3af4806ba9001147f9cd,"[""V1-4"", ""V1-13"", ""V1-6"", ""V1-9"", ""V1-14"", ""V2-11"", ""V2-16""]",
5af5b8f9e408f136156e7cae,"[""V1-1"", ""V1-2"", ""V1-4"", ""V1-5"", ""V1-9"", ""V1-10"", ""V1-11"", ""V1-12"", ""V1-13"", ""V1-14"", ""V2-2""]",
5b1526a7de961d3317b1d475,"[""V1-1"", ""V1-2"", ""V1-4"", ""V1-5"", ""V1-7"", ""V1-9"", ""V1-10"", ""V1-11"", ""V1-12"", ""V1-13"", ""V1-14"", ""V2-21"", ""V2-18"", ""V2-13"", ""V2-14"", ""V2-9"", ""V2-16"", ""V1-6""]",
56d55c72562b9c353800000d,"[""V1-1"", ""V1-2"", ""V1-4"", ""V1-5"", ""V1-9"", ""V1-10"", ""V1-11"", ""V1-12"", ""V1-13"", ""V1-14"", ""V1-7""]",
6247027c20721a0018bb6528,"[""V1-4"", ""V1-13"", ""V1-14""]",
59e4bb543f0fa9a20900afa3,"[""V1-1"", ""V1-2"", ""V1-4"", ""V1-5"", ""V1-7"", ""V1-9"", ""V1-10"", ""V1-11"", ""V1-12"", ""V1-13"", ""V1-14""]",
670cfa366f113e00119a799f,"[""V1-1"", ""V1-2"", ""V1-4"", ""V1-5"", ""V1-7"", ""V1-9"", ""V1-10"", ""V1-11"", ""V1-12"", ""V1-13"", ""V1-14"", ""V2-16"", ""V2-21"", ""V2-1"", ""V1-6"", ""V2-11""]",
6920858f3fcd392133e22a59,"[""V1-1"", ""V1-2"", ""V1-4"", ""V1-5"", ""V1-7"", ""V1-9"", ""V1-10"", ""V1-11"", ""V1-12"", ""V1-13"", ""V1-14"", ""V1-6"", ""V2-16"", ""V2-3"", ""V2-15"", ""V2-11""]",
6297c4bc012073001b3df035,"[""V1-1"", ""V1-2"", ""V1-4"", ""V1-5"", ""V1-9"", ""V1-10"", ""V1-11"", ""V1-12"", ""V1-13"", ""V1-14""]",
561e8d946b8d90f61a002087,"[""V1-1"", ""V1-2"", ""V1-4"", ""V1-5"", ""V1-7"", ""V1-9"", ""V1-10"", ""V1-11"", ""V1-12"", ""V1-13"", ""V1-14"", ""V2-21"", ""V2-16"", ""V2-11""]",
68ed0a0c4cac2a9dc3250a10,"[""V1-1"", ""V1-2"", ""V1-4"", ""V1-5"", ""V1-9"", ""V1-12"", ""V1-13"", ""V1-14"", ""V2-16"", ""V1-11"", ""V1-7"", ""V2-3"", ""V2-2""]",
6862932aaff9d800114174ac,"[""V1-1"", ""V1-2"", ""V1-4"", ""V1-5"", ""V1-7"", ""V1-9"", ""V1-10"", ""V1-11"", ""V1-12"", ""V1-13"", ""V1-14""]",
6021599b8b3e5600159fcc76,"[""V1-1"", ""V1-2"", ""V1-4"", ""V1-5"", ""V1-9"", ""V1-10"", ""V1-11"", ""V1-12"", ""V1-13"", ""V1-14""]",
561e8d936b8d90f61a000ade,"[""V1-13"", ""V1-14"", ""V1-6""]",
6570788bee73b50011dbb6f6,"[""V1-1"", ""V1-2"", ""V1-4"", ""V1-5"", ""V1-9"", ""V1-10"", ""V1-11"", ""V1-12"", ""V1-13"", ""V1-14"", ""V2-16"", ""V2-11"", ""V2-21""]",
57d1b461ae2b57d903000027,"[""V1-1"", ""V1-2"", ""V1-4"", ""V1-5"", ""V1-7"", ""V1-9"", ""V1-10"", ""V1-11"", ""V1-12"", ""V1-13"", ""V1-14"", ""V1-6"", ""V2-15"", ""V2-3"", ""V2-21""]",
5bb6123fa4ae3604537ad781,"[""V1-1"", ""V1-13"", ""V1-14""]",
64075f57d6da1900141e5aba,"[""V1-1"", ""V1-2"", ""V1-4"", ""V1-5"", ""V1-9"", ""V1-10"", ""V1-11"", ""V1-12"", ""V1-13"", ""V1-14"", ""V1-6"", ""V1-7"", ""V2-16"", ""V2-3"", ""V2-5""]",
561e8d966b8d90f61a0033c4,"[""V1-1"", ""V1-2"", ""V1-4"", ""V1-5"", ""V1-7"", ""V1-9"", ""V1-10"", ""V1-11"", ""V1-12"", ""V1-13"", ""V1-14"", ""V2-16""]",
561e8d936b8d90f61a0014d2,"[""V1-1"", ""V1-2"", ""V1-4"", ""V1-5"", ""V1-9"", ""V1-10"", ""V1-11"", ""V1-12"", ""V1-13"", ""V1-14"", ""V2-21""]",
61c991a5fe4ec600172e5e08,"[""V1-2"", ""V1-4"", ""V1-5"", ""V1-7"", ""V1-9"", ""V1-10"", ""V1-11"", ""V1-12"", ""V1-13"", ""V1-14"", ""V2-16"", ""V1-1"", ""V2-11""]",
6276c973f70e7c001895be79,"[""V1-1"", ""V1-2"", ""V1-4"", ""V1-5"", ""V1-9"", ""V1-10"", ""V1-11"", ""V1-12"", ""V1-13"", ""V1-14"", ""V1-6"", ""V2-16""]",
561e8d926b8d90f61a00013e,"[""V1-13"", ""V1-14""]",
5fc671cbba624b0015a61bf1,"[""V1-1"", ""V1-2"", ""V1-4"", ""V1-5"", ""V1-7"", ""V1-10"", ""V1-11"", ""V1-12"", ""V1-14""]",
5c52bd6ffbeb402419bef87d,"[""V1-2"", ""V1-4"", ""V1-10"", ""V1-13"", ""V1-14"", ""V2-16"", ""V1-6"", ""V2-3""]",
69a816c2814b9fb75404bc85,"[""V1-1"", ""V1-2"", ""V1-5"", ""V1-9"", ""V1-10"", ""V1-11"", ""V1-12"", ""V1-13"", ""V1-14""]",
607d46752ca90f00153876e8,"[""V1-1"", ""V1-4"", ""V1-9"", ""V1-10"", ""V1-13"", ""V1-14""]",
602ad40427689c0015fb2d9e,"[""V1-2"", ""V1-13"", ""V1-14"", ""V1-6"", ""V1-4"", ""V1-9"", ""V2-16"", ""V2-11""]",
561e8d946b8d90f61a002019,"[""V1-1"", ""V1-2"", ""V1-4"", ""V1-5"", ""V1-9"", ""V1-10"", ""V1-11"", ""V1-12"", ""V1-13"", ""V1-14""]",
5bec0018c9af0a7962a96f4a,"[""V1-13"", ""V1-14""]",
6666afb99ec3300011cdf91d,"[""V1-1"", ""V1-2"", ""V1-4"", ""V1-5"", ""V1-7"", ""V1-9"", ""V1-10"", ""V1-11"", ""V1-12"", ""V1-13"", ""V1-14""]",
561e8d936b8d90f61a00134a,[],
619b548fc9c9c1001796f1f6,"[""V1-1"", ""V1-2"", ""V1-5"", ""V1-7"", ""V1-10"", ""V1-11"", ""V1-12"", ""V1-14"", ""V1-9""]",
561e8d956b8d90f61a003069,"[""V1-1"", ""V1-2"", ""V1-4"", ""V1-5"", ""V1-9"", ""V1-10"", ""V1-11"", ""V1-12"", ""V1-13"", ""V1-14""]",
643c740fc34c0300130c743e,"[""V1-1"", ""V1-2"", ""V1-4"", ""V1-5"", ""V1-7"", ""V1-9"", ""V1-10"", ""V1-11"", ""V1-12"", ""V1-13"", ""V1-14""]",
5ec6f4dbdae5f50015c2980b,"[""V1-7""]",
68b57bc85828fa59037e71c3,"[""V1-1"", ""V1-2"", ""V1-4"", ""V1-5"", ""V1-7"", ""V1-9"", ""V1-10"", ""V1-11"", ""V1-12"", ""V1-13"", ""V1-14""]",
60f059faaf96d700177d115f,"[""V1-1"", ""V1-2"", ""V1-10"", ""V1-13"", ""V1-14""]",
5c77abceef995c60fecc3f39,"[""V1-1"", ""V1-2"", ""V1-4"", ""V1-5"", ""V1-9"", ""V1-10"", ""V1-11"", ""V1-12"", ""V1-13"", ""V1-14""]",
682b575afc11e60011201e88,"[""V1-1"", ""V1-2"", ""V1-4"", ""V1-5"", ""V1-9"", ""V1-10"", ""V1-11"", ""V1-12"", ""V1-13"", ""V1-14"", ""V1-6"", ""V1-7""]",
5fc618102e8dd2001579b65d,"[""V1-1"", ""V1-2"", ""V1-4"", ""V1-5"", ""V1-9"", ""V1-10"", ""V1-11"", ""V1-12"", ""V1-13"", ""V1-14""]",
58737456236d8f446400071c,"[""V1-1"", ""V1-13""]",
59d49801fa5a566117002fd5,"[""V1-1"", ""V1-2"", ""V1-4"", ""V1-5"", ""V1-9"", ""V1-10"", ""V1-11"", ""V1-12"", ""V1-13"", ""V1-14""]",
619cc4d31a366f0017fe8d06,"[""V1-1"", ""V1-2"", ""V1-4"", ""V1-5"", ""V1-9"", ""V1-10"", ""V1-11"", ""V1-12"", ""V1-13"", ""V1-14""]",
663c90f772fce00011b7f353,"[""V1-1"", ""V1-2"", ""V1-4"", ""V1-9"", ""V1-10"", ""V1-13"", ""V1-14"", ""V1-6"", ""V2-3"", ""V2-16"", ""V2-9"", ""V2-14""]",
670153ce6f113e00119a0fad,"[""V1-2"", ""V1-10"", ""V1-11"", ""V1-12"", ""V1-13"", ""V1-14"", ""V1-9""]",
561e8d946b8d90f61a001509,"[""V1-1"", ""V1-2"", ""V1-4"", ""V1-5"", ""V1-7"", ""V1-9"", ""V1-10"", ""V1-11"", ""V1-12"", ""V1-13"", ""V1-14""]",
561e8d936b8d90f61a000662,"[""V1-1"", ""V1-2"", ""V1-4"", ""V1-5"", ""V1-7"", ""V1-9"", ""V1-10"", ""V1-11"", ""V1-12"", ""V1-13"", ""V1-14"", ""V1-3"", ""V1-6""]",
647deb456149810011be5192,"[""V1-1"", ""V1-2"", ""V1-4"", ""V1-5"", ""V1-9"", ""V1-10"", ""V1-11"", ""V1-12"", ""V1-13"", ""V1-14"", ""V2-6""]",
65241b8db3ff7d001153bca8,"[""V1-1"", ""V1-2"", ""V1-4"", ""V1-5"", ""V1-7"", ""V1-9"", ""V1-10"", ""V1-11"", ""V1-12"", ""V1-13"", ""V1-14"", ""V2-16"", ""V2-7"", ""V2-1"", ""V1-3"", ""V2-2"", ""V2-11""]",
627b73f7023d420018e2f038,"[""V1-9"", ""V1-13"", ""V1-14""]",
64678a9ed7125400115d9869,"[""V1-4"", ""V1-5"", ""V1-9"", ""V1-11"", ""V1-13"", ""V1-14"", ""V2-16"", ""V1-6""]",
64803209bfd9aa0011593484,"[""V1-14"", ""V1-2"", ""V1-5"", ""V1-13"", ""V1-1"", ""V1-10""]",
60c319e160f8540017a53701,"[""V1-1"", ""V1-2"", ""V1-4"", ""V1-5"", ""V1-9"", ""V1-10"", ""V1-11"", ""V1-12"", ""V1-13"", ""V1-14""]",
68b71eb3d7cac5dae6e2a61f,"[""V1-13"", ""V1-2""]",
5efd8ef70165690015e8b224,"[""V1-13"", ""V1-14""]",
66a8f651514c00001147b0d5,[],
676405dff3fa5d00114fee22,"[""V2-16"", ""V1-9"", ""V1-13"", ""V1-14""]",
64b7f29fcca9af0011fd585d,"[""V1-1"", ""V1-2"", ""V1-4"", ""V1-5"", ""V1-7"", ""V1-9"", ""V1-10"", ""V1-11"", ""V1-12"", ""V1-13"", ""V1-14"", ""V1-6""]",
68f9f5db75ceafc7a8ee6155,"[""V1-1"", ""V1-2"", ""V1-4"", ""V1-5"", ""V1-7"", ""V1-9"", ""V1-10"", ""V1-11"", ""V1-12"", ""V1-13"", ""V1-14"", ""V1-6""]",
5c657afed9e6e60012bab5d9,[],
5ce6bee4142941540d1c9d36,"[""V1-1"", ""V1-2"", ""V1-4"", ""V1-5"", ""V1-7"", ""V1-9"", ""V1-10"", ""V1-11"", ""V1-12"", ""V1-13"", ""V1-14""]",
67c057525a9de100115b66ec,"[""V1-1"", ""V1-2"", ""V1-4"", ""V1-5"", ""V1-7"", ""V1-9"", ""V1-10"", ""V1-11"", ""V1-12"", ""V1-13"", ""V1-14""]",
58665aa0444a4aeb0d000130,"[""V1-1"", ""V1-2"", ""V1-4"", ""V1-5"", ""V1-7"", ""V1-9"", ""V1-10"", ""V1-11"", ""V1-12"", ""V1-13"", ""V1-14""]",
664372d48ffbbf0011f17452,"[""V1-1"", ""V1-2"", ""V1-4"", ""V1-5"", ""V1-9"", ""V1-10"", ""V1-11"", ""V1-12"", ""V1-13"", ""V1-14""]",
641d8986be2b36001370ca2a,"[""V1-13"", ""V1-6"", ""V1-4""]",
5a53889945eaab512501251e,"[""V1-1"", ""V1-2"", ""V1-4"", ""V1-5"", ""V1-9"", ""V1-10"", ""V1-11"", ""V1-12"", ""V1-13"", ""V1-14""]",
5dcf09394f6eed0018145e58,"[""V1-1"", ""V1-2"", ""V1-4"", ""V1-5"", ""V1-9"", ""V1-10"", ""V1-11"", ""V1-12"", ""V1-13"", ""V1-14""]",
643d1561e09b08001442e672,"[""V1-2"", ""V1-10"", ""V1-14"", ""V2-3"", ""V1-6""]",
561e8d956b8d90f61a003365,"[""V1-1"", ""V1-2"", ""V1-4"", ""V1-5"", ""V1-9"", ""V1-10"", ""V1-11"", ""V1-12"", ""V1-13"", ""V1-14"", ""V1-7"", ""V1-6"", ""V2-13"", ""V2-21""]",
60112a3ed3c4a000156a31d9,"[""V1-1"", ""V1-2"", ""V1-4"", ""V1-5"", ""V1-7"", ""V1-9"", ""V1-10"", ""V1-11"", ""V1-12"", ""V1-13"", ""V1-14""]",
561e8d976b8d90f61a004735,"[""V1-1"", ""V1-13""]",
5f3414f3b421040016eb5132,"[""V1-1"", ""V1-2"", ""V1-4"", ""V1-5"", ""V1-7"", ""V1-9"", ""V1-10"", ""V1-11"", ""V1-12"", ""V1-13"", ""V1-14""]",
5ed15ca4662ff10016409214,"[""V1-1"", ""V1-2"", ""V1-4"", ""V1-5"", ""V1-7"", ""V1-9"", ""V1-10"", ""V1-11"", ""V1-12"", ""V1-13"", ""V1-14""]",
561e8d956b8d90f61a003219,"[""V1-13"", ""V1-14""]",
561e8d936b8d90f61a0014ca,"[""V1-1"", ""V1-2"", ""V1-4"", ""V1-5"", ""V1-7"", ""V1-9"", ""V1-10"", ""V1-11"", ""V1-12"", ""V1-13"", ""V1-14"", ""V1-6""]",
5b84c65ca73f7a027c553f4a,"[""V1-1"", ""V1-2"", ""V1-4"", ""V1-5"", ""V1-7"", ""V1-9"", ""V1-10"", ""V1-11"", ""V1-12"", ""V1-13"", ""V1-14""]",
5dcc0df6a4305a00173b9cf8,"[""V1-1"", ""V1-2"", ""V1-4"", ""V1-5"", ""V1-9"", ""V1-10"", ""V1-11"", ""V1-13"", ""V1-14"", ""V1-6"", ""V2-16"", ""V1-7""]",
5e05c0a26057ae0017e7d51c,"[""V1-13"", ""V1-14"", ""V2-3"", ""V1-2"", ""V1-7""]",
67890ce306da6400110244a9,"[""V1-1"", ""V1-2"", ""V1-4"", ""V1-5"", ""V1-7"", ""V1-9"", ""V1-10"", ""V1-11"", ""V1-12"", ""V1-13"", ""V1-14""]",
561e8d936b8d90f61a000d42,"[""V1-1"", ""V1-2"", ""V1-4"", ""V1-5"", ""V1-9"", ""V1-10"", ""V1-11"", ""V1-12"", ""V1-13"", ""V1-14"", ""V2-16""]",
571e02473fcc597c3900003b,"[""V1-1"", ""V1-2"", ""V1-4"", ""V1-5"", ""V1-9"", ""V1-10"", ""V1-11"", ""V1-12"", ""V1-14""]",
61e93624cf7a710017932586,"[""V1-1"", ""V1-2"", ""V1-4"", ""V1-5"", ""V1-9"", ""V1-10"", ""V1-11"", ""V1-12"", ""V1-13"", ""V1-14""]",
5cda78f561a35300113a86ab,"[""V1-1"", ""V1-2"", ""V1-4"", ""V1-5"", ""V1-9"", ""V1-10"", ""V1-11"", ""V1-12"", ""V1-13"", ""V1-14""]",
5e3692d21cd3cb0018dd4329,"[""V1-1"", ""V1-2"", ""V1-4"", ""V1-5"", ""V1-9"", ""V1-10"", ""V1-11"", ""V1-12"", ""V1-13"", ""V1-14"", ""V1-6"", ""V2-16""]",
668fb233514c00001146f038,"[""V1-2"", ""V1-4"", ""V1-5"", ""V1-7"", ""V1-9"", ""V1-10"", ""V1-11"", ""V1-12"", ""V1-13"", ""V1-14"", ""V2-16"", ""V1-1"", ""V1-6""]",
561e8d946b8d90f61a001f18,"[""V1-1"", ""V1-2"", ""V1-4"", ""V1-5"", ""V1-9"", ""V1-10"", ""V1-11"", ""V1-12"", ""V1-13"", ""V1-14"", ""V1-7""]",
561e8d956b8d90f61a002f2c,"[""V1-1"", ""V1-2"", ""V1-4"", ""V1-5"", ""V1-9"", ""V1-10"", ""V1-11"", ""V1-12"", ""V1-14"", ""V2-21""]",
621e7a3f257d5f001422669b,"[""V1-1"", ""V1-2"", ""V1-4"", ""V1-5"", ""V1-7"", ""V1-9"", ""V1-10"", ""V1-11"", ""V1-12"", ""V1-13"", ""V1-14""]",
617916e8f3ef190017a83854,"[""V1-4"", ""V1-9"", ""V1-10"", ""V1-13"", ""V1-14""]",
561e8d936b8d90f61a001260,"[""V1-1"", ""V1-2"", ""V1-4"", ""V1-5"", ""V1-9"", ""V1-10"", ""V1-11"", ""V1-12"", ""V1-13"", ""V1-14"", ""V2-21"", ""V2-1"", ""V1-6"", ""V2-16"", ""V1-7""]",
59fb487bbe77065f5800afc3,"[""V1-1"", ""V1-2"", ""V1-4"", ""V1-5"", ""V1-7"", ""V1-9"", ""V1-10"", ""V1-11"", ""V1-12"", ""V1-13"", ""V1-14"", ""V2-2""]",
61f942f0ba92d00017cd7a43,"[""V1-1"", ""V1-2"", ""V1-4"", ""V1-5"", ""V1-9"", ""V1-10"", ""V1-11"", ""V1-12"", ""V1-13"", ""V1-14""]",
6298c12ee18acf001be07064,"[""V1-1"", ""V1-2"", ""V1-4"", ""V1-5"", ""V1-7"", ""V1-9"", ""V1-10"", ""V1-11"", ""V1-12"", ""V1-13"", ""V1-14""]",
561e8d936b8d90f61a0014bb,"[""V1-1"", ""V1-2"", ""V1-4"", ""V1-5"", ""V1-7"", ""V1-9"", ""V1-10"", ""V1-11"", ""V1-12"", ""V1-13"", ""V1-14"", ""V2-16"", ""V2-21"", ""V2-3"", ""V1-6""]",
561e8d976b8d90f61a003d96,"[""V1-1"", ""V1-10"", ""V1-13""]",
6093fd75b33a50001533d418,"[""V1-1"", ""V1-2"", ""V1-4"", ""V1-5"", ""V1-7"", ""V1-9"", ""V1-10"", ""V1-11"", ""V1-12"", ""V1-13"", ""V1-14"", ""V2-2""]",
561e8d936b8d90f61a00059f,"[""V1-1"", ""V1-2"", ""V1-4"", ""V1-5"", ""V1-7"", ""V1-9"", ""V1-10"", ""V1-11"", ""V1-12"", ""V1-13"", ""V1-14"", ""V2-13"", ""V2-21"", ""V2-1"", ""V1-3""]",
577a61dcda179a9c3f000089,"[""V1-1"", ""V1-2"", ""V1-4"", ""V1-5"", ""V1-7"", ""V1-9"", ""V1-10"", ""V1-11"", ""V1-12"", ""V1-13"", ""V1-14""]",
5b5ec3e8337f272131edc824,"[""V1-1"", ""V1-2"", ""V1-4"", ""V1-5"", ""V1-7"", ""V1-9"", ""V1-10"", ""V1-11"", ""V1-12"", ""V1-13"", ""V1-14""]",
59baf14999eaaa880a002c38,"[""V1-1"", ""V1-2"", ""V1-9"", ""V1-10"", ""V1-13"", ""V1-14""]",
5f58b1ac675b0600157e7105,"[""V1-1"", ""V1-2"", ""V1-4"", ""V1-5"", ""V1-7"", ""V1-9"", ""V1-10"", ""V1-11"", ""V1-12"", ""V1-13"", ""V1-14""]",
64219c0480513f00143dbdc5,"[""V1-13"", ""V1-14"", ""V1-6""]",
5e072f709b72ee0018763bc3,"[""V1-1"", ""V1-2"", ""V1-4"", ""V1-5"", ""V1-7"", ""V1-9"", ""V1-10"", ""V1-11"", ""V1-12"", ""V1-13"", ""V1-14""]",
62ea666c62b76e001b3eca4f,"[""V1-1"", ""V1-2"", ""V1-4"", ""V1-5"", ""V1-7"", ""V1-9"", ""V1-10"", ""V1-11"", ""V1-12"", ""V1-13"", ""V1-14"", ""V1-6"", ""V2-6""]",
561e8d936b8d90f61a000838,"[""V1-13"", ""V1-14""]",
56cb43391ba696884900000a,"[""V1-13"", ""V1-14""]",
66e545690f05bd0011e185b8,"[""V1-1"", ""V1-2"", ""V1-4"", ""V1-5"", ""V1-7"", ""V1-9"", ""V1-10"", ""V1-11"", ""V1-12"", ""V1-13"", ""V1-14""]",
619376d458dde20017d66610,"[""V1-1"", ""V1-2"", ""V1-4"", ""V1-5"", ""V1-9"", ""V1-10"", ""V1-11"", ""V1-12"", ""V1-13"", ""V1-14""]",
6155ad11120d4a0017386a18,"[""V1-1"", ""V1-2"", ""V1-5"", ""V1-9"", ""V1-10"", ""V1-11"", ""V1-12"", ""V1-13"", ""V1-14""]",
5c6d3f727ba3842bffdc24f1,"[""V1-1"", ""V1-2"", ""V1-4"", ""V1-5"", ""V1-9"", ""V1-10"", ""V1-11"", ""V1-12"", ""V1-13"", ""V1-14""]",
69930b23eea67583ba0c3092,"[""V1-1"", ""V1-2"", ""V1-4"", ""V1-5"", ""V1-7"", ""V1-9"", ""V1-10"", ""V1-11"", ""V1-12"", ""V1-13"", ""V1-14""]",
561e8d936b8d90f61a0008da,"[""V1-1"", ""V1-2"", ""V1-4"", ""V1-5"", ""V1-9"", ""V1-10"", ""V1-11"", ""V1-12"", ""V1-13"", ""V1-14"", ""V2-21""]",
60afcdd4407e6d0018810836,"[""V1-1"", ""V1-2"", ""V1-4"", ""V1-5"", ""V1-9"", ""V1-10"", ""V1-11"", ""V1-12"", ""V1-13"", ""V1-14""]",
5fb27298d8ff880015e84750,"[""V1-1"", ""V1-2"", ""V1-4"", ""V1-5"", ""V1-9"", ""V1-10"", ""V1-11"", ""V1-12"", ""V1-13"", ""V1-14""]",
606b29ab14eb890015bd2f01,"[""V1-1"", ""V1-2"", ""V1-4"", ""V1-9"", ""V1-10"", ""V1-13"", ""V1-14""]",
690dd96feb3bf4c11bf941dc,"[""V1-13"", ""V1-14""]",
604a7ccb4f898b00151e2797,"[""V1-1"", ""V1-2"", ""V1-4"", ""V1-5"", ""V1-7"", ""V1-9"", ""V1-10"", ""V1-11"", ""V1-12"", ""V1-13"", ""V1-14""]",
693a98f538cf425060b4c773,"[""V1-1"", ""V1-2"", ""V1-4"", ""V1-5"", ""V1-7"", ""V1-9"", ""V1-10"", ""V1-11"", ""V1-12"", ""V1-13"", ""V1-14"", ""V1-3"", ""V2-11"", ""V2-10"", ""V2-13"", ""V1-6"", ""V2-16"", ""V2-2"", ""V2-3"", ""V2-1""]",
561e8d936b8d90f61a000afd,"[""V1-1"", ""V1-2"", ""V1-4"", ""V1-5"", ""V1-9"", ""V1-10"", ""V1-11"", ""V1-12"", ""V1-13"", ""V1-14"", ""V2-16"", ""V2-21""]",
5c6a96f373ca3d6bbe3fff38,"[""V1-1"", ""V1-2"", ""V1-4"", ""V1-5"", ""V1-7"", ""V1-9"", ""V1-10"", ""V1-11"", ""V1-12"", ""V1-13"", ""V1-14""]",
6267e053f2d4b90018ad84e4,"[""V1-1"", ""V1-2"", ""V1-5"", ""V1-9"", ""V1-11"", ""V1-12"", ""V1-13"", ""V1-14"", ""V2-21"", ""V1-7"", ""V2-13"", ""V1-4"", ""V1-10""]",
561e8d956b8d90f61a0030cf,"[""V1-1"", ""V1-2"", ""V1-4"", ""V1-5"", ""V1-9"", ""V1-10"", ""V1-11"", ""V1-12"", ""V1-13"", ""V1-14"", ""V2-16"", ""V1-6"", ""V2-13""]",
561e8d936b8d90f61a00035c,"[""V1-1"", ""V1-2"", ""V1-9"", ""V1-10"", ""V1-13"", ""V1-14""]",
67d985067690520011429022,"[""V1-1"", ""V1-2"", ""V1-4"", ""V1-5"", ""V1-9"", ""V1-10"", ""V1-11"", ""V1-12"", ""V1-13"", ""V1-14""]",
6821f44e379ae300116eba49,"[""V1-1"", ""V1-2"", ""V1-4"", ""V1-5"", ""V1-7"", ""V1-9"", ""V1-10"", ""V1-11"", ""V1-12"", ""V1-13"", ""V1-14""]",
647064a3001eb40011826210,"[""V1-1"", ""V1-2"", ""V1-4"", ""V1-5"", ""V1-10"", ""V1-11"", ""V1-12"", ""V1-14""]",
5a9d60d3b1c1666c2e0056ba,"[""V1-1"", ""V1-2"", ""V1-4"", ""V1-5"", ""V1-7"", ""V1-9"", ""V1-10"", ""V1-11"", ""V1-12"", ""V1-13"", ""V1-14"", ""V1-6"", ""V2-14"", ""V2-13""]",
5cc173c6d788b30012b2ff51,"[""V1-1"", ""V1-2"", ""V1-4"", ""V1-5"", ""V1-9"", ""V1-10"", ""V1-11"", ""V1-12"", ""V1-13"", ""V1-14""]",
5eb3c48aa80eba00159907c3,"[""V1-1"", ""V1-2"", ""V1-4"", ""V1-9"", ""V1-10"", ""V1-13"", ""V1-14""]",
63d229657d9fc60014b1afdf,"[""V1-1"", ""V1-2"", ""V1-4"", ""V1-5"", ""V1-9"", ""V1-10"", ""V1-11"", ""V1-12"", ""V1-13"", ""V1-14""]",
65e71ba517069f0011a36cfa,"[""V1-1"", ""V1-2"", ""V1-4"", ""V1-5"", ""V1-7"", ""V1-9"", ""V1-10"", ""V1-11"", ""V1-12"", ""V1-13"", ""V1-14"", ""V1-6"", ""V2-16"", ""V2-3"", ""V2-21""]",
57840ccb9cf122a434000054,"[""V1-1"", ""V1-2"", ""V1-4"", ""V1-5"", ""V1-7"", ""V1-9"", ""V1-10"", ""V1-11"", ""V1-12"", ""V1-13"", ""V1-14"", ""V2-21""]",
5fb510aa8072bf0015d8d59d,"[""V1-1"", ""V1-2"", ""V1-4"", ""V1-5"", ""V1-7"", ""V1-9"", ""V1-10"", ""V1-11"", ""V1-12"", ""V1-13"", ""V1-14""]",
58f71febd4e19c8f3b000fff,"[""V1-1"", ""V1-2"", ""V1-4"", ""V1-9"", ""V1-10"", ""V1-13"", ""V1-14""]",
699aa4324c0d69d44ce3d3fb,"[""V1-1"", ""V1-2"", ""V1-7"", ""V1-9"", ""V1-10"", ""V1-11"", ""V1-12"", ""V1-13"", ""V1-14"", ""V1-3"", ""V1-6"", ""V2-9"", ""V2-13"", ""V2-14"", ""V2-19"", ""V2-2"", ""V2-15"", ""V2-3"", ""V2-21"", ""V2-5""]",
65b10d6ad5f847001168a1ea,"[""V1-1"", ""V1-2"", ""V1-4"", ""V1-5"", ""V1-9"", ""V1-10"", ""V1-11"", ""V1-12"", ""V1-13"", ""V1-14""]",
655c9ef75942160011cb5867,"[""V1-1"", ""V1-2"", ""V1-4"", ""V1-5"", ""V1-9"", ""V1-10"", ""V1-11"", ""V1-12"", ""V1-13"", ""V1-14""]",
57398bfe4d0c2a683c0000da,"[""V1-1"", ""V1-2"", ""V1-4"", ""V1-5"", ""V1-7"", ""V1-9"", ""V1-10"", ""V1-11"", ""V1-12"", ""V1-13"", ""V1-14""]",
561e8d936b8d90f61a000f17,"[""V1-1"", ""V1-2"", ""V1-4"", ""V1-5"", ""V1-9"", ""V1-10"", ""V1-11"", ""V1-12"", ""V1-13"", ""V1-14"", ""V1-6""]",
5d1495e8b6c82f00120db30d,"[""V1-1"", ""V1-2"", ""V1-4"", ""V1-5"", ""V1-7"", ""V1-9"", ""V1-10"", ""V1-11"", ""V1-12"", ""V1-13"", ""V1-14"", ""V1-6""]",
6640b81d1d36b20011446b1f,"[""V1-1"", ""V1-2"", ""V1-4"", ""V1-5"", ""V1-7"", ""V1-9"", ""V1-10"", ""V1-11"", ""V1-12"", ""V1-13"", ""V1-14"", ""V1-3"", ""V2-16""]",
67a0d88e77bd1c00117ad4f5,"[""V1-1"", ""V1-2"", ""V1-4"", ""V1-5"", ""V1-9"", ""V1-10"", ""V1-11"", ""V1-12"", ""V1-13"", ""V1-14"", ""V1-7""]",
561e8d956b8d90f61a0028f7,"[""V1-1"", ""V1-2"", ""V1-4"", ""V1-5"", ""V1-9"", ""V1-10"", ""V1-11"", ""V1-12"", ""V1-13"", ""V1-14"", ""V2-2"", ""V1-6"", ""V1-7""]",
59ff73a9eb02606d5200174f,"[""V1-1"", ""V1-2"", ""V1-4"", ""V1-5"", ""V1-7"", ""V1-9"", ""V1-11"", ""V1-12"", ""V1-13"", ""V1-14""]",
69eb7528a33b05d61de623e5,"[""V1-1"", ""V1-2"", ""V1-4"", ""V1-5"", ""V1-7"", ""V1-9"", ""V1-10"", ""V1-11"", ""V1-12"", ""V1-13"", ""V1-14""]",
561e8d936b8d90f61a0011da,"[""V1-1"", ""V1-9"", ""V1-10"", ""V1-13"", ""V1-14"", ""V1-6"", ""V1-5""]",
5735de0ebcd1970756000054,"[""V1-1"", ""V1-2"", ""V1-4"", ""V1-5"", ""V1-9"", ""V1-10"", ""V1-11"", ""V1-12"", ""V1-13"", ""V1-14""]",
561e8d976b8d90f61a003bab,"[""V1-2"", ""V1-13"", ""V1-14"", ""V1-4""]",
5dd4218d593be30017cbe726,"[""V1-1"", ""V1-2"", ""V1-4"", ""V1-5"", ""V1-9"", ""V1-10"", ""V1-11"", ""V1-12"", ""V1-13"", ""V1-14""]",
5819f59c563213f87a000123,"[""V1-1"", ""V1-2"", ""V1-4"", ""V1-5"", ""V1-7"", ""V1-9"", ""V1-10"", ""V1-11"", ""V1-12"", ""V1-13"", ""V1-14"", ""V2-21""]",
60abbe0138d6920017b43190,"[""V1-1"", ""V1-2"", ""V1-4"", ""V1-9"", ""V1-10"", ""V1-13"", ""V1-14""]",
561e8d936b8d90f61a000da4,"[""V1-1"", ""V1-2"", ""V1-4"", ""V1-5"", ""V1-9"", ""V1-10"", ""V1-11"", ""V1-12"", ""V1-13"", ""V1-14"", ""V2-2"", ""V1-7""]",
64a6b4fdcca9af0011fc86b7,"[""V1-2"", ""V1-10"", ""V1-14""]",
561e8d936b8d90f61a00136a,"[""V1-1"", ""V1-2"", ""V1-4"", ""V1-5"", ""V1-7"", ""V1-9"", ""V1-10"", ""V1-11"", ""V1-12"", ""V1-13"", ""V1-14""]",
561e8d976b8d90f61a003e29,"[""V1-1"", ""V1-2"", ""V1-4"", ""V1-5"", ""V1-9"", ""V1-10"", ""V1-11"", ""V1-12"", ""V1-13"", ""V1-14"", ""V1-6""]",
5d074f140fbc770017190dd2,"[""V1-1"", ""V1-2"", ""V1-4"", ""V1-5"", ""V1-9"", ""V1-10"", ""V1-11"", ""V1-12"", ""V1-13"", ""V1-14""]",
561e8d936b8d90f61a001168,"[""V1-1"", ""V1-2"", ""V1-4"", ""V1-5"", ""V1-9"", ""V1-10"", ""V1-11"", ""V1-12"", ""V1-13"", ""V1-14""]",
561e8d956b8d90f61a002a2f,"[""V1-9"", ""V1-13""]",
68c94077c9fade0c8c4b5be8,"[""V1-13"", ""V1-14"", ""V1-4"", ""V1-2"", ""V1-9"", ""V1-12"", ""V2-16"", ""V2-18"", ""V2-14"", ""V2-19"", ""V2-11"", ""V2-21""]",
5a6f56062c250d182f0056f3,"[""V1-1"", ""V1-2"", ""V1-4"", ""V1-5"", ""V1-9"", ""V1-10"", ""V1-11"", ""V1-12"", ""V1-13"", ""V1-14"", ""V1-6""]",
637c93290ad1a8001b64a071,"[""V1-1"", ""V1-2"", ""V1-4"", ""V1-5"", ""V1-7"", ""V1-9"", ""V1-10"", ""V1-11"", ""V1-12"", ""V1-13"", ""V1-14""]",
561e8d976b8d90f61a00402a,"[""V1-1"", ""V1-2"", ""V1-4"", ""V1-5"", ""V1-7"", ""V1-9"", ""V1-10"", ""V1-11"", ""V1-12"", ""V1-13"", ""V1-14"", ""V1-6""]",
5f69aef134a76100158aa316,[],
561e8d976b8d90f61a004288,"[""V1-1"", ""V1-2"", ""V1-4"", ""V1-5"", ""V1-7"", ""V1-9"", ""V1-10"", ""V1-11"", ""V1-12"", ""V1-13"", ""V1-14""]",
5c995001d788b30012b2eb21,"[""V1-1"", ""V1-2"", ""V1-4"", ""V1-5"", ""V1-7"", ""V1-9"", ""V1-10"", ""V1-11"", ""V1-12"", ""V1-13"", ""V1-14"", ""V1-6""]",
65cb5af6a3d8e1001191d9d7,"[""V1-1"", ""V1-2"", ""V1-4"", ""V1-5"", ""V1-7"", ""V1-9"", ""V1-10"", ""V1-11"", ""V1-12"", ""V1-13"", ""V1-14"", ""V2-20"", ""V1-6""]",
561e8d966b8d90f61a00392d,"[""V1-1"", ""V1-2"", ""V1-4"", ""V1-5"", ""V1-9"", ""V1-10"", ""V1-11"", ""V1-12"", ""V1-13"", ""V1-14"", ""V1-7""]",
63f72be5cdfbcd00142028c0,"[""V1-1"", ""V1-2"", ""V1-4"", ""V1-5"", ""V1-7"", ""V1-9"", ""V1-10"", ""V1-11"", ""V1-12"", ""V1-13"", ""V1-14""]",
6363db9288f1fc0014d3183c,"[""V1-1"", ""V1-2"", ""V1-4"", ""V1-5"", ""V1-7"", ""V1-9"", ""V1-10"", ""V1-11"", ""V1-12"", ""V1-13"", ""V1-14""]",
5a689d947f4def81700028c6,"[""V1-1"", ""V1-2"", ""V1-4"", ""V1-5"", ""V1-7"", ""V1-9"", ""V1-10"", ""V1-11"", ""V1-12"", ""V1-13"", ""V1-14""]",
68a3020bea56f62fad3dc60f,"[""V1-1"", ""V1-2"", ""V1-4"", ""V1-5"", ""V1-7"", ""V1-9"", ""V1-10"", ""V1-11"", ""V1-12"", ""V1-13"", ""V1-14""]",
68ca90f7cdcaeb20374f5716,"[""V1-1"", ""V1-2"", ""V1-4"", ""V1-5"", ""V1-7"", ""V1-9"", ""V1-10"", ""V1-11"", ""V1-12"", ""V1-13"", ""V1-14""]",
5ab5070d69e58f7fca39bfe6,"[""V1-1"", ""V1-2"", ""V1-4"", ""V1-5"", ""V1-7"", ""V1-9"", ""V1-10"", ""V1-11"", ""V1-12"", ""V1-13"", ""V1-14""]",
561e8d936b8d90f61a000cd1,"[""V1-1"", ""V1-2"", ""V1-4"", ""V1-5"", ""V1-9"", ""V1-10"", ""V1-11"", ""V1-12"", ""V1-13"", ""V1-14"", ""V1-6"", ""V2-16""]",
66b9be9902ae2000118d10c8,"[""V1-2"", ""V1-5"", ""V1-10"", ""V1-11"", ""V1-12"", ""V1-13"", ""V1-14""]",
561e8d936b8d90f61a001096,"[""V1-1"", ""V1-2"", ""V1-4"", ""V1-5"", ""V1-9"", ""V1-10"", ""V1-11"", ""V1-12"", ""V1-13"", ""V1-14"", ""V2-2"", ""V2-13""]",
68fb8a82c95620ff5d00eca0,"[""V1-1"", ""V1-2"", ""V1-4"", ""V1-5"", ""V1-7"", ""V1-9"", ""V1-10"", ""V1-11"", ""V1-12"", ""V1-13"", ""V1-14""]",
68f74b4ee1b49591953cd5de,"[""V1-1"", ""V1-2"", ""V1-4"", ""V1-5"", ""V1-7"", ""V1-9"", ""V1-10"", ""V1-11"", ""V1-12"", ""V1-13"", ""V1-14""]",
561e8d936b8d90f61a000e7b,"[""V1-1"", ""V1-2"", ""V1-4"", ""V1-5"", ""V1-7"", ""V1-9"", ""V1-10"", ""V1-11"", ""V1-12"", ""V1-13"", ""V1-14"", ""V1-6"", ""V2-16""]",
689d90db26a6852357e6b80a,"[""V1-1"", ""V1-2"", ""V1-4"", ""V1-5"", ""V1-7"", ""V1-9"", ""V1-10"", ""V1-11"", ""V1-12"", ""V1-13"", ""V1-14"", ""V2-16"", ""V1-6"", ""V2-10"", ""V2-21"", ""V2-11""]",
5c3c9ba19f3cbd45d7dae29c,"[""V1-1"", ""V1-2"", ""V1-4"", ""V1-5"", ""V1-7"", ""V1-9"", ""V1-10"", ""V1-11"", ""V1-12"", ""V1-13"", ""V1-14"", ""V2-18"", ""V2-3"", ""V2-21""]",
65b2214ec0bb0b0011056047,"[""V1-1"", ""V1-2"", ""V1-4"", ""V1-5"", ""V1-7"", ""V1-9"", ""V1-10"", ""V1-11"", ""V1-12"", ""V1-13"", ""V1-14""]",
59146b86595df11c320004ac,"[""V1-4"", ""V1-5"", ""V1-9"", ""V1-13"", ""V1-14"", ""V2-16"", ""V2-3"", ""V2-21"", ""V1-6""]",
685d2c04f000940011f6c716,"[""V1-1"", ""V1-2"", ""V1-4"", ""V1-5"", ""V1-7"", ""V1-9"", ""V1-10"", ""V1-11"", ""V1-12"", ""V1-13"", ""V1-14""]",
57ab0b38c6ebd5c83300007e,"[""V1-1"", ""V1-2"", ""V1-4"", ""V1-5"", ""V1-7"", ""V1-9"", ""V1-10"", ""V1-11"", ""V1-12"", ""V1-13"", ""V1-14"", ""V1-6""]",
6255696ee4b70c001810bb39,"[""V1-1"", ""V1-2"", ""V1-4"", ""V1-5"", ""V1-7"", ""V1-9"", ""V1-10"", ""V1-11"", ""V1-12"", ""V1-13"", ""V1-14""]",
5c02ea6d99e4374b87bd9cc5,"[""V1-1"", ""V1-2"", ""V1-4"", ""V1-5"", ""V1-7"", ""V1-9"", ""V1-10"", ""V1-11"", ""V1-12"", ""V1-13"", ""V1-14""]",
69b298e74c0d69d44ce53b6d,"[""V1-4"", ""V1-5"", ""V1-9"", ""V1-14""]",
6807c7070437920011951c37,"[""V1-1"", ""V1-2"", ""V1-4"", ""V1-5"", ""V1-7"", ""V1-9"", ""V1-10"", ""V1-11"", ""V1-12"", ""V1-13"", ""V1-14""]",
604773b63f9ad40015309a2a,"[""V1-1"", ""V1-2"", ""V1-4"", ""V1-5"", ""V1-7"", ""V1-9"", ""V1-10"", ""V1-11"", ""V1-12"", ""V1-13"", ""V1-14""]",
63aae025228482001b699206,"[""V1-4"", ""V1-5"", ""V1-9"", ""V1-13"", ""V1-14""]",
579749090650b9fb6e0000b9,"[""V1-1"", ""V1-2"", ""V1-4"", ""V1-5"", ""V1-7"", ""V1-9"", ""V1-10"", ""V1-11"", ""V1-12"", ""V1-13"", ""V1-14""]",
609aaa8981be8d00154c407d,"[""V1-1"", ""V1-2"", ""V1-4"", ""V1-9"", ""V1-10"", ""V1-13"", ""V1-14""]",
6512d2afa685240011970ef7,"[""V1-1"", ""V1-2"", ""V1-4"", ""V1-5"", ""V1-7"", ""V1-9"", ""V1-10"", ""V1-11"", ""V1-12"", ""V1-13"", ""V1-14""]",
62f2190969aa39001bb4b1fe,"[""V1-1"", ""V1-2"", ""V1-4"", ""V1-5"", ""V1-7"", ""V1-9"", ""V1-10"", ""V1-11"", ""V1-12"", ""V1-13"", ""V1-14""]",
69fb1ae463ed3b5eefe8d53e,"[""V1-2"", ""V1-9"", ""V1-10"", ""V1-11"", ""V1-12"", ""V1-13"", ""V1-14""]",
66daeafb6f113e001198e417,"[""V1-1"", ""V1-2"", ""V1-4"", ""V1-5"", ""V1-7"", ""V1-9"", ""V1-10"", ""V1-11"", ""V1-12"", ""V1-13"", ""V1-14""]",
561e8d936b8d90f61a00146c,"[""V1-1"", ""V1-2"", ""V1-4"", ""V1-5"", ""V1-7"", ""V1-9"", ""V1-10"", ""V1-11"", ""V1-12"", ""V1-13"", ""V1-14"", ""V1-6""]",
691b5a10eb3bf4c11bf9c948,"[""V1-1"", ""V1-2"", ""V1-4"", ""V1-5"", ""V1-7"", ""V1-9"", ""V1-10"", ""V1-11"", ""V1-12"", ""V1-13"", ""V1-14""]",
60240068eca1f300150d7e56,"[""V1-1"", ""V1-2"", ""V1-10"", ""V1-13"", ""V1-14"", ""V1-6""]",
654d14d41c83f70011ca7700,"[""V1-1"", ""V1-2"", ""V1-4"", ""V1-5"", ""V1-7"", ""V1-9"", ""V1-10"", ""V1-11"", ""V1-12"", ""V1-13"", ""V1-14""]",
561e8d946b8d90f61a002458,"[""V1-1"", ""V1-2"", ""V1-4"", ""V1-5"", ""V1-7"", ""V1-9"", ""V1-10"", ""V1-11"", ""V1-12"", ""V1-13"", ""V1-14""]",
682c543e4c15ca0011ac99b6,"[""V1-1"", ""V1-2"", ""V1-4"", ""V1-5"", ""V1-7"", ""V1-9"", ""V1-10"", ""V1-11"", ""V1-12"", ""V1-13"", ""V1-14""]",
5a8a9eca79a4da360300055d,"[""V1-1"", ""V1-2"", ""V1-10"", ""V1-13"", ""V1-14""]",
68d6abcb9e66bbe81e2c99a7,"[""V1-1"", ""V1-2"", ""V1-4"", ""V1-5"", ""V1-7"", ""V1-9"", ""V1-10"", ""V1-11"", ""V1-12"", ""V1-13"", ""V1-14""]",
5ef9d5fbf52f8e001b9caba9,"[""V1-1"", ""V1-2"", ""V1-7"", ""V1-10"", ""V1-13"", ""V1-14"", ""V1-6""]",
691f260d3fcd392133e219dd,"[""V1-1"", ""V1-2"", ""V1-4"", ""V1-5"", ""V1-7"", ""V1-9"", ""V1-10"", ""V1-11"", ""V1-12"", ""V1-13"", ""V1-14""]",
636a1cdc1f1b19001b2baa82,"[""V1-1"", ""V1-2"", ""V1-4"", ""V1-5"", ""V1-7"", ""V1-9"", ""V1-10"", ""V1-11"", ""V1-12"", ""V1-13"", ""V1-14""]",
561e8d936b8d90f61a000c5d,"[""V1-1"", ""V1-2"", ""V1-4"", ""V1-5"", ""V1-7"", ""V1-9"", ""V1-10"", ""V1-11"", ""V1-12"", ""V1-13"", ""V1-14""]",
69ca6c6bb350ffb65db15d7b,"[""V1-1"", ""V1-2"", ""V1-4"", ""V1-5"", ""V1-7"", ""V1-9"", ""V1-10"", ""V1-11"", ""V1-12"", ""V1-13"", ""V1-14""]",
561e8d946b8d90f61a001ade,"[""V1-1"", ""V1-2"", ""V1-4"", ""V1-5"", ""V1-7"", ""V1-9"", ""V1-10"", ""V1-11"", ""V1-12"", ""V1-13"", ""V1-14"", ""V2-21""]",
