publisher_account_id,publisher_account_name,publisher_daily_spend,blocked_rtb_account_id,blocked_rtb_account_name,rtb_account_daily_spend,rtb_pct_of_network,potential_uplift
606c7bac7a37680015801ad8,jiayou,142957.36,65b7e5c3d5f847001169024b,Exchange - RTB - Kwai,54740.88,1.23,1760.47
68799f38babc2000110fe539,Duolingo,44860.99,60bdc983a982ad0017edb6f7,Exchange - RTB - Mintegral,160651.26,3.61,1621.3
68799f38babc2000110fe539,Duolingo,44860.99,618a29d9ef3f360017e9acca,Exchange - RTB - Bidease,139825.47,3.15,1411.12
579643ec6c081adf5c00004c,Microsoft Casual Games,36743.76,60bdc983a982ad0017edb6f7,Exchange - RTB - Mintegral,160651.26,3.61,1327.94
670cfa366f113e00119a799f,Vinted,20406.53,5bc0e10e25c7d7796ebe8fc0,Exchange - RTB - Moloco,280457.34,6.31,1287.49
5b975fcedc73276356309362,OAKEVER GAMES PTE LTD,222290.25,6526e0feb1392d001124df7d,Exchange - RTB - Topon,24908.12,0.56,1245.58
579643ec6c081adf5c00004c,Microsoft Casual Games,36743.76,618a29d9ef3f360017e9acca,Exchange - RTB - Bidease,139825.47,3.15,1155.79
685efaf2892f9d0011d7b87f,The Weather Company,31947.81,60bdc983a982ad0017edb6f7,Exchange - RTB - Mintegral,160651.26,3.61,1154.61
5b975fcedc73276356309362,OAKEVER GAMES PTE LTD,222290.25,63d743e53639240014ba0ddd,Exchange - RTB - OperaUnite,22629.33,0.51,1131.62
575d1c861295e1447c0000e5,snaptube,68336.01,5fffe796e4fa2100156e364a,Exchange - RTB - Opera,72659.99,1.63,1117.0
579643ec6c081adf5c00004c,Microsoft Casual Games,36743.76,5caf77f1e04ca66a2d4bcd7c,Exchange - RTB - ByteDance,99039.23,2.23,818.65
606c7bac7a37680015801ad8,jiayou,142957.36,561e8d976b8d90f61a004143,Exchange  - Programmatic,25017.99,0.56,804.58
68799f38babc2000110fe539,Duolingo,44860.99,5e89fcef428f870016d9e994,Exchange - RTB - Yeahmobi,62568.25,1.41,631.44
67d0848db62d6b0011ccb35e,SmartNews,17460.91,60bdc983a982ad0017edb6f7,Exchange - RTB - Mintegral,160651.26,3.61,631.05
579643ec6c081adf5c00004c,Microsoft Casual Games,36743.76,5fffe796e4fa2100156e364a,Exchange - RTB - Opera,72659.99,1.63,600.6
579643ec6c081adf5c00004c,Microsoft Casual Games,36743.76,5e56893e6c71d40018de3ad1,Exchange - RTB - Webeye,68394.02,1.54,565.34
68799f38babc2000110fe539,Duolingo,44860.99,65b7e5c3d5f847001169024b,Exchange - RTB - Kwai,54740.88,1.23,552.45
579643ec6c081adf5c00004c,Microsoft Casual Games,36743.76,5e89fcef428f870016d9e994,Exchange - RTB - Yeahmobi,62568.25,1.41,517.19
579643ec6c081adf5c00004c,Microsoft Casual Games,36743.76,65b7e5c3d5f847001169024b,Exchange - RTB - Kwai,54740.88,1.23,452.49
56c3a378adccd1cb7e00000a,Zynga,61089.37,65660afecebd4a0011dcc2ac,Exchange - RTB - Start.io,31969.92,0.72,439.36
68799f38babc2000110fe539,Duolingo,44860.99,60770b778d0e4a0015f20ea9,Exchange - RTB - Smadex,43239.79,0.97,436.38
68799f38babc2000110fe539,Duolingo,44860.99,66cde67e3db5f70011e66c74,Exchange - RTB - Rhebus HK Limited,41801.41,0.94,421.86
64131058280ea30014b0ed99,LINE Digital Frontier,3466.33,67055dc40f05bd0011e279ae,Exchange - RTB - Temu,518832.06,11.67,404.58
685efaf2892f9d0011d7b87f,The Weather Company,31947.81,65b7e5c3d5f847001169024b,Exchange - RTB - Kwai,54740.88,1.23,393.43
68799f38babc2000110fe539,Duolingo,44860.99,61e94b2bc6dbdc0017ea3870,Exchange - RTB - Ignite,37386.64,0.84,377.31
5d3a5de9ddc71000189c7a84,"Shanghai Linguan Data Co., Ltd.",22298.2,5fffe796e4fa2100156e364a,Exchange - RTB - Opera,72659.99,1.63,364.48
579643ec6c081adf5c00004c,Microsoft Casual Games,36743.76,60770b778d0e4a0015f20ea9,Exchange - RTB - Smadex,43239.79,0.97,357.42
658a2fc2ab2b4800112923f1,HANGZHOU JF SOFTWARE CO LTD,28763.31,65b7e5c3d5f847001169024b,Exchange - RTB - Kwai,54740.88,1.23,354.21
575d1c861295e1447c0000e5,snaptube,68336.01,63d743e53639240014ba0ddd,Exchange - RTB - OperaUnite,22629.33,0.51,347.88
68799f38babc2000110fe539,Duolingo,44860.99,6135c233b2f85d001747c3d2,Exchange - RTB - Bigodsp,34367.18,0.77,346.83
579643ec6c081adf5c00004c,Microsoft Casual Games,36743.76,66cde67e3db5f70011e66c74,Exchange - RTB - Rhebus HK Limited,41801.41,0.94,345.53
68799f38babc2000110fe539,Duolingo,44860.99,67f579a965660600111030c2,Exchange - RTB - Thunder Monetize,33023.0,0.74,333.27
68799f38babc2000110fe539,Duolingo,44860.99,65660afecebd4a0011dcc2ac,Exchange - RTB - Start.io,31969.92,0.72,322.64
68799f38babc2000110fe539,Duolingo,44860.99,5f9b336ea3b86126bbdb3aa1,Exchange - RTB - Aarki,30633.75,0.69,309.16
579643ec6c081adf5c00004c,Microsoft Casual Games,36743.76,61e94b2bc6dbdc0017ea3870,Exchange - RTB - Ignite,37386.64,0.84,309.04
66f36da16f113e0011999ff8,Meitu China,24491.95,65b7e5c3d5f847001169024b,Exchange - RTB - Kwai,54740.88,1.23,301.61
65532f6b6cdf5900118d1f51,STORYMATRIX PTE LTD,13006.37,5caf77f1e04ca66a2d4bcd7c,Exchange - RTB - ByteDance,99039.23,2.23,289.78
579643ec6c081adf5c00004c,Microsoft Casual Games,36743.76,6135c233b2f85d001747c3d2,Exchange - RTB - Bigodsp,34367.18,0.77,284.08
579643ec6c081adf5c00004c,Microsoft Casual Games,36743.76,63217c5d436480001cd32ae4,Exchange - RTB - Xiaomi,33909.47,0.76,280.29
685efaf2892f9d0011d7b87f,The Weather Company,31947.81,61e94b2bc6dbdc0017ea3870,Exchange - RTB - Ignite,37386.64,0.84,268.7
579643ec6c081adf5c00004c,Microsoft Casual Games,36743.76,65660afecebd4a0011dcc2ac,Exchange - RTB - Start.io,31969.92,0.72,264.26
68799f38babc2000110fe539,Duolingo,44860.99,6526e0feb1392d001124df7d,Exchange - RTB - Topon,24908.12,0.56,251.37
685efaf2892f9d0011d7b87f,The Weather Company,31947.81,6135c233b2f85d001747c3d2,Exchange - RTB - Bigodsp,34367.18,0.77,247.0
5efeed113191d60018f0f4e0,LY Corporation,10589.58,5caf77f1e04ca66a2d4bcd7c,Exchange - RTB - ByteDance,99039.23,2.23,235.94
68799f38babc2000110fe539,Duolingo,44860.99,63924801f7a526001bc728e2,Exchange - RTB - Yandex,22770.4,0.51,229.8
68799f38babc2000110fe539,Duolingo,44860.99,63d743e53639240014ba0ddd,Exchange - RTB - OperaUnite,22629.33,0.51,228.38
68799f38babc2000110fe539,Duolingo,44860.99,615ff7aacf8ca30017d834ea,Exchange - RTB - Bluesea,22555.96,0.51,227.64
5b0fc58f19829714e5ad0d2f,Mattel163 Limited,9821.2,5caf77f1e04ca66a2d4bcd7c,Exchange - RTB - ByteDance,99039.23,2.23,218.82
573c1e4c69d550c903000024,"LeYoo,Inc.",6946.53,618a29d9ef3f360017e9acca,Exchange - RTB - Bidease,139825.47,3.15,218.51
653b61bc1f514a0011d4160d,fluct,1826.8,67055dc40f05bd0011e279ae,Exchange - RTB - Temu,518832.06,11.67,213.22
579643ec6c081adf5c00004c,Microsoft Casual Games,36743.76,6526e0feb1392d001124df7d,Exchange - RTB - Topon,24908.12,0.56,205.89
68799f38babc2000110fe539,Duolingo,44860.99,60c86e9b217f2400175cfe6b,Exchange - RTB - Bigabid,20367.55,0.46,205.55
65532f6b6cdf5900118d1f51,STORYMATRIX PTE LTD,13006.37,5e56893e6c71d40018de3ad1,Exchange - RTB - Webeye,68394.02,1.54,200.12
68799f38babc2000110fe539,Duolingo,44860.99,561e8d936b8d90f61a000d2f,Exchange - RTB - Jampp,19538.89,0.44,197.19
579643ec6c081adf5c00004c,Microsoft Casual Games,36743.76,63924801f7a526001bc728e2,Exchange - RTB - Yandex,22770.4,0.51,188.22
579643ec6c081adf5c00004c,Microsoft Casual Games,36743.76,63d743e53639240014ba0ddd,Exchange - RTB - OperaUnite,22629.33,0.51,187.05
579643ec6c081adf5c00004c,Microsoft Casual Games,36743.76,615ff7aacf8ca30017d834ea,Exchange - RTB - Bluesea,22555.96,0.51,186.45
5efeed113191d60018f0f4e0,LY Corporation,10589.58,5fffe796e4fa2100156e364a,Exchange - RTB - Opera,72659.99,1.63,173.09
579643ec6c081adf5c00004c,Microsoft Casual Games,36743.76,61936e419aca75001740e38a,Exchange - RTB - Remerge,20682.83,0.47,170.96
68799f38babc2000110fe539,Duolingo,44860.99,5fd73c61617f68000fb6584f,Exchange - RTB - Kayzen,16371.53,0.37,165.22
6863fe9df000940011f80bcb,Chesscom LLC,4541.48,60bdc983a982ad0017edb6f7,Exchange - RTB - Mintegral,160651.26,3.61,164.13
5efeed113191d60018f0f4e0,LY Corporation,10589.58,5e56893e6c71d40018de3ad1,Exchange - RTB - Webeye,68394.02,1.54,162.93
579643ec6c081adf5c00004c,Microsoft Casual Games,36743.76,561e8d936b8d90f61a000d2f,Exchange - RTB - Jampp,19538.89,0.44,161.51
68799f38babc2000110fe539,Duolingo,44860.99,62451df8df1c7b0011064d0d,Exchange - RTB - DoMob,16002.54,0.36,161.5
65532f6b6cdf5900118d1f51,STORYMATRIX PTE LTD,13006.37,65b7e5c3d5f847001169024b,Exchange - RTB - Kwai,54740.88,1.23,160.17
606c7bac7a37680015801ad8,jiayou,142957.36,67cffc9a23012b0011aed182,Exchange - RTB - Shareit,4745.14,0.11,152.6
68799f38babc2000110fe539,Duolingo,44860.99,61c23cfa1958de001706a194,Exchange- RTB- Acuityads,15088.94,0.34,152.28
5efeed113191d60018f0f4e0,LY Corporation,10589.58,5e89fcef428f870016d9e994,Exchange - RTB - Yeahmobi,62568.25,1.41,149.05
67d0848db62d6b0011ccb35e,SmartNews,17460.91,61e94b2bc6dbdc0017ea3870,Exchange - RTB - Ignite,37386.64,0.84,146.86
68799f38babc2000110fe539,Duolingo,44860.99,644fff26ff6cc5001440892f,Exchange - RTB - BetweenX NWS,13698.3,0.31,138.24
579643ec6c081adf5c00004c,Microsoft Casual Games,36743.76,5fd73c61617f68000fb6584f,Exchange - RTB - Kayzen,16371.53,0.37,135.33
67d0848db62d6b0011ccb35e,SmartNews,17460.91,6135c233b2f85d001747c3d2,Exchange - RTB - Bigodsp,34367.18,0.77,135.0
579643ec6c081adf5c00004c,Microsoft Casual Games,36743.76,62451df8df1c7b0011064d0d,Exchange - RTB - DoMob,16002.54,0.36,132.28
579643ec6c081adf5c00004c,Microsoft Casual Games,36743.76,5e8e56f8fc8d4200150b3c16,Exchange - RTB - Appier,15374.51,0.35,127.09
677bd16443e94a0011b752b2,Samsung Electronics,3472.76,60bdc983a982ad0017edb6f7,Exchange - RTB - Mintegral,160651.26,3.61,125.51
579643ec6c081adf5c00004c,Microsoft Casual Games,36743.76,61c23cfa1958de001706a194,Exchange- RTB- Acuityads,15088.94,0.34,124.72
5b0fc58f19829714e5ad0d2f,Mattel163 Limited,9821.2,65b7e5c3d5f847001169024b,Exchange - RTB - Kwai,54740.88,1.23,120.94
68799f38babc2000110fe539,Duolingo,44860.99,64c165a37c1dd00011cb65f1,Exchange - RTB - RevX,11557.64,0.26,116.64
685efaf2892f9d0011d7b87f,The Weather Company,31947.81,62451df8df1c7b0011064d0d,Exchange - RTB - DoMob,16002.54,0.36,115.01
5d3a5de9ddc71000189c7a84,"Shanghai Linguan Data Co., Ltd.",22298.2,63d743e53639240014ba0ddd,Exchange - RTB - OperaUnite,22629.33,0.51,113.51
579643ec6c081adf5c00004c,Microsoft Casual Games,36743.76,644fff26ff6cc5001440892f,Exchange - RTB - BetweenX NWS,13698.3,0.31,113.23
575d1c861295e1447c0000e5,snaptube,68336.01,62d4edd34b2125001b0a042a,Exchange - RTB - Galaxy,7127.26,0.16,109.57
606c7bac7a37680015801ad8,jiayou,142957.36,671bd87469f356001105653b,Exchange - RTB - Tradplus,3208.01,0.07,103.17
68799f38babc2000110fe539,Duolingo,44860.99,67ef127dc1727d00118d86e2,Exchange - RTB - Criteo,9918.81,0.22,100.1
579643ec6c081adf5c00004c,Microsoft Casual Games,36743.76,64c165a37c1dd00011cb65f1,Exchange - RTB - RevX,11557.64,0.26,95.53
68799f38babc2000110fe539,Duolingo,44860.99,649482d5cec8d700113d2881,Exchange - RTB - InMobi iDSP,9293.14,0.21,93.79
59bbfb5389df7b9d3b000840,Trebel Music,2670.19,618a29d9ef3f360017e9acca,Exchange - RTB - Bidease,139825.47,3.15,83.99
5b1526a7de961d3317b1d475,X-FLOW LTD,21432.61,5fd73c61617f68000fb6584f,Exchange - RTB - Kayzen,16371.53,0.37,78.94
68799f38babc2000110fe539,Duolingo,44860.99,61dba28ceabd16001728ae11,Exchange - RTB - Advlion,7746.25,0.17,78.18
579643ec6c081adf5c00004c,Microsoft Casual Games,36743.76,63d743303639240014ba0dd0,Exchange - RTB - Microcloud,9381.36,0.21,77.55
579643ec6c081adf5c00004c,Microsoft Casual Games,36743.76,649482d5cec8d700113d2881,Exchange - RTB - InMobi iDSP,9293.14,0.21,76.82
5b0fc58f19829714e5ad0d2f,Mattel163 Limited,9821.2,6135c233b2f85d001747c3d2,Exchange - RTB - Bigodsp,34367.18,0.77,75.93
65532f6b6cdf5900118d1f51,STORYMATRIX PTE LTD,13006.37,6526e0feb1392d001124df7d,Exchange - RTB - Topon,24908.12,0.56,72.88
68799f38babc2000110fe539,Duolingo,44860.99,62d4edd34b2125001b0a042a,Exchange - RTB - Galaxy,7127.26,0.16,71.93
56c3a378adccd1cb7e00000a,Zynga,61089.37,67cffc9a23012b0011aed182,Exchange - RTB - Shareit,4745.14,0.11,65.21
5b975fcedc73276356309362,OAKEVER GAMES PTE LTD,222290.25,6168e52a9008de00174bc182,Exchange - RTB - Flatads,1288.78,0.03,64.45
579643ec6c081adf5c00004c,Microsoft Casual Games,36743.76,61dba28ceabd16001728ae11,Exchange - RTB - Advlion,7746.25,0.17,64.03
68799f38babc2000110fe539,Duolingo,44860.99,685d0956892f9d0011d79cb7,Exchange - RTB - Zmaticoo,6105.88,0.14,61.62
5b975fcedc73276356309362,OAKEVER GAMES PTE LTD,222290.25,682accb99886e60011615293,Exchange - RTB - Mindtos,1213.64,0.03,60.69
68799f38babc2000110fe539,Duolingo,44860.99,631c290e3f7bdc001bdfb779,Exchange - RTB - Novabeyond,5973.12,0.13,60.28
561e8d976b8d90f61a0045d7,"PeopleFun, Inc.",34224.18,61dba28ceabd16001728ae11,Exchange - RTB - Advlion,7746.25,0.17,59.64
59bbfb5389df7b9d3b000840,Trebel Music,2670.19,5caf77f1e04ca66a2d4bcd7c,Exchange - RTB - ByteDance,99039.23,2.23,59.49
5efeed113191d60018f0f4e0,LY Corporation,10589.58,6526e0feb1392d001124df7d,Exchange - RTB - Topon,24908.12,0.56,59.34
579643ec6c081adf5c00004c,Microsoft Casual Games,36743.76,62d4edd34b2125001b0a042a,Exchange - RTB - Galaxy,7127.26,0.16,58.91
68799f38babc2000110fe539,Duolingo,44860.99,60c9b375fb988e0017d6e500,Exchange - RTB - Appreciate,5686.49,0.13,57.39
561e8d976b8d90f61a00402a,Gameloft - Master Account,1575.01,60bdc983a982ad0017edb6f7,Exchange - RTB - Mintegral,160651.26,3.61,56.92
685efaf2892f9d0011d7b87f,The Weather Company,31947.81,61dba28ceabd16001728ae11,Exchange - RTB - Advlion,7746.25,0.17,55.67
5b975fcedc73276356309362,OAKEVER GAMES PTE LTD,222290.25,671a9d1a69f3560011055966,Exchange - RTB - Playdigo,1092.72,0.02,54.64
5efeed113191d60018f0f4e0,LY Corporation,10589.58,63d743e53639240014ba0ddd,Exchange - RTB - OperaUnite,22629.33,0.51,53.91
5efeed113191d60018f0f4e0,LY Corporation,10589.58,615ff7aacf8ca30017d834ea,Exchange - RTB - Bluesea,22555.96,0.51,53.73
607d46752ca90f00153876e8,Jungle Frog LDA,10291.05,615ff7aacf8ca30017d834ea,Exchange - RTB - Bluesea,22555.96,0.51,52.22
68799f38babc2000110fe539,Duolingo,44860.99,624a723e1bad4b0011a0cfd7,Exchange - RTB - Xtend,5018.04,0.11,50.64
68799f38babc2000110fe539,Duolingo,44860.99,5f8f4996f2a95d39439fccf1,Exchange - RTB - Bidmachine,4953.19,0.11,49.99
677bd16443e94a0011b752b2,Samsung Electronics,3472.76,5fbc06efdcdfdb0015dda411,Exchange - RTB - Personaly,63692.81,1.43,49.76
579643ec6c081adf5c00004c,Microsoft Casual Games,36743.76,631c290e3f7bdc001bdfb779,Exchange - RTB - Novabeyond,5973.12,0.13,49.37
68799f38babc2000110fe539,Duolingo,44860.99,6391345e690bb000176c1058,Exchange - RTB - Kidoz,4867.99,0.11,49.13
677bd16443e94a0011b752b2,Samsung Electronics,3472.76,5e89fcef428f870016d9e994,Exchange - RTB - Yeahmobi,62568.25,1.41,48.88
68799f38babc2000110fe539,Duolingo,44860.99,67cffc9a23012b0011aed182,Exchange - RTB - Shareit,4745.14,0.11,47.89
579643ec6c081adf5c00004c,Microsoft Casual Games,36743.76,60c9b375fb988e0017d6e500,Exchange - RTB - Appreciate,5686.49,0.13,47.0
65532f6b6cdf5900118d1f51,STORYMATRIX PTE LTD,13006.37,62451df8df1c7b0011064d0d,Exchange - RTB - DoMob,16002.54,0.36,46.82
658a2fc2ab2b4800112923f1,HANGZHOU JF SOFTWARE CO LTD,28763.31,62d4edd34b2125001b0a042a,Exchange - RTB - Galaxy,7127.26,0.16,46.12
630d8dbfb1095d001bb0f04a,Bitsmedia Pte Ltd,2812.52,5fffe796e4fa2100156e364a,Exchange - RTB - Opera,72659.99,1.63,45.97
685efaf2892f9d0011d7b87f,The Weather Company,31947.81,685d0956892f9d0011d79cb7,Exchange - RTB - Zmaticoo,6105.88,0.14,43.88
59bbfb5389df7b9d3b000840,Trebel Music,2670.19,5fffe796e4fa2100156e364a,Exchange - RTB - Opera,72659.99,1.63,43.65
685efaf2892f9d0011d7b87f,The Weather Company,31947.81,631c290e3f7bdc001bdfb779,Exchange - RTB - Novabeyond,5973.12,0.13,42.93
579643ec6c081adf5c00004c,Microsoft Casual Games,36743.76,624a723e1bad4b0011a0cfd7,Exchange - RTB - Xtend,5018.04,0.11,41.48
5c77abceef995c60fecc3f39,FunCorp,2945.23,5e89fcef428f870016d9e994,Exchange - RTB - Yeahmobi,62568.25,1.41,41.46
59bbfb5389df7b9d3b000840,Trebel Music,2670.19,5e56893e6c71d40018de3ad1,Exchange - RTB - Webeye,68394.02,1.54,41.08
579643ec6c081adf5c00004c,Microsoft Casual Games,36743.76,5f8f4996f2a95d39439fccf1,Exchange - RTB - Bidmachine,4953.19,0.11,40.94
579643ec6c081adf5c00004c,Microsoft Casual Games,36743.76,6391345e690bb000176c1058,Exchange - RTB - Kidoz,4867.99,0.11,40.24
5f45fb2f150074001547df11,GeoTechnologies Inc.,4662.33,61e94b2bc6dbdc0017ea3870,Exchange - RTB - Ignite,37386.64,0.84,39.21
606c7bac7a37680015801ad8,jiayou,142957.36,682accb99886e60011615293,Exchange - RTB - Mindtos,1213.64,0.03,39.03
6863fe9df000940011f80bcb,Chesscom LLC,4541.48,61e94b2bc6dbdc0017ea3870,Exchange - RTB - Ignite,37386.64,0.84,38.2
59bbfb5389df7b9d3b000840,Trebel Music,2670.19,5e89fcef428f870016d9e994,Exchange - RTB - Yeahmobi,62568.25,1.41,37.58
579643ec6c081adf5c00004c,Microsoft Casual Games,36743.76,663a7cb734e4cf00117c9299,Exchange - RTB - Rise,4376.88,0.1,36.18
5f45fb2f150074001547df11,GeoTechnologies Inc.,4662.33,6135c233b2f85d001747c3d2,Exchange - RTB - Bigodsp,34367.18,0.77,36.05
6863fe9df000940011f80bcb,Chesscom LLC,4541.48,6135c233b2f85d001747c3d2,Exchange - RTB - Bigodsp,34367.18,0.77,35.11
630d8dbfb1095d001bb0f04a,Bitsmedia Pte Ltd,2812.52,65b7e5c3d5f847001169024b,Exchange - RTB - Kwai,54740.88,1.23,34.64
685efaf2892f9d0011d7b87f,The Weather Company,31947.81,67cffc9a23012b0011aed182,Exchange - RTB - Shareit,4745.14,0.11,34.1
59bbfb5389df7b9d3b000840,Trebel Music,2670.19,65b7e5c3d5f847001169024b,Exchange - RTB - Kwai,54740.88,1.23,32.88
68799f38babc2000110fe539,Duolingo,44860.99,671bd87469f356001105653b,Exchange - RTB - Tradplus,3208.01,0.07,32.38
682b575afc11e60011201e88,Alpred SL,2100.01,5e56893e6c71d40018de3ad1,Exchange - RTB - Webeye,68394.02,1.54,32.31
5b975fcedc73276356309362,OAKEVER GAMES PTE LTD,222290.25,6242aaf6f98c6b001865107f,Exchange - RTB - BidMatrix,600.0,0.01,30.0
561e8d936b8d90f61a001260,MAG Interactive,3763.39,6135c233b2f85d001747c3d2,Exchange - RTB - Bigodsp,34367.18,0.77,29.1
58910f6a5f5e338431000675,Jamcity INC.,7406.72,5fd73c61617f68000fb6584f,Exchange - RTB - Kayzen,16371.53,0.37,27.28
579643ec6c081adf5c00004c,Microsoft Casual Games,36743.76,5c4f514dbfa483080c46675f,Exchange - RTB - LoopMe,3267.72,0.07,27.01
5ce32f41e15f77001148e36d,Zego Global Pte Ltd,16519.88,62d4edd34b2125001b0a042a,Exchange - RTB - Galaxy,7127.26,0.16,26.49
65f02b00af81650011344521,Scatterlab,16282.26,62d4edd34b2125001b0a042a,Exchange - RTB - Galaxy,7127.26,0.16,26.11
5b69051b3a5ab61db2c22189,株式会社GOODROID,16167.45,62d4edd34b2125001b0a042a,Exchange - RTB - Galaxy,7127.26,0.16,25.92
6863fe9df000940011f80bcb,Chesscom LLC,4541.48,6526e0feb1392d001124df7d,Exchange - RTB - Topon,24908.12,0.56,25.45
58737456236d8f446400071c,FIOGONIA LIMITED,18370.55,685d0956892f9d0011d79cb7,Exchange - RTB - Zmaticoo,6105.88,0.14,25.23
59bbfb5389df7b9d3b000840,Trebel Music,2670.19,66cde67e3db5f70011e66c74,Exchange - RTB - Rhebus HK Limited,41801.41,0.94,25.11
68799f38babc2000110fe539,Duolingo,44860.99,5fdbcb6754719a0015122725,Exchange - RTB - Lifestreet,2466.65,0.06,24.89
5fc7301f7a7f0200153979c7,Aged Studio Limited,3056.1,6135c233b2f85d001747c3d2,Exchange - RTB - Bigodsp,34367.18,0.77,23.63
685efaf2892f9d0011d7b87f,The Weather Company,31947.81,671bd87469f356001105653b,Exchange - RTB - Tradplus,3208.01,0.07,23.06
6863fe9df000940011f80bcb,Chesscom LLC,4541.48,615ff7aacf8ca30017d834ea,Exchange - RTB - Bluesea,22555.96,0.51,23.04
59bbfb5389df7b9d3b000840,Trebel Music,2670.19,61e94b2bc6dbdc0017ea3870,Exchange - RTB - Ignite,37386.64,0.84,22.46
68799f38babc2000110fe539,Duolingo,44860.99,62563a74f5c7a20011b32398,Exchange - RTB - Smaato,2192.17,0.05,22.12
680ef700e2291a001165c3eb,HK01 Company Limited,983.96,5caf77f1e04ca66a2d4bcd7c,Exchange - RTB - ByteDance,99039.23,2.23,21.92
6315b8713c59f7001bacf8fb,Pocket Entertainment Services LLC,5872.96,5fd73c61617f68000fb6584f,Exchange - RTB - Kayzen,16371.53,0.37,21.63
65532f6b6cdf5900118d1f51,STORYMATRIX PTE LTD,13006.37,62d4edd34b2125001b0a042a,Exchange - RTB - Galaxy,7127.26,0.16,20.85
59bbfb5389df7b9d3b000840,Trebel Music,2670.19,6135c233b2f85d001747c3d2,Exchange - RTB - Bigodsp,34367.18,0.77,20.64
579643ec6c081adf5c00004c,Microsoft Casual Games,36743.76,5fdbcb6754719a0015122725,Exchange - RTB - Lifestreet,2466.65,0.06,20.39
59bbfb5389df7b9d3b000840,Trebel Music,2670.19,63217c5d436480001cd32ae4,Exchange - RTB - Xiaomi,33909.47,0.76,20.37
6315b8713c59f7001bacf8fb,Pocket Entertainment Services LLC,5872.96,61c23cfa1958de001706a194,Exchange- RTB- Acuityads,15088.94,0.34,19.94
59bbfb5389df7b9d3b000840,Trebel Music,2670.19,67f579a965660600111030c2,Exchange - RTB - Thunder Monetize,33023.0,0.74,19.84
662686e7216c0b00118aef81,Chai Research Corp,5268.49,5fd73c61617f68000fb6584f,Exchange - RTB - Kayzen,16371.53,0.37,19.4
59bbfb5389df7b9d3b000840,Trebel Music,2670.19,65660afecebd4a0011dcc2ac,Exchange - RTB - Start.io,31969.92,0.72,19.2
561e8d936b8d90f61a001260,MAG Interactive,3763.39,615ff7aacf8ca30017d834ea,Exchange - RTB - Bluesea,22555.96,0.51,19.1
69834b2ea3ac73e99b7077db,Teamsnap,602.23,618a29d9ef3f360017e9acca,Exchange - RTB - Bidease,139825.47,3.15,18.94
63c7b6b2f22ae3001457f1fb,"Delight Room Co, Ltd",11367.68,62d4edd34b2125001b0a042a,Exchange - RTB - Galaxy,7127.26,0.16,18.23
579643ec6c081adf5c00004c,Microsoft Casual Games,36743.76,62563a74f5c7a20011b32398,Exchange - RTB - Smaato,2192.17,0.05,18.12
683bc1bb4c15ca0011ad2b91,WONDERFUL TYCOON LIMITED,10096.55,61dba28ceabd16001728ae11,Exchange - RTB - Advlion,7746.25,0.17,17.59
57d1b461ae2b57d903000027,Easybrain Ltd,100981.67,6384f4ef2c8690001430be0d,Exchange - RTB - Yabbi,771.12,0.02,17.52
5efeed113191d60018f0f4e0,LY Corporation,10589.58,62d4edd34b2125001b0a042a,Exchange - RTB - Galaxy,7127.26,0.16,16.98
56c3a378adccd1cb7e00000a,Zynga,61089.37,682accb99886e60011615293,Exchange - RTB - Mindtos,1213.64,0.03,16.68
683bc1bb4c15ca0011ad2b91,WONDERFUL TYCOON LIMITED,10096.55,62d4edd34b2125001b0a042a,Exchange - RTB - Galaxy,7127.26,0.16,16.19
630d8dbfb1095d001bb0f04a,Bitsmedia Pte Ltd,2812.52,6526e0feb1392d001124df7d,Exchange - RTB - Topon,24908.12,0.56,15.76
59bbfb5389df7b9d3b000840,Trebel Music,2670.19,561e8d976b8d90f61a004143,Exchange  - Programmatic,25017.99,0.56,15.03
59bbfb5389df7b9d3b000840,Trebel Music,2670.19,6526e0feb1392d001124df7d,Exchange - RTB - Topon,24908.12,0.56,14.96
59bbfb5389df7b9d3b000840,Trebel Music,2670.19,5f06518e8421a500152881bb,Exchange - RTB - Adikteev,24421.47,0.55,14.67
5af2ae1e0f25612233aa2819,캐시워크,9041.82,62d4edd34b2125001b0a042a,Exchange - RTB - Galaxy,7127.26,0.16,14.5
68799f38babc2000110fe539,Duolingo,44860.99,68f8632d386a23dd1d615bf1,Exchange - RTB - RTB Max,1400.08,0.03,14.13
6863fe9df000940011f80bcb,Chesscom LLC,4541.48,644fff26ff6cc5001440892f,Exchange - RTB - BetweenX NWS,13698.3,0.31,14.0
59bbfb5389df7b9d3b000840,Trebel Music,2670.19,63924801f7a526001bc728e2,Exchange - RTB - Yandex,22770.4,0.51,13.68
59bbfb5389df7b9d3b000840,Trebel Music,2670.19,63d743e53639240014ba0ddd,Exchange - RTB - OperaUnite,22629.33,0.51,13.59
59bbfb5389df7b9d3b000840,Trebel Music,2670.19,615ff7aacf8ca30017d834ea,Exchange - RTB - Bluesea,22555.96,0.51,13.55
561e8d976b8d90f61a00402a,Gameloft - Master Account,1575.01,61e94b2bc6dbdc0017ea3870,Exchange - RTB - Ignite,37386.64,0.84,13.25
57fb4876297c8ce634000039,AbiGroup,3564.18,5fd73c61617f68000fb6584f,Exchange - RTB - Kayzen,16371.53,0.37,13.13
6315b8713c59f7001bacf8fb,Pocket Entertainment Services LLC,5872.96,67ef127dc1727d00118d86e2,Exchange - RTB - Criteo,9918.81,0.22,13.1
68799f38babc2000110fe539,Duolingo,44860.99,6168e52a9008de00174bc182,Exchange - RTB - Flatads,1288.78,0.03,13.01
68799f38babc2000110fe539,Duolingo,44860.99,682accb99886e60011615293,Exchange - RTB - Mindtos,1213.64,0.03,12.25
561e8d976b8d90f61a00402a,Gameloft - Master Account,1575.01,6135c233b2f85d001747c3d2,Exchange - RTB - Bigodsp,34367.18,0.77,12.18
680ef700e2291a001165c3eb,HK01 Company Limited,983.96,65b7e5c3d5f847001169024b,Exchange - RTB - Kwai,54740.88,1.23,12.12
6159d295979b9a001749fd59,Supercent,7451.22,62d4edd34b2125001b0a042a,Exchange - RTB - Galaxy,7127.26,0.16,11.95
59bbfb5389df7b9d3b000840,Trebel Music,2670.19,561e8d936b8d90f61a000d2f,Exchange - RTB - Jampp,19538.89,0.44,11.74
68799f38babc2000110fe539,Duolingo,44860.99,671a9d1a69f3560011055966,Exchange - RTB - Playdigo,1092.72,0.02,11.03
579643ec6c081adf5c00004c,Microsoft Casual Games,36743.76,6168e52a9008de00174bc182,Exchange - RTB - Flatads,1288.78,0.03,10.65
630d8dbfb1095d001bb0f04a,Bitsmedia Pte Ltd,2812.52,62451df8df1c7b0011064d0d,Exchange - RTB - DoMob,16002.54,0.36,10.12
6107c3b4abaef100175b9029,Lessmore UG (haftungsbeschränkt),67254.91,6177a5dce899b2001727f1e8,Exchange - RTB - Algorix,652.12,0.01,9.87
59bbfb5389df7b9d3b000840,Trebel Music,2670.19,62451df8df1c7b0011064d0d,Exchange - RTB - DoMob,16002.54,0.36,9.61
68799f38babc2000110fe539,Duolingo,44860.99,617f985e4f29ac001736e2f4,Exchange - RTB - Adtiming,943.23,0.02,9.52
561e8d936b8d90f61a00059f,Wooga,1217.28,6135c233b2f85d001747c3d2,Exchange - RTB - Bigodsp,34367.18,0.77,9.41
561e8d976b8d90f61a0045d7,"PeopleFun, Inc.",34224.18,682accb99886e60011615293,Exchange - RTB - Mindtos,1213.64,0.03,9.34
579643ec6c081adf5c00004c,Microsoft Casual Games,36743.76,59791c2469736e2d62002c8f,Exchange - RTB - BidSwitch,1114.79,0.03,9.21
5daee25e704bf4001885d0cd,GR GIN RUMMY AND GAMES LTD,596.84,5e56893e6c71d40018de3ad1,Exchange - RTB - Webeye,68394.02,1.54,9.18
59bbfb5389df7b9d3b000840,Trebel Music,2670.19,61c23cfa1958de001706a194,Exchange- RTB- Acuityads,15088.94,0.34,9.06
561e8d936b8d90f61a001412,Bitmango,5624.02,62d4edd34b2125001b0a042a,Exchange - RTB - Galaxy,7127.26,0.16,9.02
5e96c1b29704720015d9f4ae,Guru Network Limited,27965.32,68f8632d386a23dd1d615bf1,Exchange - RTB - RTB Max,1400.08,0.03,8.81
685efaf2892f9d0011d7b87f,The Weather Company,31947.81,682accb99886e60011615293,Exchange - RTB - Mindtos,1213.64,0.03,8.72
68799f38babc2000110fe539,Duolingo,44860.99,5f3dc36a8421a5001528b784,Exchange - RTB - Pubmatic,838.9,0.02,8.47
56c3a378adccd1cb7e00000a,Zynga,61089.37,6358477435d47b0014f36d9b,Exchange - RTB - Brave,602.48,0.01,8.28
59bbfb5389df7b9d3b000840,Trebel Music,2670.19,644fff26ff6cc5001440892f,Exchange - RTB - BetweenX NWS,13698.3,0.31,8.23
6863fe9df000940011f80bcb,Chesscom LLC,4541.48,61dba28ceabd16001728ae11,Exchange - RTB - Advlion,7746.25,0.17,7.91
561e8d936b8d90f61a0011da,Tactile Entertainment,1019.58,6135c233b2f85d001747c3d2,Exchange - RTB - Bigodsp,34367.18,0.77,7.88
685efaf2892f9d0011d7b87f,The Weather Company,31947.81,671a9d1a69f3560011055966,Exchange - RTB - Playdigo,1092.72,0.02,7.85
579643ec6c081adf5c00004c,Microsoft Casual Games,36743.76,617f985e4f29ac001736e2f4,Exchange - RTB - Adtiming,943.23,0.02,7.8
68799f38babc2000110fe539,Duolingo,44860.99,6384f4ef2c8690001430be0d,Exchange - RTB - Yabbi,771.12,0.02,7.78
69834b2ea3ac73e99b7077db,Teamsnap,602.23,65b7e5c3d5f847001169024b,Exchange - RTB - Kwai,54740.88,1.23,7.42
630d8dbfb1095d001bb0f04a,Bitsmedia Pte Ltd,2812.52,64c165a37c1dd00011cb65f1,Exchange - RTB - RevX,11557.64,0.26,7.31
677bd16443e94a0011b752b2,Samsung Electronics,3472.76,649482d5cec8d700113d2881,Exchange - RTB - InMobi iDSP,9293.14,0.21,7.26
579643ec6c081adf5c00004c,Microsoft Casual Games,36743.76,5f3dc36a8421a5001528b784,Exchange - RTB - Pubmatic,838.9,0.02,6.93
68799f38babc2000110fe539,Duolingo,44860.99,6177a5dce899b2001727f1e8,Exchange - RTB - Algorix,652.12,0.01,6.58
579643ec6c081adf5c00004c,Microsoft Casual Games,36743.76,6384f4ef2c8690001430be0d,Exchange - RTB - Yabbi,771.12,0.02,6.37
6863fe9df000940011f80bcb,Chesscom LLC,4541.48,685d0956892f9d0011d79cb7,Exchange - RTB - Zmaticoo,6105.88,0.14,6.24
68799f38babc2000110fe539,Duolingo,44860.99,6358477435d47b0014f36d9b,Exchange - RTB - Brave,602.48,0.01,6.08
68799f38babc2000110fe539,Duolingo,44860.99,6242aaf6f98c6b001865107f,Exchange - RTB - BidMatrix,600.0,0.01,6.06
69834b2ea3ac73e99b7077db,Teamsnap,602.23,60770b778d0e4a0015f20ea9,Exchange - RTB - Smadex,43239.79,0.97,5.86
677cecb33b9ea20011273987,Gravity Labs,3640.19,62d4edd34b2125001b0a042a,Exchange - RTB - Galaxy,7127.26,0.16,5.84
61a8648a7e5a840017b9b668,Conifer Limited,753.69,6135c233b2f85d001747c3d2,Exchange - RTB - Bigodsp,34367.18,0.77,5.83
561e8d936b8d90f61a00046c,"Gamincat, Inc.",3626.32,62d4edd34b2125001b0a042a,Exchange - RTB - Galaxy,7127.26,0.16,5.81
6315b8713c59f7001bacf8fb,Pocket Entertainment Services LLC,5872.96,663a7cb734e4cf00117c9299,Exchange - RTB - Rise,4376.88,0.1,5.78
57fb4876297c8ce634000039,AbiGroup,3564.18,62d4edd34b2125001b0a042a,Exchange - RTB - Galaxy,7127.26,0.16,5.71
561e8d976b8d90f61a00402a,Gameloft - Master Account,1575.01,62451df8df1c7b0011064d0d,Exchange - RTB - DoMob,16002.54,0.36,5.67
69834b2ea3ac73e99b7077db,Teamsnap,602.23,66cde67e3db5f70011e66c74,Exchange - RTB - Rhebus HK Limited,41801.41,0.94,5.66
59bbfb5389df7b9d3b000840,Trebel Music,2670.19,63d743303639240014ba0dd0,Exchange - RTB - Microcloud,9381.36,0.21,5.64
59bbfb5389df7b9d3b000840,Trebel Music,2670.19,649482d5cec8d700113d2881,Exchange - RTB - InMobi iDSP,9293.14,0.21,5.58
64131058280ea30014b0ed99,LINE Digital Frontier,3466.33,62d4edd34b2125001b0a042a,Exchange - RTB - Galaxy,7127.26,0.16,5.56
685efaf2892f9d0011d7b87f,The Weather Company,31947.81,6384f4ef2c8690001430be0d,Exchange - RTB - Yabbi,771.12,0.02,5.54
68799f38babc2000110fe539,Duolingo,44860.99,64371dd35122b200141e0019,Exchange - RTB - Hyper Audience,536.65,0.01,5.42
579643ec6c081adf5c00004c,Microsoft Casual Games,36743.76,6177a5dce899b2001727f1e8,Exchange - RTB - Algorix,652.12,0.01,5.39
561e8d946b8d90f61a0016d5,Big Duck Games,1461.97,5fd73c61617f68000fb6584f,Exchange - RTB - Kayzen,16371.53,0.37,5.38
68799f38babc2000110fe539,Duolingo,44860.99,66ed7eacad09bd00115d1340,Exchange - RTB - Mezzomedia,527.21,0.01,5.32
6863fe9df000940011f80bcb,Chesscom LLC,4541.48,5f8f4996f2a95d39439fccf1,Exchange - RTB - Bidmachine,4953.19,0.11,5.06
58737456236d8f446400071c,FIOGONIA LIMITED,18370.55,682accb99886e60011615293,Exchange - RTB - Mindtos,1213.64,0.03,5.02
579643ec6c081adf5c00004c,Microsoft Casual Games,36743.76,6358477435d47b0014f36d9b,Exchange - RTB - Brave,602.48,0.01,4.98
579643ec6c081adf5c00004c,Microsoft Casual Games,36743.76,6242aaf6f98c6b001865107f,Exchange - RTB - BidMatrix,600.0,0.01,4.96
6863fe9df000940011f80bcb,Chesscom LLC,4541.48,67cffc9a23012b0011aed182,Exchange - RTB - Shareit,4745.14,0.11,4.85
5ce21c80d788b30012b31658,Treenod,3024.75,62d4edd34b2125001b0a042a,Exchange - RTB - Galaxy,7127.26,0.16,4.85
579643ec6c081adf5c00004c,Microsoft Casual Games,36743.76,63212ea1436480001cd3285e,Exchange - RTB - Unruly,579.67,0.01,4.79
685efaf2892f9d0011d7b87f,The Weather Company,31947.81,6177a5dce899b2001727f1e8,Exchange - RTB - Algorix,652.12,0.01,4.69
59bbfb5389df7b9d3b000840,Trebel Music,2670.19,61dba28ceabd16001728ae11,Exchange - RTB - Advlion,7746.25,0.17,4.65
561e8d966b8d90f61a003414,Scopely,15577.3,6168e52a9008de00174bc182,Exchange - RTB - Flatads,1288.78,0.03,4.52
630d8dbfb1095d001bb0f04a,Bitsmedia Pte Ltd,2812.52,62d4edd34b2125001b0a042a,Exchange - RTB - Galaxy,7127.26,0.16,4.51
579643ec6c081adf5c00004c,Microsoft Casual Games,36743.76,64371dd35122b200141e0019,Exchange - RTB - Hyper Audience,536.65,0.01,4.44
69834b2ea3ac73e99b7077db,Teamsnap,602.23,65660afecebd4a0011dcc2ac,Exchange - RTB - Start.io,31969.92,0.72,4.33
685efaf2892f9d0011d7b87f,The Weather Company,31947.81,6242aaf6f98c6b001865107f,Exchange - RTB - BidMatrix,600.0,0.01,4.31
59bbfb5389df7b9d3b000840,Trebel Music,2670.19,62d4edd34b2125001b0a042a,Exchange - RTB - Galaxy,7127.26,0.16,4.28
69834b2ea3ac73e99b7077db,Teamsnap,602.23,5f9b336ea3b86126bbdb3aa1,Exchange - RTB - Aarki,30633.75,0.69,4.15
5d130cdf37472100170775e1,Puzzle1Studio,2395.15,62d4edd34b2125001b0a042a,Exchange - RTB - Galaxy,7127.26,0.16,3.84
595cb8330ceef66964001700,Wemade Play,2321.55,62d4edd34b2125001b0a042a,Exchange - RTB - Galaxy,7127.26,0.16,3.72
62a1815d11112f001a291752,dely Inc.,2314.38,62d4edd34b2125001b0a042a,Exchange - RTB - Galaxy,7127.26,0.16,3.71
59bbfb5389df7b9d3b000840,Trebel Music,2670.19,685d0956892f9d0011d79cb7,Exchange - RTB - Zmaticoo,6105.88,0.14,3.67
5fbcac40ba624b0015a61709,SKplanet,2264.85,62d4edd34b2125001b0a042a,Exchange - RTB - Galaxy,7127.26,0.16,3.63
59bbfb5389df7b9d3b000840,Trebel Music,2670.19,631c290e3f7bdc001bdfb779,Exchange - RTB - Novabeyond,5973.12,0.13,3.59
64ee40f968ec2e001173d7bc,WeatherBug,665.27,5e150c8b5fd7df7b642140df,Exchange - RTB - YouAppi,23456.66,0.53,3.51
5bec0018c9af0a7962a96f4a,Rollic Games,12008.57,6168e52a9008de00174bc182,Exchange - RTB - Flatads,1288.78,0.03,3.48
682b575afc11e60011201e88,Alpred SL,2100.01,62d4edd34b2125001b0a042a,Exchange - RTB - Galaxy,7127.26,0.16,3.37
6108e61a892d1200173b458c,WEBTOON,2037.49,62d4edd34b2125001b0a042a,Exchange - RTB - Galaxy,7127.26,0.16,3.27
69db7b997dbb2c94758de027,kakaopay,2040.45,62d4edd34b2125001b0a042a,Exchange - RTB - Galaxy,7127.26,0.16,3.27
5b1526a7de961d3317b1d475,X-FLOW LTD,21432.61,6177a5dce899b2001727f1e8,Exchange - RTB - Algorix,652.12,0.01,3.14
69834b2ea3ac73e99b7077db,Teamsnap,602.23,63924801f7a526001bc728e2,Exchange - RTB - Yandex,22770.4,0.51,3.08
69834b2ea3ac73e99b7077db,Teamsnap,602.23,63d743e53639240014ba0ddd,Exchange - RTB - OperaUnite,22629.33,0.51,3.07
69834b2ea3ac73e99b7077db,Teamsnap,602.23,615ff7aacf8ca30017d834ea,Exchange - RTB - Bluesea,22555.96,0.51,3.06
59bbfb5389df7b9d3b000840,Trebel Music,2670.19,624a723e1bad4b0011a0cfd7,Exchange - RTB - Xtend,5018.04,0.11,3.01
65e71ba517069f0011a36cfa,Rounds,10348.36,6168e52a9008de00174bc182,Exchange - RTB - Flatads,1288.78,0.03,3.0
59bbfb5389df7b9d3b000840,Trebel Music,2670.19,5f8f4996f2a95d39439fccf1,Exchange - RTB - Bidmachine,4953.19,0.11,2.98
59bbfb5389df7b9d3b000840,Trebel Music,2670.19,6391345e690bb000176c1058,Exchange - RTB - Kidoz,4867.99,0.11,2.92
561e8d976b8d90f61a00418f,Mobirix Corp.,1801.28,62d4edd34b2125001b0a042a,Exchange - RTB - Galaxy,7127.26,0.16,2.89
59bbfb5389df7b9d3b000840,Trebel Music,2670.19,67cffc9a23012b0011aed182,Exchange - RTB - Shareit,4745.14,0.11,2.85
69834b2ea3ac73e99b7077db,Teamsnap,602.23,60c86e9b217f2400175cfe6b,Exchange - RTB - Bigabid,20367.55,0.46,2.76
681c05e62331ea0011439df0,"PSYNET Co,Ltd",1685.46,62d4edd34b2125001b0a042a,Exchange - RTB - Galaxy,7127.26,0.16,2.7
69834b2ea3ac73e99b7077db,Teamsnap,602.23,561e8d936b8d90f61a000d2f,Exchange - RTB - Jampp,19538.89,0.44,2.65
59bbfb5389df7b9d3b000840,Trebel Music,2670.19,663a7cb734e4cf00117c9299,Exchange - RTB - Rise,4376.88,0.1,2.63
561e8d956b8d90f61a0026fb,Gametion,1601.69,62d4edd34b2125001b0a042a,Exchange - RTB - Galaxy,7127.26,0.16,2.57
5fe2fafd6013fb0015208652,GamoVation,18225.1,6242aaf6f98c6b001865107f,Exchange - RTB - BidMatrix,600.0,0.01,2.46
5d5a4104cec59b0017a0151f,adpopcorn,1497.14,62d4edd34b2125001b0a042a,Exchange - RTB - Galaxy,7127.26,0.16,2.4
561e8d946b8d90f61a0016d5,Big Duck Games,1461.97,62d4edd34b2125001b0a042a,Exchange - RTB - Galaxy,7127.26,0.16,2.34
5d5a6ff0b0f60d00173de1f6,PLAYLINKS CORP,1440.84,62d4edd34b2125001b0a042a,Exchange - RTB - Galaxy,7127.26,0.16,2.31
59bbfb5389df7b9d3b000840,Trebel Music,2670.19,690b67ee68a76483c6871c19,Exchange - RTB - Magnite Direct Placements,3765.54,0.08,2.26
6863fe9df000940011f80bcb,Chesscom LLC,4541.48,62563a74f5c7a20011b32398,Exchange - RTB - Smaato,2192.17,0.05,2.24
69834b2ea3ac73e99b7077db,Teamsnap,602.23,5fd73c61617f68000fb6584f,Exchange - RTB - Kayzen,16371.53,0.37,2.22
69834b2ea3ac73e99b7077db,Teamsnap,602.23,62451df8df1c7b0011064d0d,Exchange - RTB - DoMob,16002.54,0.36,2.17
69834b2ea3ac73e99b7077db,Teamsnap,602.23,61c23cfa1958de001706a194,Exchange- RTB- Acuityads,15088.94,0.34,2.04
65fa476ea576f30011b05d36,Yanadoo,1242.18,62d4edd34b2125001b0a042a,Exchange - RTB - Galaxy,7127.26,0.16,1.99
59bbfb5389df7b9d3b000840,Trebel Music,2670.19,5c4f514dbfa483080c46675f,Exchange - RTB - LoopMe,3267.72,0.07,1.96
59bbfb5389df7b9d3b000840,Trebel Music,2670.19,671bd87469f356001105653b,Exchange - RTB - Tradplus,3208.01,0.07,1.93
5e5381e2bd20d800170948e8,ActionFit,1188.8,62d4edd34b2125001b0a042a,Exchange - RTB - Galaxy,7127.26,0.16,1.91
69834b2ea3ac73e99b7077db,Teamsnap,602.23,644fff26ff6cc5001440892f,Exchange - RTB - BetweenX NWS,13698.3,0.31,1.86
677bd16443e94a0011b752b2,Samsung Electronics,3472.76,62563a74f5c7a20011b32398,Exchange - RTB - Smaato,2192.17,0.05,1.71
5cd2a8723b1ebe0018ed251b,"CashWalk Labs, Inc.",1034.08,62d4edd34b2125001b0a042a,Exchange - RTB - Galaxy,7127.26,0.16,1.66
69834b2ea3ac73e99b7077db,Teamsnap,602.23,64c165a37c1dd00011cb65f1,Exchange - RTB - RevX,11557.64,0.26,1.57
607d46752ca90f00153876e8,Jungle Frog LDA,10291.05,6177a5dce899b2001727f1e8,Exchange - RTB - Algorix,652.12,0.01,1.51
59bbfb5389df7b9d3b000840,Trebel Music,2670.19,5fdbcb6754719a0015122725,Exchange - RTB - Lifestreet,2466.65,0.06,1.48
6315b8713c59f7001bacf8fb,Pocket Entertainment Services LLC,5872.96,59791c2469736e2d62002c8f,Exchange - RTB - BidSwitch,1114.79,0.03,1.47
622b47b3551bf4001bcdc8c0,WHOYAHO CORP.,843.02,62d4edd34b2125001b0a042a,Exchange - RTB - Galaxy,7127.26,0.16,1.35
69834b2ea3ac73e99b7077db,Teamsnap,602.23,67ef127dc1727d00118d86e2,Exchange - RTB - Criteo,9918.81,0.22,1.34
6644af53557b6e0011536e74,Levit inc,830.65,62d4edd34b2125001b0a042a,Exchange - RTB - Galaxy,7127.26,0.16,1.33
59bbfb5389df7b9d3b000840,Trebel Music,2670.19,62563a74f5c7a20011b32398,Exchange - RTB - Smaato,2192.17,0.05,1.32
6863fe9df000940011f80bcb,Chesscom LLC,4541.48,6168e52a9008de00174bc182,Exchange - RTB - Flatads,1288.78,0.03,1.32
69834b2ea3ac73e99b7077db,Teamsnap,602.23,649482d5cec8d700113d2881,Exchange - RTB - InMobi iDSP,9293.14,0.21,1.26
686c8b9cf56dd70011f46f36,株式会社MIXI,740.1,62d4edd34b2125001b0a042a,Exchange - RTB - Galaxy,7127.26,0.16,1.19
64fece6f27f7020011a8b65f,"Uprise, Inc",731.32,62d4edd34b2125001b0a042a,Exchange - RTB - Galaxy,7127.26,0.16,1.17
57ea2d4eded16aa12b0000ab,SuperBOX,670.5,62d4edd34b2125001b0a042a,Exchange - RTB - Galaxy,7127.26,0.16,1.08
680b0906f615890011048c59,LinQ inc,660.4,62d4edd34b2125001b0a042a,Exchange - RTB - Galaxy,7127.26,0.16,1.06
69834b2ea3ac73e99b7077db,Teamsnap,602.23,61dba28ceabd16001728ae11,Exchange - RTB - Advlion,7746.25,0.17,1.05
688053a1babc200011103478,Dragonvale,649.69,62d4edd34b2125001b0a042a,Exchange - RTB - Galaxy,7127.26,0.16,1.04
60dbe38e8ddaba001783e49e,StarMaker,568.35,61dba28ceabd16001728ae11,Exchange - RTB - Advlion,7746.25,0.17,0.99
590fd03d0c7d4aaa5d000534,"Tokyo Tsushin,Inc.",611.78,62d4edd34b2125001b0a042a,Exchange - RTB - Galaxy,7127.26,0.16,0.98
69834b2ea3ac73e99b7077db,Teamsnap,602.23,62d4edd34b2125001b0a042a,Exchange - RTB - Galaxy,7127.26,0.16,0.97
56cc24fd0becf82e6b00001b,Springcomes,559.07,62d4edd34b2125001b0a042a,Exchange - RTB - Galaxy,7127.26,0.16,0.9
57ca837de17f8f54200000b1,Devsisters,560.51,62d4edd34b2125001b0a042a,Exchange - RTB - Galaxy,7127.26,0.16,0.9
5cdbbde761a35300113a8856,Amazia.Inc,540.19,62d4edd34b2125001b0a042a,Exchange - RTB - Galaxy,7127.26,0.16,0.87
65e5a0f19e0d930011143dfa,GOGOLOOK CO LTD,532.91,62d4edd34b2125001b0a042a,Exchange - RTB - Galaxy,7127.26,0.16,0.85
68088981e2291a0011658737,i-mobile,530.95,62d4edd34b2125001b0a042a,Exchange - RTB - Galaxy,7127.26,0.16,0.85
59bbfb5389df7b9d3b000840,Trebel Music,2670.19,68f8632d386a23dd1d615bf1,Exchange - RTB - RTB Max,1400.08,0.03,0.84
5a53889945eaab512501251e,AddApptr GmbH,2834.54,6168e52a9008de00174bc182,Exchange - RTB - Flatads,1288.78,0.03,0.82
5daee25e704bf4001885d0cd,GR GIN RUMMY AND GAMES LTD,596.84,685d0956892f9d0011d79cb7,Exchange - RTB - Zmaticoo,6105.88,0.14,0.82
69834b2ea3ac73e99b7077db,Teamsnap,602.23,631c290e3f7bdc001bdfb779,Exchange - RTB - Novabeyond,5973.12,0.13,0.81
59bbfb5389df7b9d3b000840,Trebel Music,2670.19,6168e52a9008de00174bc182,Exchange - RTB - Flatads,1288.78,0.03,0.77
69834b2ea3ac73e99b7077db,Teamsnap,602.23,60c9b375fb988e0017d6e500,Exchange - RTB - Appreciate,5686.49,0.13,0.77
59bbfb5389df7b9d3b000840,Trebel Music,2670.19,682accb99886e60011615293,Exchange - RTB - Mindtos,1213.64,0.03,0.73
5a53889945eaab512501251e,AddApptr GmbH,2834.54,59791c2469736e2d62002c8f,Exchange - RTB - BidSwitch,1114.79,0.03,0.71
69834b2ea3ac73e99b7077db,Teamsnap,602.23,624a723e1bad4b0011a0cfd7,Exchange - RTB - Xtend,5018.04,0.11,0.68
59bbfb5389df7b9d3b000840,Trebel Music,2670.19,59791c2469736e2d62002c8f,Exchange - RTB - BidSwitch,1114.79,0.03,0.67
69834b2ea3ac73e99b7077db,Teamsnap,602.23,5f8f4996f2a95d39439fccf1,Exchange - RTB - Bidmachine,4953.19,0.11,0.67
677bd16443e94a0011b752b2,Samsung Electronics,3472.76,5f3dc36a8421a5001528b784,Exchange - RTB - Pubmatic,838.9,0.02,0.66
69834b2ea3ac73e99b7077db,Teamsnap,602.23,6391345e690bb000176c1058,Exchange - RTB - Kidoz,4867.99,0.11,0.66
59bbfb5389df7b9d3b000840,Trebel Music,2670.19,671a9d1a69f3560011055966,Exchange - RTB - Playdigo,1092.72,0.02,0.66
69834b2ea3ac73e99b7077db,Teamsnap,602.23,67cffc9a23012b0011aed182,Exchange - RTB - Shareit,4745.14,0.11,0.64
59bbfb5389df7b9d3b000840,Trebel Music,2670.19,617f985e4f29ac001736e2f4,Exchange - RTB - Adtiming,943.23,0.02,0.57
59bbfb5389df7b9d3b000840,Trebel Music,2670.19,5f3dc36a8421a5001528b784,Exchange - RTB - Pubmatic,838.9,0.02,0.5
59bbfb5389df7b9d3b000840,Trebel Music,2670.19,6384f4ef2c8690001430be0d,Exchange - RTB - Yabbi,771.12,0.02,0.46
57e3bb936c2966b53500009f,Moonfrog Labs Pvt. Ltd.,1572.64,682accb99886e60011615293,Exchange - RTB - Mindtos,1213.64,0.03,0.43
69834b2ea3ac73e99b7077db,Teamsnap,602.23,671bd87469f356001105653b,Exchange - RTB - Tradplus,3208.01,0.07,0.43
58665aa0444a4aeb0d000130,Instabridge Sweden AB,1442.74,6168e52a9008de00174bc182,Exchange - RTB - Flatads,1288.78,0.03,0.42
59bbfb5389df7b9d3b000840,Trebel Music,2670.19,6177a5dce899b2001727f1e8,Exchange - RTB - Algorix,652.12,0.01,0.39
58665aa0444a4aeb0d000130,Instabridge Sweden AB,1442.74,59791c2469736e2d62002c8f,Exchange - RTB - BidSwitch,1114.79,0.03,0.36
59bbfb5389df7b9d3b000840,Trebel Music,2670.19,6242aaf6f98c6b001865107f,Exchange - RTB - BidMatrix,600.0,0.01,0.36
59bbfb5389df7b9d3b000840,Trebel Music,2670.19,6358477435d47b0014f36d9b,Exchange - RTB - Brave,602.48,0.01,0.36
59bbfb5389df7b9d3b000840,Trebel Music,2670.19,63212ea1436480001cd3285e,Exchange - RTB - Unruly,579.67,0.01,0.35
59bbfb5389df7b9d3b000840,Trebel Music,2670.19,690abe83eb3bf4c11bf9175c,Exchange - RTB - Anzu.io,563.18,0.01,0.34
69834b2ea3ac73e99b7077db,Teamsnap,602.23,5fdbcb6754719a0015122725,Exchange - RTB - Lifestreet,2466.65,0.06,0.33
59bbfb5389df7b9d3b000840,Trebel Music,2670.19,6716f3d175b32c0011dcb46d,Exchange - RTB - Kargo,541.22,0.01,0.33
59bbfb5389df7b9d3b000840,Trebel Music,2670.19,64371dd35122b200141e0019,Exchange - RTB - Hyper Audience,536.65,0.01,0.32
59bbfb5389df7b9d3b000840,Trebel Music,2670.19,66ed7eacad09bd00115d1340,Exchange - RTB - Mezzomedia,527.21,0.01,0.32
69834b2ea3ac73e99b7077db,Teamsnap,602.23,62563a74f5c7a20011b32398,Exchange - RTB - Smaato,2192.17,0.05,0.3
69834b2ea3ac73e99b7077db,Teamsnap,602.23,68f8632d386a23dd1d615bf1,Exchange - RTB - RTB Max,1400.08,0.03,0.19
69834b2ea3ac73e99b7077db,Teamsnap,602.23,6168e52a9008de00174bc182,Exchange - RTB - Flatads,1288.78,0.03,0.17
5daee25e704bf4001885d0cd,GR GIN RUMMY AND GAMES LTD,596.84,682accb99886e60011615293,Exchange - RTB - Mindtos,1213.64,0.03,0.16
69834b2ea3ac73e99b7077db,Teamsnap,602.23,682accb99886e60011615293,Exchange - RTB - Mindtos,1213.64,0.03,0.16
69834b2ea3ac73e99b7077db,Teamsnap,602.23,671a9d1a69f3560011055966,Exchange - RTB - Playdigo,1092.72,0.02,0.15
69834b2ea3ac73e99b7077db,Teamsnap,602.23,617f985e4f29ac001736e2f4,Exchange - RTB - Adtiming,943.23,0.02,0.13
69834b2ea3ac73e99b7077db,Teamsnap,602.23,5f3dc36a8421a5001528b784,Exchange - RTB - Pubmatic,838.9,0.02,0.11
69834b2ea3ac73e99b7077db,Teamsnap,602.23,6384f4ef2c8690001430be0d,Exchange - RTB - Yabbi,771.12,0.02,0.1
69834b2ea3ac73e99b7077db,Teamsnap,602.23,6177a5dce899b2001727f1e8,Exchange - RTB - Algorix,652.12,0.01,0.09
69834b2ea3ac73e99b7077db,Teamsnap,602.23,6242aaf6f98c6b001865107f,Exchange - RTB - BidMatrix,600.0,0.01,0.08
69834b2ea3ac73e99b7077db,Teamsnap,602.23,6358477435d47b0014f36d9b,Exchange - RTB - Brave,602.48,0.01,0.08
69834b2ea3ac73e99b7077db,Teamsnap,602.23,66ed7eacad09bd00115d1340,Exchange - RTB - Mezzomedia,527.21,0.01,0.07
69834b2ea3ac73e99b7077db,Teamsnap,602.23,6716f3d175b32c0011dcb46d,Exchange - RTB - Kargo,541.22,0.01,0.07
69834b2ea3ac73e99b7077db,Teamsnap,602.23,64371dd35122b200141e0019,Exchange - RTB - Hyper Audience,536.65,0.01,0.07
