app_id,app_name,account_id,account_name,total_spend_7d,daily_spend
624d1d920ea4f6b17766ae63,Block Blast-ios,606c7bac7a37680015801ad8,jiayou,851564.5979141779,121652.08541631114
633549fb3901c096a37b2893,Block Juggle—GP,606c7bac7a37680015801ad8,jiayou,484582.15568155004,69226.02224022143
659e1333a5c8c578aac410f0,Vita Mahjong Android,5b975fcedc73276356309362,OAKEVER GAMES PTE LTD,407947.6885401158,58278.24122001654
650363ddd38855ef54aae568,OfferUp iOS,650360eb0950ee00114dc484,OfferUp,298318.20394732116,42616.88627818874
685f0edd6d5c129491a495a9,Weather - The Weather Channel,685efaf2892f9d0011d7b87f,The Weather Company,292227.0792186937,41746.72560267053
632cc70d35cc2d93ebf3b2d5,Candy Crush Saga_iOS,622b9915ac4bf1001715b790,Activision Blizzard Media (King),274824.76336414274,39260.68048059182
632cc7810ca02c6344d51822,Candy Crush Saga_Android,622b9915ac4bf1001715b790,Activision Blizzard Media (King),263455.5414501751,37636.50592145359
575d1cfa8eee0c91140000be,Snaptube,575d1c861295e1447c0000e5,snaptube,224620.71539673454,32088.673628104934
5346f0f55cd3b9056a000074,iOS Solitaire,561e8d936b8d90f61a000455,Mobility Ware,222967.38218430264,31852.483169186093
67a5cb9db7c0c84dcaf1eead,Melolo,67a5bd8b7e5a1b00114a860e,POLIGON PTE LTD,213574.6067745512,30510.658110650173
653a33af7b1a3c2b6f2b138a,Vita Mahjong,5b975fcedc73276356309362,OAKEVER GAMES PTE LTD,195782.62677444334,27968.946682063335
63d77f6407dd8c480b4ebaa1,Reelshort-Android,59baf611f2287a750a0034c2,CrazyMaple Studio,185970.21393339854,26567.173419056933
684fe5259f7ebc7d027585c8,IOS | Flashscore: Live Scores & News,684c3af4806ba9001147f9cd,Livesport sro,184364.98090646835,26337.854415209764
5b2abc08c4867b46785c2206,Grindr - iOS,5b2aad55ec47af23be0124fc,Grindr,184339.1990319524,26334.17129027891
687fc946b7d9308ece480379,Duolingo,68799f38babc2000110fe539,Duolingo,183086.36882423717,26155.195546319595
6642cedde0cbed6459a1b75e,Tile Trip Android,5b975fcedc73276356309362,OAKEVER GAMES PTE LTD,170972.0089464307,24424.572706632956
68887aeb5f7b35e31f06647a,Word Solitaire: Associations IOS,6021599b8b3e5600159fcc76,HITAPPS GAMES LTD,167233.52381418354,23890.50340202622
685b5cb975c4436861cc7c72,Mahjong - Royal Tiles GP,67b5bff30471850011443643,HURELAX PTE LTD,163770.7298055554,23395.81854365077
64afc9c087a62f8001c6a27d,MetroZone,64afadea4da41800114faaeb,Unity - Americas,159513.97498704027,22787.710712434324
689b0fdef369593cb0e287e9,FreeReels-安卓,67c01767cc8ae200116e5d00,Skywork AI PTELTD,156819.28524012963,22402.75503430423
5f07f6f990f19b0001fa32ac,Lark Player,575d1c861295e1447c0000e5,snaptube,156210.93278532987,22315.84754076141
687fc975b7d9308ece480382,Duolingo,68799f38babc2000110fe539,Duolingo,150859.94429473518,21551.420613533595
62a0dc588e56934e78819436,TextNow Android,622a3f10c690c40013e4728e,TextNow,139205.56406240584,19886.509151772265
57979405fb0fb7fc6e0000a2,Solitaire Collection Windows,579643ec6c081adf5c00004c,Microsoft Casual Games,136777.66840000107,19539.666914285866
6649f71d6e3e372b114a9a75,Video Lite,6649f6de557b6e0011539536,Snackbox Inc,130352.01267743095,18621.71609677585
66857e436204497f762a9aad,Tumblr,668545a239a54a0011299e6e,Automattic,121946.59702015505,17420.942431450723
6716548809f72ec0f50798ed,Vinted IOS,670cfa366f113e00119a799f,Vinted,119075.33126258515,17010.761608940735
63d77e2191f962a0f3ba0fbc,Reelshort-iOS,59baf611f2287a750a0034c2,CrazyMaple Studio,115395.69036897553,16485.098624139362
67078f17c81241f35a6237cb,iOS 365Scores: Live Scores & News,67078359be02e20011a686ec,365scores,113398.41052739312,16199.772932484731
5f3fcad2f503650001352dfc,Woodoku,5c05196699e4374b87bda3b9,Tripledot Studios,112554.77306053165,16079.253294361664
5ee96179d43e3a0001751cb0,Android Spades,561e8d936b8d90f61a000455,Mobility Ware,111760.67063451387,15965.810090644838
5c708b8a680cf16c1f43417f,Musi - Simple Music Streaming,5bccfdfc02937a3064660fb7,Musi Inc.,110366.01514604839,15766.573592292627
5d3e9f2d7ea085001866a696,扫描全能王,5d3a5de9ddc71000189c7a84,"Shanghai Linguan Data Co., Ltd.",109503.7560794039,15643.393725629128
5dfae2bf66091a78d58169d1,Words With Friends 3 Word Game,56c3a378adccd1cb7e00000a,Zynga,109059.00180971391,15579.857401387702
6571c9ecba6511036ea4df55,Eyecon,6570788bee73b50011dbb6f6,Eyecon Global Ltd,108071.08186538462,15438.725980769232
58ebd9a452140fe55600117e,Wordscapes,561e8d976b8d90f61a0045d7,"PeopleFun, Inc.",102159.51351414534,14594.216216306477
686eb03d675b99fe079dac34,Arrows Android,6107c3b4abaef100175b9029,Lessmore UG (haftungsbeschränkt),100642.06106338701,14377.437294769572
5efb5d6c93032a0001e65bce,Woodoku,5c05196699e4374b87bda3b9,Tripledot Studios,99337.85296949664,14191.121852785234
686295a9394e0109dd4a2580,Flightradar24 | Flight Tracker,6862932aaff9d800114174ac,Flightradar24 AB,99152.9853397595,14164.712191394214
62f26eace36b0fcf8cd64d02,Dream League Soccer,6247027c20721a0018bb6528,First Touch Games,91875.27227882683,13125.038896975262
5dfae5f6c3936b78cf456b7d,Words With Friends 3 Android,56c3a378adccd1cb7e00000a,Zynga,90512.21829025436,12930.316898607765
66c4130fe2d733cb76cdd336,NetShort_IOS,66bf1c62ddea6f0011b313a9,NETSTORY PTE LTD,90090.91682476873,12870.130974966962
66f38672cde9700bb6f022ba,美圖秀秀,66f36da16f113e0011999ff8,Meitu China,89636.66093047059,12805.237275781514
67e244a666c089d2cb4950a2,V380 Pro,67e22d64b039580011378f33,"Guangzhou Hongshi information Technology Co., Ltd.",88544.12328650148,12649.160469500212
66a0d468e33c9a548741a772,Poly.AI iOS,6698b45b60e2ea00114aa807,Poly.AI Android,86766.99191273186,12395.284558961694
638badd694d1fb9053c85621,Locket iOS,638badabfc61bb001443e715,"Locket Labs, Inc",86736.87713748962,12390.982448212802
64c35f65eaf5dbf4a692b175,Capcut_android,64c3551f1e5137001122d418,BYTEDANCE PTE LTD,85439.79626462868,12205.68518066124
62b9bf18ca3b3113d9762db1,TextFree iOS (53),62b9ac4282628b001b5ab74a,Pinger,84337.05383000655,12048.150547143794
5c093910a4a7ea3d70999820,Solitaire - A Classic Card Game,5c05196699e4374b87bda3b9,Tripledot Studios,83767.2328921131,11966.747556016157
6642cf9be0cbed6459a1b767,Tile Trip iOS,5b975fcedc73276356309362,OAKEVER GAMES PTE LTD,82258.90661088529,11751.272372983613
661c9929d4cf07f390cebecb,iCSee,658a2fc2ab2b4800112923f1,HANGZHOU JF SOFTWARE CO LTD,80277.29577341449,11468.185110487784
5ee8976e2df77a0001480c94,ZEDGE Wallpapers & Ringtones,5af5b8f9e408f136156e7cae,"Zedge, Inc.",79083.93068690684,11297.704383843835
632cc883144718961252fcd2,Candy Crush Soda Saga_Android,622b9915ac4bf1001715b790,Activision Blizzard Media (King),78375.66257122757,11196.523224461082
685b5c3275c4436861cc7bec,Mahjong - Royal Tiles IOS,67b5bff30471850011443643,HURELAX PTE LTD,77876.21387275099,11125.173410392998
667c14204d6765df32fe9234,Tile Club,5fe2fafd6013fb0015208652,GamoVation,75850.76307509438,10835.823296442055
5b2abc52c4867b46785c2450,Grindr - Android,5b2aad55ec47af23be0124fc,Grindr,75667.16393001597,10809.59484714514
592fc29cc10833a4760012c6,Sudoku - Classic Sudoku Puzzle Game,57d1b461ae2b57d903000027,Easybrain Ltd,75370.80662131755,10767.25808875965
661556bb5b2dea6d39bb0063,Crossword Master GP,57d1b461ae2b57d903000027,Easybrain Ltd,74515.15728097323,10645.022468710462
69437e6fed3b627e3079edb8,NewsBreak: Local News & Alerts,69379d46192ce0aadaecc874,Particle Media Inc,72949.97869548755,10421.425527926793
6111ed034fa8e426cba05ace,Vidmate,6108e1635335b40017097948,new insight,72931.58823029516,10418.798318613595
69b7c74fe797e72329f6938f,zhouwu19894325-gmail-com_com-toplinkc-foxexcellent,6297c4bc012073001b3df035,Yandex Inc.,72922.58160385133,10417.511657693047
661f294d8f28921b7a276537,iCSee,658a2fc2ab2b4800112923f1,HANGZHOU JF SOFTWARE CO LTD,72576.73506870841,10368.105009815486
5af2c576731d33224a6b9f2d,캐시워크 - 돈버는 만보기 잠금화면,5af2ae1e0f25612233aa2819,캐시워크,71748.9451183257,10249.849302617959
686cdae238a354d88e4ccb38,Hexa Away_iOS,5b69051b3a5ab61db2c22189,株式会社GOODROID,71014.60832890586,10144.944046986551
66d6b892e6845db6f88fb048,com.xiaomi.mipicks,66d6b6896f113e001198b89c,Xiaomi Group,70631.85066741717,10090.264381059595
62d5275500cb8a913fd2b4dd,VPN - Super Unlimited Proxy,629f58df585252001b83d5f1,Super Unlimited Inc.,70445.73887365675,10063.676981950965
6266b49b6a7efba7e6ccbbe1,Travel Town iOS,561e8d966b8d90f61a0033c4,Moon Active,69743.27340652708,9963.324772361011
68515eedd1432abf30525019,Block Crush GP,683bc1bb4c15ca0011ad2b91,WONDERFUL TYCOON LIMITED,68780.13905247962,9825.73415035423
50046b006d791be34e17e959,Hay Day IOS,561e8d936b8d90f61a000ade,Supercell,65889.97625051279,9412.853750073255
69b1908779865051d32f1222,"Character AI: Chat, Talk, Text",698a6771eea67583ba0bada3,CharacterAI,64506.87182022577,9215.267402889396
53e0f868838d31b86d00002f,iOS Spider,561e8d936b8d90f61a000455,Mobility Ware,64176.30291296926,9168.043273281322
69437dbc01d2a42bf6087b8f,Scoopz: Your People Your Video,69379d46192ce0aadaecc874,Particle Media Inc,63848.80173035932,9121.257390051333
62314e03f09a34c4383095da,Pure Tuber,622f25f89bc0cb0014c6c06f,individual,63619.916907770355,9088.559558252908
67d272dadc73e19db732c198,SmartNews iOS,67d0848db62d6b0011ccb35e,SmartNews,63344.72382612429,9049.2462608749
632cc65fb9383affd1497167,Farm Heroes Saga_Android,622b9915ac4bf1001715b790,Activision Blizzard Media (King),62644.214486935605,8949.173498133658
640554dbf2aab3d34f7b4432,imo_stable,63f725cfaa034900149db38c,Bigo,61246.8139572393,8749.544851034185
62f26e8e348007e331ea2907,Dream League Soccer,6247027c20721a0018bb6528,First Touch Games,60462.890741232535,8637.555820176076
671654af58450cca797bb25d,Vinted Android,670cfa366f113e00119a799f,Vinted,60268.39121804892,8609.770174006988
68f7eda0b65407fe11cbcc7c,Arrow Out,5f064bf93191d60018f0fd5a,Lion Studios,60236.002646016714,8605.143235145244
698a67f2da615c18d6dab1bd,Character.ai,698a6771eea67583ba0bada3,CharacterAI,59590.05325429414,8512.864750613448
632cc7ff0c0bbbf867b264ab,Candy Crush Soda Saga_iOS,622b9915ac4bf1001715b790,Activision Blizzard Media (King),59347.37317981958,8478.196168545654
5ee009ec8ca79a00013f1b95,IOS Spades,561e8d936b8d90f61a000455,Mobility Ware,57417.95099902798,8202.564428432568
6785d3c3d85b8663adee2cba,Screwdom_IOS_com.dino.screwdom,5ce32f41e15f77001148e36d,Zego Global Pte Ltd,57046.59148262702,8149.513068946717
67b5f7021be9345ad181a7d8,Sofascore IOS,67b5b2c077bd1c00117b9adc,Sofa IT doo,56473.81830027305,8067.688328610436
68515f1b9f7ebc7d027598ec,Block Crush iOS,683bc1bb4c15ca0011ad2b91,WONDERFUL TYCOON LIMITED,54775.01446264408,7825.002066092012
689c4f436dce1f7513be19b9,Arrows – Puzzle Escape,6107c3b4abaef100175b9029,Lessmore UG (haftungsbeschränkt),54074.043490150936,7724.863355735848
5ae1d7c5cf3ad762761bbca1,Badoo - Free Chat & Dating App,5aafdd4a0520357fabf54aa6,Badoo,53671.12820069176,7667.304028670252
58ed4805d573baf555001be0,Wordscapes GP,561e8d976b8d90f61a0045d7,"PeopleFun, Inc.",53641.34731879902,7663.049616971288
5346f0237963ec4e6a0000c6,Android Solitaire,561e8d936b8d90f61a000455,Mobility Ware,53263.29144075232,7609.041634393188
684fe594c195c4600e876f24,AND | Flashscore: Live Scores & News,684c3af4806ba9001147f9cd,Livesport sro,53226.413844804556,7603.773406400651
59e7dc15a81a003c1700ebfe,Scrabble Go,561e8d966b8d90f61a003414,Scopely,52845.992581040824,7549.427511577261
65fbcd09d68917830d40a9d5,zeta iOS,65f02b00af81650011344521,Scatterlab,52590.03537331921,7512.862196188458
52a764b09fd76a3932000008,Hay Day Android,561e8d936b8d90f61a000ade,Supercell,52063.03291193483,7437.576130276405
67f64bb2ee3e8a4c67ae7434,Bubble Buster,634d301fa3774b001b7c0dbc,ToGather Fun Limited,51561.986427067095,7365.998061009585
623a9298a2335a0f5b77a0aa,LINE：ディズニーツムツム,5efeed113191d60018f0f4e0,LY Corporation,51408.5227358321,7344.074676547442
67e2464166c089d2cb4950a7,V380 Pro,67e22d64b039580011378f33,"Guangzhou Hongshi information Technology Co., Ltd.",51364.43195667224,7337.77599381032
68762a46e27c18d19b12edde,Sled Surfers iOS_CL,59e4bb543f0fa9a20900afa3,TabTale LTD,51241.41777666785,7320.202539523978
5be9c1194d3adf04414b15de,Audiomack | Download New Music,5f73ab8ec84db80016b354bb,Audiomack Inc.,50656.7974955447,7236.685356506386
6267b266886bc70496f956fa,Travel Town Android,561e8d966b8d90f61a0033c4,Moon Active,50241.712939139674,7177.3875627342395
661898f2c0c070078a977fb4,Goods Sorting: Match 3 Puzzle iOS PM_1945,5a57133a3610bbb671016ff3,FALCON GLOBAL LTD.,49986.00412300906,7140.857731858437
5aafe5c62567717fa575bfc1,Badoo - The Dating App,5aafdd4a0520357fabf54aa6,Badoo,49355.57154004895,7050.795934292707
5b83e2f3ebcb4a0f62d80e85,Paper.io 2,56d55c72562b9c353800000d,Voodoo,48484.75590103573,6926.393700147962
65714019a5cc307500171031,ShortTV,655c62f25942160011cb5305,SHUNYOU PTE LTD,48255.92122012391,6893.703031446274
62a0dc1c93d8b90a44a85847,TextNow iOS,622a3f10c690c40013e4728e,TextNow,47761.997250493914,6823.142464356273
597b765f20522c9d77000202,PicsArt Photo Studio: Collage Maker & Pic Editor (IOS),59650c95a4e548f217000ead,Picsart Inc,47096.347605452786,6728.049657921826
67b5f446390c720c73a0e3f3,Sofascore android,67b5b2c077bd1c00117b9adc,Sofa IT doo,47024.9967778357,6717.8566825479575
66e0363553834547abf558a2,FotMob iOS,66e0182c82571e00117d2acb,FotMob AS,46992.86582978077,6713.266547111539
641bbdc51e0260737618e232,ZenWord iOS,5b975fcedc73276356309362,OAKEVER GAMES PTE LTD,46713.27653021623,6673.325218602318
5d8977f0c8e0320017598a33,Turbo,5d76031d57ec4f0017743734,INNOVATIVE CONNECTING PTE.LIMITED,45751.96913003261,6535.995590004658
6257f8967c1864a5b530fda2,GoTube,624fcf9241887a0018618c00,GoTube Studio,45268.35238147107,6466.907483067296
5c1dea438aa5b200174b0a72,Words Of Wonders - Android,5bb6123fa4ae3604537ad781,Fugo Games,44103.305922884305,6300.472274697758
59e7db9b598ece421700ded4,Scrabble Go,561e8d966b8d90f61a003414,Scopely,43799.601756049626,6257.085965149947
579b9dc8b8582d866e000061,Microsoft Solitaire Collection iOS,579643ec6c081adf5c00004c,Microsoft Casual Games,43520.441508664466,6217.205929809209
53e0f922936129bc6d000033,iOS FreeCell,561e8d936b8d90f61a000455,Mobility Ware,43220.0336512633,6174.290521609043
5936ce6ff2dd8a5e180008f4,Wattpad_iOS_Interstitial,56b2844d24342c3622000032,Wattpad,42959.26499190404,6137.037855986292
686299fc79819ef02142b9ce,Flightradar24 Flight Tracker,6862932aaff9d800114174ac,Flightradar24 AB,42607.44949415511,6086.778499165016
6276cb2872361e0c07c98cec,Geometry Dash Lite,6276c973f70e7c001895be79,RobTop Games AB,42110.54670047372,6015.792385781961
6503642f5551fd9849db7a23,OfferUp Android,650360eb0950ee00114dc484,OfferUp,42070.54205563424,6010.077436519177
6807543f9e0c8ad76e7f0c01,BeSoccer,680748860437920011951532,BeSoccer,41693.61089967349,5956.230128524784
5fdfae0fc5d4c9ab8efa6701,Number Match IOS,57d1b461ae2b57d903000027,Easybrain Ltd,41376.67185051075,5910.953121501536
6553382acf969be4de4d9be6,DramaBox,65532f6b6cdf5900118d1f51,STORYMATRIX PTE LTD,41084.365326292675,5869.195046613239
54c63cb2a684cd593e000126,Angry Birds 2 iOS,561e8d946b8d90f61a002087,Rovio,40485.897719878,5783.699674268285
68fa0df4c4da864926b0e4ff,Seekee - Ai Search & Assistant,68fa0d672fef766b2dac5f75,"SEEKEEHORIZON TECHNOLOGY (HK) CO,",39849.91524114715,5692.845034449593
64f7008818744ab0e0841919,Shareit Android,5f687c6436ca1e0016d5fd6d,INJOY TECHNOLOGY PTE.LTD.,38702.21706003341,5528.888151433343
65533abc8ec95628af4f138d,DramaBox,65532f6b6cdf5900118d1f51,STORYMATRIX PTE LTD,38618.14203592536,5516.877433703623
5d3ad25290f20b00179e1c0e,扫描全能王-iOS,5d3a5de9ddc71000189c7a84,"Shanghai Linguan Data Co., Ltd.",38377.604788224715,5482.514969746388
603cf6d080c4a228357168ea,Happy Color iOS (NEW),5b1526a7de961d3317b1d475,X-FLOW LTD,38376.545453140396,5482.363636162913
6049dfc28457e34b9883e80a,Number Match GP,57d1b461ae2b57d903000027,Easybrain Ltd,38219.724742274484,5459.960677467783
68ee72e79797ab8c2943d2d9,Pixel Flow!,68ed0a0c4cac2a9dc3250a10,Loom Games Oyun Yazilim ve Pazarlam,37373.01430031786,5339.002042902552
55a4e36aad6c18e83a000159,8 Ball Pool,561e8d926b8d90f61a00013e,Miniclip SA,35492.20147962817,5070.314497089739
609a2fe4c5d1524132e8e230,Soccer Super Star,583c02c932ec4ba51300037e,Gamegou,35283.84688046084,5040.549554351549
5e4e66ea60ce6a001791d156,Subway Surfers (Non-COPPA),5c52bd6ffbeb402419bef87d,SYBO Games,35267.70567781685,5038.24366825955
67d272b5dc73e19db732c193,SmartNews,67d0848db62d6b0011ccb35e,SmartNews,35266.55647761487,5038.079496802124
66a8f6c8aac742b8e38fce3d,Gocrypto,66a8f651514c00001147b0d5,Clickfun Limited,35231.46741722849,5033.066773889784
579ba0736bccbf375f00007a,Microsoft Solitaire Collection Android,579643ec6c081adf5c00004c,Microsoft Casual Games,35117.04355387324,5016.720507696177
59d39cbfef6627a809002d5b,Sudoku - Classic Logic Puzzle Game,57d1b461ae2b57d903000027,Easybrain Ltd,34714.11951611801,4959.1599308740015
5cb99eb2e520d93f2a43c588,Jigsaw Puzzles Android,57d1b461ae2b57d903000027,Easybrain Ltd,34412.91626444914,4916.130894921305
53d7b79466aa901306000019,Android Spider,561e8d936b8d90f61a000455,Mobility Ware,34181.9715862669,4883.138798038129
6487cb65721f160ac5302d11,GoodReels-Android,63e35991bbe8fa0014380604,Singapore New Reading Technology Pt,33653.71423081566,4807.673461545094
66c4140316d72e3cce1c86f1,NetShort_Andorid,66bf1c62ddea6f0011b313a9,NETSTORY PTE LTD,32833.00934332788,4690.429906189697
6968b4cfde96560c91c4c11a,mliu43734-gmail-com_com-fly-ultra-free-vpn-high,6297c4bc012073001b3df035,Yandex Inc.,32175.14027882478,4596.448611260683
6971dc22d4ba143db9061eec,Rakuten Viber,6920858f3fcd392133e22a59,Rakuten Viber,31950.90523043026,4564.415032918609
5f33efea7aae9f000162155d,Art Puzzle GP,57d1b461ae2b57d903000027,Easybrain Ltd,31905.660945623305,4557.951563660472
5a777f42d76bfe102f007091,Happy Color Android - Paint by Number,5b1526a7de961d3317b1d475,X-FLOW LTD,31558.550089353994,4508.364298479142
66b372f5e33c9a548741ff37,Crossword Master IOS,57d1b461ae2b57d903000027,Easybrain Ltd,31365.431958034627,4480.775994004946
685f12acc91f8ce8aec2fd7c,The Weather Channel - Radar,685efaf2892f9d0011d7b87f,The Weather Company,31108.175103509468,4444.0250147870665
6728dbd37b3ea5a17e5d21d4,#news,64afadea4da41800114faaeb,Unity - Americas,30855.593407124987,4407.94191530357
6385c45b882d129fcf7cb6d9,Merge Cooking-IOS,63857a9148202e00149fcb08,Happibits Technologies Pte Ltd,30638.006444898772,4376.858063556968
6707900e901d39379d5ad723,Android 365Scores: Live Scores & News,67078359be02e20011a686ec,365scores,30623.09513295298,4374.72787613614
6901057909203de1195afec1,com.arrow.out,5f064bf93191d60018f0fd5a,Lion Studios,30472.287123885,4353.183874840714
5a540f51d49ac43a0c011741,color by number FGFF,561e8d976b8d90f61a00418e,FGFF,30255.266741336585,4322.180963048084
61ee350cd1b617148c976a59,Wordle!,5f064bf93191d60018f0fd5a,Lion Studios,30140.30811276687,4305.758301823838
5057845678715d951df74577,Wordfeud,561e8d936b8d90f61a0014d2,Bertheussen IT,30066.833376221228,4295.261910888747
5bce9cde53cf5c0014ea9158,Word Trip Android,568b8cb3bb2089a80600000a,Playsimple Games,29724.836270382482,4246.405181483212
67036259901d39379d5ac7ba,Woodoku Blast iOS,5c05196699e4374b87bda3b9,Tripledot Studios,29716.545606159005,4245.220800879858
625d3d93b090bdfbd3c527c0,Word Search Explorer,568b8cb3bb2089a80600000a,Playsimple Games,29676.309985873806,4239.472855124829
64c35f0db00399b5942add11,Capcut_ios,64c3551f1e5137001122d418,BYTEDANCE PTE LTD,29610.269511786668,4230.03850168381
5c505bc01d8afc08c9a4e14e,Crossword Jam,568b8cb3bb2089a80600000a,Playsimple Games,29370.06260557541,4195.723229367916
69845ea1e6f73fe2b5840739,Arrows GO! Android,5b975fcedc73276356309362,OAKEVER GAMES PTE LTD,29368.694537132902,4195.527791018986
6295ff7c3987b19e74b43c3e,Geometry Dash Lite Android,6276c973f70e7c001895be79,RobTop Games AB,29189.17219244752,4169.8817417782175
68995e633f6852ed61a9e227,Wool Crush,634d301fa3774b001b7c0dbc,ToGather Fun Limited,29071.088625214445,4153.012660744921
5df90b5c66091a78d5815e82,Blackjack Casino iOS,5c05196699e4374b87bda3b9,Tripledot Studios,28921.927502835468,4131.703928976495
6306068eadc5c5493fa01c91,MX Player 11,62f234d9f81a3c001bde7c25,MX Player,28737.03824063234,4105.291177233192
6303b36532b01d410e2d4eda,Parchisi STAR Android,62f4b9c1a0cd3e00172cfe1c,Gameberry Labs Private Limited,28634.92341645094,4090.703345207277
646b0d38b06633af5707dfca,Football League 2023,583c02c932ec4ba51300037e,Gamegou,28476.099031029742,4068.014147289963
68ad946a70964d7ef8707448,8 Ball King,6641b3748ffbbf0011f15c05,The Byte Combat (HongKong) Limited,28463.78778798466,4066.255398283523
64cc9fcad4592a1f1c805a2c,ZenWord Android,5b975fcedc73276356309362,OAKEVER GAMES PTE LTD,28410.53206218378,4058.647437454826
6315b8bb85b5a14b0bbc9454,PocketFM Android,6315b8713c59f7001bacf8fb,Pocket FM Corp,27810.96323372343,3972.9947476747757
6837c96a71e5cc220d1c9a48,Samsung News,677bd16443e94a0011b752b2,Samsung Electronics,27711.956991398314,3958.8509987711877
63e458023f1b40cf6d5e33eb,GoodNovel - Android,63e35991bbe8fa0014380604,Singapore New Reading Technology Pt,27333.690928188596,3904.812989741228
66cc45cd3151a503c115fe9b,Spades - Classic Cards,5c05196699e4374b87bda3b9,Tripledot Studios,27280.24505027385,3897.177864324836
67c0237dee9356aafba1ccdb,dramawave-安卓,67c01767cc8ae200116e5d00,Skywork AI PTELTD,27073.346010815683,3867.6208586879548
6996fd123630b752386af791,Candy Race Launcher,5fc618102e8dd2001579b65d,App Central ltd,26992.265182634877,3856.037883233554
5e4e6838246d020018f1e653,Subway Surfers (Non-COPPA),5c52bd6ffbeb402419bef87d,SYBO Games,26992.186870653513,3856.026695807645
66857e0a4d981e89bb8afda7,Tumblr,668545a239a54a0011299e6e,Automattic,26988.832185037543,3855.547455005363
6551f45e8ec95628af4f0fb4,vpnify_ios,643c740fc34c0300130c743e,VPNABLE LTD,26929.046130154773,3847.0065900221102
65716f6c31ace18371faff52,ShortTV,655c62f25942160011cb5305,SHUNYOU PTE LTD,26890.795403073585,3841.5422004390834
6808dda56b08d751835d8d7b,Emochi,6808dbeef6158900110477ca,Flow,26856.446258314227,3836.635179759175
6971eef873c0a231fff7afde,Rakuten Viber,6920858f3fcd392133e22a59,Rakuten Viber,26724.687706492226,3817.8125294988895
6732cc9c9be7f23343c03263,BeautyCam - AI Photo Editor iOS,66f36da16f113e0011999ff8,Meitu China,26640.568265470254,3805.7954664957506
6268445fe544d565a3f73230,Toon Blast,56c3a378adccd1cb7e00000a,Zynga,26617.950259441015,3802.564322777288
506857fe244c88a76639a514,Wordfeud FREE,561e8d936b8d90f61a0014d2,Bertheussen IT,26603.435248022124,3800.4907497174463
53d7b802ec6bbcff4d000019,Android FreeCell,561e8d936b8d90f61a000455,Mobility Ware,26475.905539375326,3782.2722199107607
5f08e579e9abb60001857252,Tetris® iOS,561e8d956b8d90f61a0027d2,PlayStudios,26220.96033362605,3745.851476232293
55cd7d5c343bb084400002f2,InShot iOS,561e8d976b8d90f61a003fcf,InstaShot,25973.19692053385,3710.456702933407
64ee188a4ca99f72ba7c5d70,Tile Match -Triple puzzle game,568b8cb3bb2089a80600000a,Playsimple Games,25780.14913521603,3682.8784478880043
61c9994ec3aa9ecb8f64d131,Moovit Android,61c991a5fe4ec600172e5e08,MOOVIT APP GLOBAL LTD,25692.81432678417,3670.4020466834527
5fa1e909a1a78e5fc27dc5e0,Tubidy Fm Radio Music Player,561e8d946b8d90f61a002019,Mobiletech Software SRL,25656.578927879986,3665.2255611257124
5db379f3db8e200011927b68,Brainium Solitaire iOS,5d3a10eeddc71000189c7a37,Brainium Studios,25628.74802629513,3661.249718042161
56163d74f155120c6d0005df,InstaShot Video Editor No Crop,561e8d976b8d90f61a003fcf,InstaShot,25571.411800883983,3653.0588286977118
664e2850d8ed690a5fd5d88f,Magic Sort,664e27f28ffbbf0011f1d3b8,Grand Games,25493.276344975056,3641.8966207107223
5c1cdefbd71d110017b3f88b,Words Of Wonders - iOS,5bb6123fa4ae3604537ad781,Fugo Games,25331.902074628724,3618.843153518389
589b92f26beaa884180003d3,Timehop,5898dc668d35674f40000046,Timehop,25232.43302516604,3604.633289309434
68887b364afcdbfb426b9180,Word Solitaire: Associations Android,6021599b8b3e5600159fcc76,HITAPPS GAMES LTD,25218.58468897551,3602.65495556793
65fbcc68f5d8b25533af06f8,zeta Android,65f02b00af81650011344521,Scatterlab,25117.216253261595,3588.1737504659422
632cc5c80ca02c6344d51818,Farm Heroes Saga_iOS,622b9915ac4bf1001715b790,Activision Blizzard Media (King),25022.112149638688,3574.587449948384
69437de9f9db799a8390058c,"Scoopz: Real Life, Real Videos",69379d46192ce0aadaecc874,Particle Media Inc,24800.237808150905,3542.8911154501293
6623f108853bc6953cc5709d,BeReal iOS,56d55c72562b9c353800000d,Voodoo,24711.955590274483,3530.2793700392117
64a3d611830ec394da008f59,IMO_iOS,63f725cfaa034900149db38c,Bigo,24693.10955932856,3527.58707990408
5b14f1027ea39141340a6ada,UNO!™,5b0fc58f19829714e5ad0d2f,Mattel163 Limited,24597.707802072444,3513.9582574389206
660a20c0c5f237ebf7b4ac68,Goods Sorting: Match 3 Puzzle PM_1945,5a57133a3610bbb671016ff3,FALCON GLOBAL LTD.,24547.510933329722,3506.7872761899603
662687403b493c22d404bf70,Chai iOS,662686e7216c0b00118aef81,Chai Research Corp,24533.890273467816,3504.8414676382595
6864df5e479aca1c5b26ff20,HotMiniDrama,674d6cfd2f5be200113e4217,Chengdu Xishangmeishu technology Co,24494.193051802395,3499.1704359717705
5dc290cf1051eb0012a6b214,Blockudoku GP,57d1b461ae2b57d903000027,Easybrain Ltd,24465.249247464555,3495.0356067806506
63dd0e73ff93460cff697297,Word Search Explorer : Fun Game,568b8cb3bb2089a80600000a,Playsimple Games,24425.360638037364,3489.337234005338
675696667913198c9ecadaac,Screw 3D Android(CD),58b91be73e5caab04b000296,Mavericks Mobile,24204.271314457816,3457.753044922545
62145348d6a1fb0de34bc483,Jigsaw Android,5b975fcedc73276356309362,OAKEVER GAMES PTE LTD,24198.826270992973,3456.975181570425
5fd1db884a9ae275930ef975,Solitaire Android,561e8d936b8d90f61a000662,nerByte GMBH,24153.468613465284,3450.495516209326
65d490ed9a4122e9e0de916d,Android - Pi Network,65d4907595c34900110c9204,Social Chain Inc.,24081.9247993291,3440.2749713327285
662e0e2c61db5b0a87580cb6,MusicX Pro,561e8d946b8d90f61a002019,Mobiletech Software SRL,23936.89596091564,3419.5565658450914
5da53538888eb00018873458,Master iOS,5d76031d57ec4f0017743734,INNOVATIVE CONNECTING PTE.LIMITED,23885.03631529167,3412.148045041667
66eab024f909844620b78871,Hexa Sort,5fc671cbba624b0015a61bf1,Saygames LTD,23881.36233406175,3411.6231905802497
6983c71c7af5831af034f4aa,Teamsnap,69834b2ea3ac73e99b7077db,Teamsnap,23802.40536740204,3400.343623914577
686664ed36273738b61f42a6,Yarn Fever! Unravel Puzzle iOS,5d53cf81ff5bd700186c5f35,InfenitePlay LTD,23575.063281573868,3367.866183081981
62ce7ef68cd2f0b72c87b683,VPN - Super Unlimited Proxy,629f58df585252001b83d5f1,Super Unlimited Inc.,23441.195138988638,3348.742162712663
6566955ef2be8e652a92b3b8,Hexa Sort,5f064bf93191d60018f0fd5a,Lion Studios,23198.727197877015,3314.103885411002
5bd2b484ebaf58797f4c4f83,X-VPN Unlimited VPN Proxy,5bd2ab5a79a00802b5118a87,Free Connected Limited,23044.779427861144,3292.1113468373064
6384938d1e0c734133a722a4,Amerigo File Manager iOS,561e8d956b8d90f61a003069,IdeaSolutions S.r.l.,22779.63284187626,3254.23326312518
64790a25b7a4c97fb3996e3b,NotVPN,64727dcb7df05c001149ddd7,AppWizard LLC,22728.393097757402,3246.913299679629
62b055e06894d1a44ef4d3a7,1Weather Android,626a9cd05d54fa0018b746b3,InMobi,22421.966500027593,3203.1380714325132
681c0866113835d0f3d89475,LIVE Score_Android,681c05e62331ea0011439df0,"PSYNET Co,Ltd",22335.690722659343,3190.812960379906
677e35a5d7a0b145879b00a7,moneywalk_AOS,677cecb33b9ea20011273987,Gravity Labs,22033.902597397897,3147.7003710568424
5a30e47b794900452500459c,Puzzles IOS,57d1b461ae2b57d903000027,Easybrain Ltd,21822.818323312415,3117.5454747589165
69165ca6db8feadf7f6ab9aa,Arrow Puzzle GP,57d1b461ae2b57d903000027,Easybrain Ltd,21712.231056149652,3101.7472937356647
5be9c16e4d3adf04414b1823,Audiomack | Download New Music,5f73ab8ec84db80016b354bb,Audiomack Inc.,21642.885249078347,3091.840749868335
66bc490b4b6b3aa2763d2683,Goods Sort iOS,5e96c1b29704720015d9f4ae,Guru Network Limited,21571.898767826588,3081.699823975227
66e9622858fb9d52b9a34d4b,AV - ZTN Notepad - com.ztnstudio.notepad,6666afb99ec3300011cdf91d,Appvestor ApS,21505.324309868578,3072.1891871240828
66ea968ed96b6cc4df566092,Hexa Sort,5fc671cbba624b0015a61bf1,Saygames LTD,21416.27506447701,3059.4678663538584
616f5141d877b8dc18b84ead,Spades - Android,5efd8ef70165690015e8b224,Blackout Lab SL,21293.443678593198,3041.920525513314
69437e3201d2a42bf6087b94,NewsBreak: Local News & Alerts,69379d46192ce0aadaecc874,Particle Media Inc,21261.85873713504,3037.4083910192917
5c049329c226ad7c3bd8e92d,Bubble Pop! Shoot Bubbles,561e8d936b8d90f61a001412,Bitmango,21170.770776445857,3024.395825206551
5d778a8a04e89100182b2aaa,Sudoku,5b975fcedc73276356309362,OAKEVER GAMES PTE LTD,21145.492886519773,3020.7846980742534
6103ceacdf8b0d54672519dc,Solitaire-Android,5e96c1b29704720015d9f4ae,Guru Network Limited,21067.288005916744,3009.6125722738207
64085e4000b0a652d3aaf1b5,Merge Cooking,63857a9148202e00149fcb08,Happibits Technologies Pte Ltd,21046.730806506344,3006.6758295009063
66fffb4004a01a45408d13fa,Citymapper,663c90f772fce00011b7f353,Citymapper (Via),21035.99073452221,3005.141533503173
68075411da8e5a572a730472,BeSoccer,680748860437920011951532,BeSoccer,20972.57483707553,2996.082119582218
6524875860aebaee1ce371d0,kik ios,62e85e3836ed04001b6d0adb,MediaLab,20910.896261117807,2987.270894445401
6859240353ef1303f912ce2f,seamobi-dev-gmail-com_com-supervpn-vpn-free-proxy,6297c4bc012073001b3df035,Yandex Inc.,20827.122581118165,2975.3032258740236
63b7bf0fa928816f6c42effc,Tile Match - Match Puzzle Game,64075f57d6da1900141e5aba,Code Dish GmbH,20793.712590832663,2970.530370118952
6814f77716e6847d6f09c8a5,Shape Escape Android,58737456236d8f446400071c,FIOGONIA LIMITED,20691.42426960917,2955.91775280131
5e60cd1f3610f800010eaf6a,Instabridge,58665aa0444a4aeb0d000130,Instabridge Sweden AB,20567.560845947024,2938.222977992432
68efa5a24ebb41ab326d8070,Metro Play,643d1561e09b08001442e672,Sliide,20549.10676851111,2935.5866812158724
6765b3b90b2f71906881a1cf,Screwdom_com.ig.screwdom,5ce32f41e15f77001148e36d,Zego Global Pte Ltd,20545.17596387497,2935.0251376964247
5d406c47cf18f200178643cf,Nonogram Android,57d1b461ae2b57d903000027,Easybrain Ltd,20340.642907036494,2905.806129576642
62bf07c073e8429ca7098700,TextFree Ultra (9),62b9ac4282628b001b5ab74a,Pinger,20268.158172625892,2895.4511675179847
5552167b1f1ac071400000d9,8 Ball Pool iOS Live,561e8d926b8d90f61a00013e,Miniclip SA,20240.35320350214,2891.4790290717347
5d81c924bf4aa20017e95920,Phase 10 iOS,5b0fc58f19829714e5ad0d2f,Mattel163 Limited,20166.10382320234,2880.871974743191
66fe1af9cde9700bb6f04290,Woodoku Blast Android,5c05196699e4374b87bda3b9,Tripledot Studios,20095.151903100854,2870.735986157265
61c9990776261dfb959407aa,Moovit iOS,61c991a5fe4ec600172e5e08,MOOVIT APP GLOBAL LTD,20054.81801721309,2864.974002459013
5c9c7a04d13ede0012e22ff2,Blockudoku IOS,57d1b461ae2b57d903000027,Easybrain Ltd,19934.080231907803,2847.7257474154003
67161f1ba3ee0d8eae75599e,Remini iOS,619cc4d31a366f0017fe8d06,AI CREATIVITY S.R.L.,19730.483538824705,2818.6405055463865
66d197f92a769ddae74181b7,Screw Hybrid Android,58b91be73e5caab04b000296,Mavericks Mobile,19684.910132577537,2812.1300189396484
62fca664c48903a6689672c4,Parchisi STAR iOS,62f4b9c1a0cd3e00172cfe1c,Gameberry Labs Private Limited,19637.13030339654,2805.304329056649
6345c091c17e333ca212effc,PocketFM IOS,6315b8713c59f7001bacf8fb,Pocket FM Corp,19597.777746860444,2799.6825352657775
62f47a1d8a0eaaba3f3b6e30,Zen Color  iOS,5b975fcedc73276356309362,OAKEVER GAMES PTE LTD,19549.509696714216,2792.7870995306025
68b584b971c490d59a8888cb,Sticker GO!,68b57bc85828fa59037e71c3,Ganko srl,19478.068645166,2782.5812350237143
623a937c155ef61249701f2b,LINE：ディズニーツムツム,5efeed113191d60018f0f4e0,LY Corporation,19429.812334294606,2775.6874763278006
698a103cefc515f9db958ea0,Duck Blast Launcher,5fc618102e8dd2001579b65d,App Central ltd,19289.75267465333,2755.678953521904
5b338d3a2df7e7468a4fb004,My Talking Tom 2 - appstore,561e8d946b8d90f61a001509,Outfit7,19267.613477729585,2752.5162111042264
5b99403f45e58040ccdd7177,Paper.io 2,56d55c72562b9c353800000d,Voodoo,19161.06562994987,2737.2950899928387
642eeb44c80b214ca21006f6,Remini AI,619cc4d31a366f0017fe8d06,AI CREATIVITY S.R.L.,19159.278695771034,2737.039813681576
66d6bbfd2a769ddae7418ced,com.miui.home,66d6b6896f113e001198b89c,Xiaomi Group,19089.88768532507,2727.126812189296
623d282d1357d77504c26356,PLAYit,623d267a77ab250011858b6d,personal,19071.024403874155,2724.4320576963078
65ca6d4bf31d94e5290f757e,AI Mail Home,65ca6ad44e9fff0011d273b7,"App Lab Studios, LLC",19070.814556337187,2724.402079476741
650c7dbcd38855ef54aaf1fc,Everyday Puzzles,561e8d976b8d90f61a003d3f,Fanatee Games,19015.597843040418,2716.5139775772027
64ef55a17dd0db95c81212b2,WeatherBug - Weather Forecast (iOS),64ee40f968ec2e001173d7bc,WeatherBug,18914.81305919149,2702.1161513130696
59d5d0667f2ced5b17003f7b,Sweatcoin,59d49801fa5a566117002fd5,Sweatcoin,18770.68590074729,2681.526557249613
5de10e548ce8520017e173ef,Sudoku Android,5b975fcedc73276356309362,OAKEVER GAMES PTE LTD,18726.546088271803,2675.2208697531146
6667a74988cc429f2d801763,Screw Sort Puzzle,634d301fa3774b001b7c0dbc,ToGather Fun Limited,18641.423821853663,2663.0605459790945
66f667b2c81241f35a6205c9,Rummy Android,561e8d936b8d90f61a000455,Mobility Ware,18583.38811871251,2654.7697312446444
67d28cc1043308f88f90f139,Jigsolitaire,561e8d936b8d90f61a00046c,"Gamincat, Inc.",18465.906678606574,2637.9866683723676
67c03741d4e1c44a52e449cd,dramawave-ios,67c01767cc8ae200116e5d00,Skywork AI PTELTD,18403.805130052413,2629.115018578916
626841d0d03ae7f7395fdc62,Toy Blast,56c3a378adccd1cb7e00000a,Zynga,18378.2515233325,2625.464503333214
5c093969f7a1953d6377362b,Solitaire - A Classic Card Game iOS,5c05196699e4374b87bda3b9,Tripledot Studios,18338.25402144385,2619.7505744919786
6076bd25c69dedee4130b263,Soccer Super Star,583c02c932ec4ba51300037e,Gamegou,18300.733755087786,2614.390536441112
68c8d140d20dcd3c2c2ab61b,CashDrama,6641b3748ffbbf0011f15c05,The Byte Combat (HongKong) Limited,18292.813566219873,2613.2590808885534
5e6868c8ffd487601beebc7a,WWF1 - iOS,56c3a378adccd1cb7e00000a,Zynga,18163.10723221104,2594.729604601577
64f9e2ac8fb8ac04ca897cd1,Easy Words GP,57d1b461ae2b57d903000027,Easybrain Ltd,18047.586104710343,2578.2265863871917
684ac236c195c4600e87433a,細胞保衛戰,634d301fa3774b001b7c0dbc,ToGather Fun Limited,17985.059989740264,2569.294284248609
6968c1a8de96560c91c4c28c,iG_Hotpot_Flow_IOS,5ce32f41e15f77001148e36d,Zego Global Pte Ltd,17899.882274722317,2557.1260392460454
674983665c1505ce639e4c0e,Pdf v1,61825d0b78e35800177c13f0,EZTech,17746.972639819236,2535.281805688462
686fe7c89e1a0892895a3bc0,Chess - Play & Learn,6863fe9df000940011f80bcb,Chesscom LLC,17734.833371248795,2533.5476244641136
61fd167eb969e9afd12d5161,Mahjong Club,5fe2fafd6013fb0015208652,GamoVation,17728.455316809795,2532.636473829971
58537c57febcab143c000043,Word Cookies!,561e8d936b8d90f61a001412,Bitmango,17669.77919351975,2524.254170502821
5af5545d8e03cf7acee13a66,Daily Themed Crossword - A Fun crossword Android,568b8cb3bb2089a80600000a,Playsimple Games,17653.327764874208,2521.9039664106012
68b745a053ed8f1c847e64b5,Bus Times iOS,68b71eb3d7cac5dae6e2a61f,Mobicia Limited,17619.52792776556,2517.075418252223
68f0c51cbea871f37200d1c0,SGH And,5ce6bee4142941540d1c9d36,Solitaire Grand Harvest,17439.33725208934,2491.33389315562
650411ec5551fd9849db7aca,AVG AntiVirus & Security,64678a9ed7125400115d9869,GenDigital,17422.0974954286,2488.871070775514
648954542a2e454c7c0aba4e,GoodReels-IOS,63e35991bbe8fa0014380604,Singapore New Reading Technology Pt,17397.784131533797,2485.397733076257
5c88efab1c2e1f6eb4ca10cc,Nonogram IOS,57d1b461ae2b57d903000027,Easybrain Ltd,17232.45172061218,2461.7788172303117
66851b564d981e89bb8afc00,Offline Games - No Wifi Games,607d46752ca90f00153876e8,Jungle Frog LDA,17206.78881985121,2458.1126885501726
647febe9eceab671ee15db3c,TeraBox,630dd09a2334a0001b28ad73,"Flextech, Inc.",17091.13225772532,2441.5903225321886
58c89d172de3913a0b0003de,CodyCross,561e8d976b8d90f61a003d3f,Fanatee Games,16980.951674408017,2425.8502392011455
5f45ffa82f1f7c000130fe19,トリマ-移動するだけでポイントが貯まる,5f45fb2f150074001547df11,GeoTechnologies Inc.,16969.947851968023,2424.2782645668603
64d2ee7416d5c6503302f4cd,Alarmy - iOS,63c7b6b2f22ae3001457f1fb,"Delight Room Co, Ltd",16883.54364184119,2411.9348059773124
66f3bbcb625d91c8b3694d8f,美圖秀秀,66f36da16f113e0011999ff8,Meitu China,16813.736790757244,2401.9623986796064
66447f7b6e3e372b114a8cda,Top Eleven - Android,664372d48ffbbf0011f17452,Nordeus,16797.01375289951,2399.573393271359
59834c5b76da46c2770023b2,Android Gin Rummy,561e8d936b8d90f61a000455,Mobility Ware,16785.37448295302,2397.9106404218596
69c2954b7c25f96d75ccd5f2,Arrows GO! iOS,5b975fcedc73276356309362,OAKEVER GAMES PTE LTD,16636.189579565762,2376.5985113665374
524ad17f92fcd29365000006,Jigsaw Collection HD,561e8d936b8d90f61a00134a,Veraxen Ltd,16592.34807566203,2370.33543938029
5ba95087cc094f074544b7dd,IOS Castle,561e8d936b8d90f61a000455,Mobility Ware,16587.233685514857,2369.604812216408
6964bd7ad36c1656eeacff93,lyvgames-outlook-com_com-lyh-flowvpn,6297c4bc012073001b3df035,Yandex Inc.,16579.10559908797,2368.4436570125667
632cccde0c0bbbf867b264c3,Pet Rescue Saga_Android,622b9915ac4bf1001715b790,Activision Blizzard Media (King),16556.17947409619,2365.1684962994555
69b7234c706d591163185603,Bus Rush Fever!,5b69051b3a5ab61db2c22189,株式会社GOODROID,16506.410436549493,2358.058633792785
628caa38209aa59215f0cde3,Cookie iOS,58adf6988e52ab4d320004d1,Microfun,16320.031549908586,2331.4330785583693
65ae59c48c749c0555a5ed77,Find Hidden Objects - Spot It!,60f059faaf96d700177d115f,Yolo Oyun Yazılım ve Pazarlama AS,16294.106208861227,2327.7294584087467
659e4c266cf70883bd095312,Jagat-iOS,659e4bc13d46f600110781db,JAGAT TECHNOLOGY PTE LTD,16258.23751557497,2322.605359367853
67a09724ffda0af1dd8c6caf,Crossword Go,568b8cb3bb2089a80600000a,Playsimple Games,16204.542979978185,2314.934711425455
64f237afb680ca9e9f9856e1,Hexa Sort,5f064bf93191d60018f0fd5a,Lion Studios,16172.82829472355,2310.404042103364
5ddc1e48eb34040017baac7a,Brain Test: Tricky Puzzles,5dcf09394f6eed0018145e58,Unico Studio LLC,16163.857978159633,2309.122568308519
65a880066c7debc0a6b15c39,XMEye,658a2fc2ab2b4800112923f1,HANGZHOU JF SOFTWARE CO LTD,16109.73096480416,2301.3901378291657
5d8aa10f0ce85300171b971a,▻Sudoku,561e8d976b8d90f61a0045d7,"PeopleFun, Inc.",16073.989081126561,2296.2841544466514
6412fad6dc4ce839176d0e76,Litmatch—Make new friends Android,6406dc222ecde6001489f995,CONSTRUCT TECHNOLOGY PTE LTD,16047.353291046107,2292.4790415780153
6108f3b21706e3c5daa69d0e,WEBTOON: Comics,6108e61a892d1200173b458c,WEBTOON,16047.066481882897,2292.438068840414
641bfa9d59356be2e54a1d90,LINEマンガ,64131058280ea30014b0ed99,LINE Digital Frontier,16031.839070784872,2290.262724397839
54c63cf4a684cd593e000128,Angry Birds 2 Android,561e8d946b8d90f61a002087,Rovio,15971.971274085208,2281.7101820121725
66d193dcaa8e1e9b9d293abe,Screw Hybrid iOS,58b91be73e5caab04b000296,Mavericks Mobile,15971.86839499589,2281.695484999413
613b6b43712d08f9fac3c118,iFunny iOS,5c77abceef995c60fecc3f39,FunCorp,15899.471009433102,2271.353001347586
670f76be7bccdeafa20f717b,com.gogo.launcher,66d6b6896f113e001198b89c,Xiaomi Group,15895.409961617228,2270.772851659604
6641ef33e0cbed6459a1b503,PDF Reader App,65c3655fa3d8e100119171ba,9D Technologies,15868.151547178079,2266.878792454011
66a06c4baef015d56fed9008,Car Jam - Escape Puzzle,6364b12e3ad6c7001711d812,Fodream Limited,15844.015519400311,2263.4307884857585
5c0de1a896a52a2ba6187dd8,Magic Tiles 3: Piano Game,567acc79dea141ea32000008,Amanotes (PT),15825.195986355164,2260.7422837650233
6814ec1fae377462a542071c,Shape Escape iOS,58737456236d8f446400071c,FIOGONIA LIMITED,15769.549888194524,2252.792841170646
67f3efcc9c3da54da0569e6b,6474685600,5c657afed9e6e60012bab5d9,gamestudiopsv@gmail.com,15738.716989952783,2248.3881414218263
672c8db687f9dce6e6634762,ColorBlockJam,5bec0018c9af0a7962a96f4a,Rollic Games,15732.573057117825,2247.510436731118
62275ffbd96ee2a0b2bdcbb0,Eatventure_IOS,6107c3b4abaef100175b9029,Lessmore UG (haftungsbeschränkt),15654.06880339249,2236.295543341784
66852bd7efa7b310eb763e69,Offline Games - No Wifi Games,607d46752ca90f00153876e8,Jungle Frog LDA,15636.501603425326,2233.785943346475
67978c1bc1d0e427bfd009bc,JustPlay iOS,619b548fc9c9c1001796f1f6,Gimica GmbH,15612.998117581541,2230.428302511649
66e16cd7d7770a6a369725c3,PlaySimple Cryptogram,568b8cb3bb2089a80600000a,Playsimple Games,15612.143153373354,2230.306164767622
66d170ea20321015a24eb2b9,Question.AI,66a249877c55ea0011ab075c,QuestionAI,15581.18982564018,2225.88426080574
625eaf7743b3a022a19d93be,Animal Kingdom: Coin Raid,621e7a3f257d5f001422669b,Innplay Labs,15479.83074338879,2211.4043919126843
667bec734d6765df32fe9171,Magic Sort!,664e27f28ffbbf0011f1d3b8,Grand Games,15412.428622972551,2201.7755175675074
69271712f65130bc5467d34a,Pocket Sort: coin puzzle,5fc671cbba624b0015a61bf1,Saygames LTD,15222.371124231371,2174.6244463187672
631afd1248a0f788d7762b15,Cryptogram: Word Brain Puzzle,647deb456149810011be5192,Joyteractive Ltd,15040.590261771431,2148.655751681633
62684259b7fb3d4fd5c5fb13,Toon Blast,56c3a378adccd1cb7e00000a,Zynga,15018.720112031657,2145.531444575951
675696da7913198c9ecadac0,Screw 3D iOS (CD),58b91be73e5caab04b000296,Mavericks Mobile,15009.894221450533,2144.2706030643617
611bbf6a80cc92b96866ad3b,Overturn Military,5fc671cbba624b0015a61bf1,Saygames LTD,15006.568225616436,2143.795460802348
63e45b777395f8d576e4d44e,GoodNovel - IOS,63e35991bbe8fa0014380604,Singapore New Reading Technology Pt,14964.772616721468,2137.824659531638
62a7ef0ce27cbecf021d2461,Hops,62a1815d11112f001a291752,dely Inc.,14948.986063176033,2135.5694375965763
693964e4b92039a768f798ef,Reelife,69328e99341082cebe0ccdca,MINIFRAME PTE LTD,14878.840445381324,2125.5486350544747
5ef316979c3a0300015b0a03,Art Puzzle - iOS,57d1b461ae2b57d903000027,Easybrain Ltd,14814.752798491634,2116.393256927376
64ec9384993b2f0f1f1d1c9a,Solitaire Verse,619b548fc9c9c1001796f1f6,Gimica GmbH,14725.241771793731,2103.6059673991044
5dc9a459b62aad0018cf0a15,Android Hearts,561e8d936b8d90f61a000455,Mobility Ware,14722.301233337366,2103.1858904767664
65d4477227332d35a876b142,D_12,6438b601943a92001427793d,AKRURA PTE LTD,14656.838350839425,2093.8340501199177
6489c5bd2a2e454c7c0abb86,widgetable,6489c502a6bfa20014cb8ca7,Adorned Limited,14600.700699271572,2085.8143856102247
665702e4329253a128f1f27a,Screw Sort Puz: Nuts Assemble,634d301fa3774b001b7c0dbc,ToGather Fun Limited,14597.545423958147,2085.363631994021
690884be98a1f1e2d3337661,iCam365-Android,6908648bf5a7288c87f52a5b,TANGE TECHNOLOGY (SINGAPORE) PTELT,14534.034613175892,2076.2906590251273
649fd139847c940a560e47aa,Yatzy - Fun Classic Dice Game,64803209bfd9aa0011593484,Bluetile Games,14522.11837204161,2074.5883388630873
597b1b28f6fdf8096600041d,PicsArt Photo Studio: Collage Maker & Pic Editor,59650c95a4e548f217000ead,Picsart Inc,14493.005472899718,2070.429353271388
6875fcc861fad0cbc88635dd,LOKBOX: Pocket Cinema,6875f522babc2000110fb14e,Chongqing JiguJigu  Network Technol,14478.010683436394,2068.2872404909135
6810421616e6847d6f099fc1,Tile Home,6336ada8eff220001b2d1061,Pandas of Caribbean,14429.370781293714,2061.338683041959
6626876f3b493c22d404bf75,Chai Android,662686e7216c0b00118aef81,Chai Research Corp,14390.317512911533,2055.7596447016476
63ff39ab1e40c644de13073f,Tile Match - Match Puzzle Game,64075f57d6da1900141e5aba,Code Dish GmbH,14343.57203912349,2049.081719874784
68ee73f89797ab8c2943d33e,Pixel Flow!,68ed0a0c4cac2a9dc3250a10,Loom Games Oyun Yazilim ve Pazarlam,14249.7785315854,2035.682647369343
6698be43198409320ce72a78,Poly.AI Android,6698b45b60e2ea00114aa807,Poly.AI Android,14230.782190478776,2032.968884354111
674718d1fa70582cee6c049e,JustPlay,67c057525a9de100115b66ec,JustPlay GmbH,14176.038218169988,2025.1483168814268
689f4dda062ac30777ba31ba,DiamondSort,58371a2bafd6eb8b130001ca,Samfinaco Limited,14137.515562350949,2019.6450803358498
66c5d0ccb5852a686fdb8cb2,Block away Android,5c05196699e4374b87bda3b9,Tripledot Studios,14124.810107147101,2017.8300153067287
5e4a532a9c67e900177fb109,LINE PokoPoko,5ce21c80d788b30012b31658,Treenod,14080.707688040135,2011.5296697200192
67d3af22e3373f37dc6370cd,Grill Sort - Food Sort Games,6364b12e3ad6c7001711d812,Fodream Limited,14024.687953337376,2003.526850476768
643cdb6ab5bf3c7798346f73,Peachy,561e8d976b8d90f61a003fcf,InstaShot,13976.906891632845,1996.700984518978
60a4e1e3cf4957c21093d8e8,Triple Tile,5c05196699e4374b87bda3b9,Tripledot Studios,13970.409868666275,1995.7728383808965
63f9bfaac8a3adeead40e9c0,com.lmr.lfm,5c657afed9e6e60012bab5d9,gamestudiopsv@gmail.com,13927.04737207461,1989.5781960106585
630d8e9e012ff9557822bc4c,Muslim Pro Android,630d8dbfb1095d001bb0f04a,Bitsmedia Pte Ltd,13919.30811307657,1988.4725875823672
589e4fdbacfd6c3105000130,Android Pyramid,561e8d936b8d90f61a000455,Mobility Ware,13889.012030927779,1984.1445758468255
5af55340bfc6be4ab9a686f0,Daily Themed Crossword - A Fun crossword iOS,568b8cb3bb2089a80600000a,Playsimple Games,13787.304964627267,1969.6149949467524
6257fac5978c35cea67ef45f,Oitube,624fd55d426bbc0011d5578d,personal,13778.863448436643,1968.4090640623776
64686dae6ac24ac5866284fd,KJV bible now iOS,645db622ff6cc50014413271,WindNovel Team,13775.494141337673,1967.9277344768104
667aaa6d3a2fe58e15167ee8,Goods Sorting Android,5e96c1b29704720015d9f4ae,Guru Network Limited,13760.37790677868,1965.7682723969542
62c29e6973e8429ca7098ace,Bubble Witch 3 Saga,622b9915ac4bf1001715b790,Activision Blizzard Media (King),13715.361525375725,1959.3373607679607
5da6812659f5670018ae7124,Pro,5d76031d57ec4f0017743734,INNOVATIVE CONNECTING PTE.LIMITED,13706.133830710512,1958.0191186729303
5d8990630b15ea00170bdfce,Master,5d76031d57ec4f0017743734,INNOVATIVE CONNECTING PTE.LIMITED,13644.903441576389,1949.2719202251985
641854429091f900e1111e9a,Glow: Fashion Idol iOS_CL,59e4bb543f0fa9a20900afa3,TabTale LTD,13639.836040456026,1948.5480057794323
5afb1d908e03cf7acee1a079,ZEDGE™ Wallpapers,5af5b8f9e408f136156e7cae,"Zedge, Inc.",13599.195621969578,1942.7422317099397
6905adc23ab3eb7275ecffe1,Color Pixel Shooter,5b84c65ca73f7a027c553f4a,Rewards Game,13596.46679620339,1942.352399457627
5b39cf1f8ee1171c6d2df44a,Bolt Browser and Documents,561e8d956b8d90f61a003219,"Appodeal, Inc.",13592.208106616858,1941.7440152309796
611bbee5350eb6e37c140bf6,Overturn Military,5fc671cbba624b0015a61bf1,Saygames LTD,13407.604854821839,1915.3721221174055
5a567a1e424992a97101387c,FC Mobile Android,561e8d936b8d90f61a0006b6,Electronic Arts,13395.580198648893,1913.654314092699
66d0321ea6cf59778900a031,APFindDIfference - iOS,5e96c1b29704720015d9f4ae,Guru Network Limited,13317.583590239836,1902.5119414628336
5e6869216240746016e31a6d,WWF1 Android,56c3a378adccd1cb7e00000a,Zynga,13294.143608923956,1899.1633727034223
65d4163727332d35a876b095,keepsmile,65d404b895c34900110c8746,"Shenzhen Youzhida Technology Co, L",13267.180617275058,1895.3115167535798
6478799b11f74ed45246d305,Score! Hero,6247027c20721a0018bb6528,First Touch Games,13223.50461728663,1889.0720881838042
67015658901d39379d5ac3e8,Universal TV Remote Control,670153ce6f113e00119a0fad,SensusTech LLC,13186.61904904956,1883.802721292794
68f85eff99569462272ec436,Snake Escape,5fadec8fd8ff880015e844d9,Happy Dayzzz,13185.766216236312,1883.680888033759
650410fbb30c764e0a11f51e,Avast Antivirus & Security,64678a9ed7125400115d9869,GenDigital,13132.238660813618,1876.0340944019456
656850b4e20427efa3fff47c,YCC365 Plus,6556edd16cdf5900118d56ce,Closeli,13121.264581712185,1874.4663688160265
677cf457a18672e70722b88f,Moneywalk_iOS,677cecb33b9ea20011273987,Gravity Labs,13109.986972288778,1872.8552817555396
61a9f4b1cc2b76c9343879db,Eatventure,6107c3b4abaef100175b9029,Lessmore UG (haftungsbeschränkt),13108.99710734881,1872.7138724784015
69080c482e9735e4101ec6ed,Order Crazy,634d301fa3774b001b7c0dbc,ToGather Fun Limited,13108.69271412992,1872.6703877328457
68d262d8243b588097fd5dda,BESTPLAY Play to earn & donate,64803209bfd9aa0011593484,Bluetile Games,13042.159444971545,1863.165634995935
59b833f0f2287a750a001e81,・Solitaire・,561e8d936b8d90f61a000662,nerByte GMBH,13028.075766078258,1861.1536808683227
697728659557abdc3c8db5da,qichen-big_com-teng-ify-master-vpn,6297c4bc012073001b3df035,Yandex Inc.,13008.097574746755,1858.2996535352506
65df440fd13c647695f4ed88,Loseit iOS_Liftoff_Nimbus,64ecb0b0006b5a0011e57f9a,"Everyday Health, Inc",12989.388758388062,1855.626965484009
5dc9a22c9fc5d300176af30c,iOS Hearts,561e8d936b8d90f61a000455,Mobility Ware,12949.066521022032,1849.8666458602904
64ec93a0047c0ca49c766f17,Treasure Masters,619b548fc9c9c1001796f1f6,Gimica GmbH,12936.390223554496,1848.0557462220709
674447ab14a0e4daa676b5d7,OKOK,674445ddd02cf30011f20eea,shenzhen kangyou jiankang Technolog,12928.318810992087,1846.9026872845839
68d4fc1229cff6c015a9238b,Dream11 Android,68d4f92fa6eceade8070c48d,Sporta Technologies Pvt Ltd,12859.614809284187,1837.087829897741
66cd95a5f04eb8d914d2b41c,StardustTV - Movies & Dramas,66cd942b3db5f70011e66947,"Hongxing Media Co, Limited",12845.481977423733,1835.068853917676
63e0751c6d911e9e2816c10c,Bilibili,63e0726b0dce2900138bf123,BALABOOM PTE LTD,12819.434191323831,1831.3477416176902
680061dd6e7314c68220322b,Wool Craze,64684dd7d7125400115d9e39,Vicok Limited New,12809.549397331231,1829.935628190176
672ec82f913e67d2955d2084,Merge Fashion: Romance Story - iOS,6540ac3b1ad27200118e909d,Wind's Choice Tech Limited,12736.258782769453,1819.4655403956363
654cfadfcf969be4de4d8eb1,Cryptoguru: Trading Simulator,64b7f29fcca9af0011fd585d,Sonderads,12692.422388389234,1813.2031983413192
66b3500a8b82298c2add7cdd,TDS - Tower Destiny Survive,5fc671cbba624b0015a61bf1,Saygames LTD,12689.61297568655,1812.8018536695072
56b8e577819502560b000033,Wattpad Futures - android,56b2844d24342c3622000032,Wattpad,12668.288952561381,1809.755564651626
5d81cc3fe412d000189dc34b,Phase 10 Android,5b0fc58f19829714e5ad0d2f,Mattel163 Limited,12649.426614524633,1807.0609449320905
68998ef051ee842315f04fbb,LOKTV：Watch Movies & Series,6875f522babc2000110fb14e,Chongqing JiguJigu  Network Technol,12594.262047899021,1799.180292557003
60112a9e7e07f1c9680afb81,Dice Dreams,60112a3ed3c4a000156a31d9,Superplay,12587.987829343569,1798.2839756205099
59af175806532d636d001afc,Panda Pop - Android,58910f6a5f5e338431000675,Jamcity INC.,12587.909124387184,1798.272732055312
6874fa4e61fad0cbc8862a9e,Hole Stars,561e8d966b8d90f61a0033c4,Moon Active,12559.315165796053,1794.1878808280076
62e93c3863ecb481c7bc9b94,Hotel Master,5fc671cbba624b0015a61bf1,Saygames LTD,12538.249352223535,1791.1784788890764
619e4c9f799184ce269991cd,Dice Dreams,60112a3ed3c4a000156a31d9,Superplay,12528.36733528606,1789.766762183723
65dda91fd63f23ff922156aa,INS3,638b3f012fb066001b8262d1,AtlasV,12435.44250060187,1776.491785800267
5dcc0ea50f531500173bd7c7,WeWard,5dcc0df6a4305a00173b9cf8,WeWard,12410.661258856311,1772.9516084080444
65b787f14affe7a8358ee665,Find Hidden Objects - Spot It!,60f059faaf96d700177d115f,Yolo Oyun Yazılım ve Pazarlama AS,12342.760521182337,1763.251503026048
68cbdca90b1389d880129815,Yoga Flex Home App,5fc618102e8dd2001579b65d,App Central ltd,12281.60688846383,1754.5152697805472
69613d6aa37bf42bb072233f,Brick Blast iOS,57d1b461ae2b57d903000027,Easybrain Ltd,12276.821374723731,1753.831624960533
598348c317e92baa770027fe,iOS Gin Rummy,561e8d936b8d90f61a000455,Mobility Ware,12273.812968165359,1753.4018525950512
627a7fad9a5916612c6cb77e,IT-PM_Futbin_iOS,5a53889945eaab512501251e,AddApptr GmbH,12264.338176162617,1752.048310880374
5ba9510159302707328acb9e,Android Castle,561e8d936b8d90f61a000455,Mobility Ware,12256.732830363928,1750.9618329091325
68c23acd4b9f993905ba9ea9,iScreen - Widgets & Wallpaper,68c149fb167d908cf140905e,厦门神桌信息科技有限公司,12243.72836869183,1749.1040526702616
69033660fb2dadf108d1ea87,Gocrypto,66a8f651514c00001147b0d5,Clickfun Limited,12239.59393619774,1748.51341945682
69396939dcd0ca7503955f33,Drop Escape Android,58737456236d8f446400071c,FIOGONIA LIMITED,12224.385530527807,1746.340790075401
60a4e1d7cf4957c21093d8e3,Triple Tile,5c05196699e4374b87bda3b9,Tripledot Studios,12224.220965601244,1746.3172808001777
6938cb6cb92039a768f78cc6,Animal Ranch Life,634d301fa3774b001b7c0dbc,ToGather Fun Limited,12214.815553164108,1744.9736504520154
5f5ba15b8b44650001cad5b7,Hole.io,56d55c72562b9c353800000d,Voodoo,12212.219714447665,1744.6028163496665
68d0074c5d4cf995d2b88105,Hole U Can Eat Home App,5fc618102e8dd2001579b65d,App Central ltd,12174.98517208431,1739.2835960120444
687e0c1a28d514326f545087,MoviePack,6866251bdd4af80011a68567,Shenyang Yicheng Network Technology,12142.73662753383,1734.6766610762613
6571994c0c33641a15cb39e4,KJV iOS,655377ea6cdf5900118d252a,OZION TECH PTE LTD,12131.736786864096,1733.1052552662993
5a905921d21df82a03002a6b,Cookie Jam Match 3,58910f6a5f5e338431000675,Jamcity INC.,12080.046747026054,1725.720963860865
671b075c78c69e1cc1bffae7,UC1 - Minigame iOS,5981a22bcf89a5b87f001edf,ROCKETADS LTD BV,12068.47019750992,1724.0671710728457
69707f4073c0a231fff79686,Dootchi安卓,6940fbf7aa92acbac5362ff8,"Correa Pallet, Inc",12048.471362532995,1721.2101946475707
5d601a774f58920017a68eb4,Wordscapes Search iOS,561e8d976b8d90f61a0045d7,"PeopleFun, Inc.",11924.795287138842,1703.5421838769776
609cb24169d50614b1e5333c,TownWiFi by GMO,609cb17937f3bf001593dd55,GMOTownWiFi,11872.40691947254,1696.05813135322
64dd7e3dd0a59bea1ebdc488,MoboReels,62a858f7348a840017e80ac5,"FUZHOU JIARUAN SOFTWARE TECHNOLOGY CO.,LTD.",11871.592609604075,1695.9418013720108
657199b3bac8a9b2d3df4e94,KJV Android,655377ea6cdf5900118d252a,OZION TECH PTE LTD,11862.798353307822,1694.6854790439745
68c440008bd300152cfb70c4,Pocket Sort: coin puzzle,5fc671cbba624b0015a61bf1,Saygames LTD,11820.536858538118,1688.6481226483027
68b6936e73a766bfda9905e0,2677 Puzzle Bricks,573c1e4c69d550c903000024,"LeYoo,Inc.",11805.745759263486,1686.5351084662123
6035b4c3019023aabed66830,PhotoCircle,602ad40427689c0015fb2d9e,PhotoCircle Inc.,11762.078498753106,1680.296928393301
68fcc73f63adfe977a1f5415,Mahjong Blast! - GP,606c7bac7a37680015801ad8,jiayou,11758.931949515129,1679.847421359304
6285b5e6ed05d2b72d7d2d9a,Ball Sort Android,5e96c1b29704720015d9f4ae,Guru Network Limited,11743.256947591326,1677.6081353701895
66c5d3a46bdfe2cbb4e6053e,Block Away iOS,5c05196699e4374b87bda3b9,Tripledot Studios,11717.086761338114,1673.8695373340163
66cc48f0f04eb8d914d2af0d,Spades - Classic Cards,5c05196699e4374b87bda3b9,Tripledot Studios,11705.155478682182,1672.1650683831688
5b338ba8a3ecc44677296503,My Talking Tom 2 - Android,561e8d946b8d90f61a001509,Outfit7,11673.122440497207,1667.5889200710296
67c6c96a4a068ff910e4138d,vivo appstore,67a971203635740011a99501,vivo,11668.752711768027,1666.9646731097182
5da41973888eb00018871519,Turbo iOS,5d76031d57ec4f0017743734,INNOVATIVE CONNECTING PTE.LIMITED,11524.60445630084,1646.3720651858343
62330ef11261eebebcaf40a0,Vanced,622f2440e19c1e00147fc083,individual,11437.358565444743,1633.908366492106
67be80e8d85e20dacde19429,Local News,676405dff3fa5d00114fee22,Opera Software Ireland,11426.572090237958,1632.3674414625655
65fbf2bdf5d8b25533af0840,야핏무브,65fa476ea576f30011b05d36,Yanadoo,11423.693330141154,1631.9561900201647
68f9f643adc1b994d6b7c171,Livescore,68f9f5db75ceafc7a8ee6155,LiveScore,11408.359043856015,1629.7655776937165
656f0c89e20427efa3001171,Business Empire ios,627b73f7023d420018e2f038,Chardonnay Partners LLC,11351.619660019058,1621.659951431294
64781b96dac1393f38b604ca,Cake Sort - Color Puzzle Game IOS PM D2M,5a57133a3610bbb671016ff3,FALCON GLOBAL LTD.,11343.038090719956,1620.4340129599937
5b14f1387ea39141340a6d68,UNO!™,5b0fc58f19829714e5ad0d2f,Mattel163 Limited,11333.369763362836,1619.052823337548
65d7922f27332d35a876bb68,Spades Android,58737456236d8f446400071c,FIOGONIA LIMITED,11330.43450697119,1618.6335009958843
62d7177a2c28498978532511,Golf Clash,561e8d936b8d90f61a0006b6,Electronic Arts,11319.075530391236,1617.0107900558908
5aa66899bacdc27c1e00d074,Sweatcoin Android Tapdaq,59d49801fa5a566117002fd5,Sweatcoin,11283.793217913955,1611.9704597019936
66f65fef901d39379d5a9ed3,Rummy iOS,561e8d936b8d90f61a000455,Mobility Ware,11221.38838053925,1603.0554829341786
622b3099f2283d7a001c007c,Jigsaw iOS,5b975fcedc73276356309362,OAKEVER GAMES PTE LTD,11209.802563782985,1601.4003662547123
693161fe713ec82bbfc4b736,Marble Sort!,56d55c72562b9c353800000d,Voodoo,11204.30970903005,1600.6156727185787
66f590f9c81241f35a62033c,Merge Fashion: Romance Story,6540ac3b1ad27200118e909d,Wind's Choice Tech Limited,11197.84290236939,1599.6918431956271
685cb87611676e2c06228d0d,Yarn Fever! Unravel Puzzle,5d53cf81ff5bd700186c5f35,InfenitePlay LTD,11197.025822016227,1599.5751174308896
615dd65a5e0f3b245d50aa97,Backgammon GP,57d1b461ae2b57d903000027,Easybrain Ltd,11185.680749021076,1597.9543927172965
606f7f2232316bc6b225c578,Android Bubble Shooter,561e8d936b8d90f61a000455,Mobility Ware,11147.747372471755,1592.5353389245363
5b61c1d3a5eacf3ee67a792c,Pixel Art: Create by Number,57d1b461ae2b57d903000027,Easybrain Ltd,11106.94383388214,1586.706261983163
609a8393c5d1524132e8e288,Mob Control Android,56d55c72562b9c353800000d,Voodoo,11095.703158895041,1585.1004512707202
5e4a53856309c20017130e48,LINE PokoPoko,5ce21c80d788b30012b31658,Treenod,11057.48266944515,1579.640381349307
6298c1a502725ce5f8955ee4,Match Masters,6298c12ee18acf001be07064,Candivore,11052.788846462821,1578.9698352089745
6773c110cf7851883824cdf0,Si,66c45f2c053da00011d69728,Standard Game Limited,11035.231126938874,1576.4615895626962
68fb4d094b59fa48e1ca4db5,SCi,66c45f2c053da00011d69728,Standard Game Limited,11033.45716438929,1576.2081663413271
684f77fffacb2c498d30696c,細胞保衛戰,634d301fa3774b001b7c0dbc,ToGather Fun Limited,10992.725886185974,1570.389412312282
64055668fe5d0fc275c5880f,imo_hd,63f725cfaa034900149db38c,Bigo,10887.344170604038,1555.3348815148624
680b279139da3f86ec0a2314,英语：Grill Sort 日语：グリルソート,6364b12e3ad6c7001711d812,Fodream Limited,10887.198974163692,1555.3141391662416
67bde85efb32c9bf51cef20f,SUM_Universe Match_GP,646dd642f8642700116df383,Jewel,10883.620847508959,1554.8029782155656
647dbe0bb7a4c97fb3997264,Dream Island - Match 3 Games,64075f57d6da1900141e5aba,Code Dish GmbH,10874.308192523738,1553.4725989319627
6697ad3f30f0637f5c7d1d74,ios - Free VPN Proxy by VPN Planet,668fb233514c00001146f038,Free VPN Planet SRL,10870.3931520056,1552.9133074293713
649bd56d831ce850a706382c,Linked Snake,6159d295979b9a001749fd59,Supercent,10789.856448793433,1541.4080641133476
5f45ffd8256e1b0001a4189a,トリマ-移動するだけでポイントが貯まる,5f45fb2f150074001547df11,GeoTechnologies Inc.,10719.390741167066,1531.341534452438
5130b34aff10712a34000051,4 Pics 1 Word iOS,561e8d936b8d90f61a0014ca,LOTUM Media GmbH,10717.285142001025,1531.040734571575
6837cbfb71e5cc220d1c9a6b,Gaming Hub,677bd16443e94a0011b752b2,Samsung Electronics,10713.120673911875,1530.4458105588394
69956fbdeca04079046054bc,Yazio iOS,69930b23eea67583ba0c3092,Yazio GmbH,10619.39583093445,1517.05654727635
698217064f170c846e96869e,LCM - Android,693a98f538cf425060b4c773,Mediafigaro,10562.809020830453,1508.9727172614932
5810c3edd0479d592800004a,MSM iOS,561e8d946b8d90f61a00183b,"Big Blue Bubble, Inc.",10556.11720456231,1508.0167435089013
61e5d5d49825bc1d318fdc60,Lamar iOS,59e4bb543f0fa9a20900afa3,TabTale LTD,10553.84278636206,1507.6918266231514
672c9b15913e67d2955d1ab6,ColorBlockJam,5bec0018c9af0a7962a96f4a,Rollic Games,10508.344578167467,1501.1920825953525
6425f150c4d8b0bedab9783e,Tile Club,5fe2fafd6013fb0015208652,GamoVation,10450.395828119745,1492.9136897313922
667401f7c454e70b9452a263,AV - Notes with Caller ID - com.caller.notes,6666afb99ec3300011cdf91d,Appvestor ApS,10393.300129305162,1484.757161329309
66869524b8c631b497b71178,billing@vpnable-com_andr_com-vpn-free-hotspot-secure-vpnify,6297c4bc012073001b3df035,Yandex Inc.,10385.272629936147,1483.610375705164
582b1fdaad837782410004e4,Hill Climb Racing 2,561e8d956b8d90f61a003365,Fingersoft Oy,10380.789633765551,1482.969947680793
638b435df24a60fa7fe0015b,TTD,638b3f012fb066001b8262d1,AtlasV,10361.453840617649,1480.207691516807
6981daa2932fcb9012e72f5f,lyvgames-outlook-com_com-polaris-ravenvpn,6297c4bc012073001b3df035,Yandex Inc.,10359.002949443053,1479.8575642061503
671b7e8c7b3ea5a17e5cfb7c,SCKi,66c45f2c053da00011d69728,Standard Game Limited,10357.324863749333,1479.617837678476
697b68bda265576fe92438e3,qichen-big_com-tiptop-free-super-fast-link,6297c4bc012073001b3df035,Yandex Inc.,10356.099692696233,1479.4428132423188
690885f3bafb456cf25439e9,RUSH: Xtreme,5fc671cbba624b0015a61bf1,Saygames LTD,10331.815790615066,1475.973684373581
6336c08284d3dbb5c1b2fb22,Gossip Harbor: Merge & Story,58adf6988e52ab4d320004d1,Microfun,10322.568899082924,1474.6526998689892
65d4913c9a4122e9e0de9175,iOS - Pi Network,65d4907595c34900110c9204,Social Chain Inc.,10299.685542200126,1471.3836488857323
68a33d1dc1651e2c85a38a97,Drop The Cat iOS,5e5381e2bd20d800170948e8,ActionFit,10278.557049383371,1468.365292769053
691b2920eb8573f6001bc3ed,QR & Barcode Scanner,5ed15ca4662ff10016409214,Gamma Play,10271.715653425344,1467.387950489335
68527792e9b47688840edfd7,seamobi-dev-gmail-com_con-hotspot-vpn-free-master,6297c4bc012073001b3df035,Yandex Inc.,10247.969748215548,1463.9956783165069
64db6180d4592a1f1c806bde,SHAREit,5f687c6436ca1e0016d5fd6d,INJOY TECHNOLOGY PTE.LTD.,10198.081349667833,1456.8687642382617
628b5fbc2aae43fd12071c3f,2 Players iOS,607d46752ca90f00153876e8,Jungle Frog LDA,10177.008112424173,1453.858301774882
515aff900964d0f21f00000e,4 Pics 1 Word Android,561e8d936b8d90f61a0014ca,LOTUM Media GmbH,10167.493672928871,1452.499096132696
67cab6353f8ae32f2cbddcbe,Mahjong Match Daily ios,5bd009e27e1105796809759b,Big Cake Group Limited,10166.626401596535,1452.3752002280764
69154b0b1de7be35146a52bd,Jigsawcard iOS,5b975fcedc73276356309362,OAKEVER GAMES PTE LTD,10143.155312311226,1449.0221874730323
674568a601f19870b2661523,Yi Home-iOS,673afd953fa40700118c0ff2,Kami (HK) Limited,10115.238767943714,1445.0341097062449
6644b163a8dc2aebddb7b1aa,Alwayz(Android),6644af53557b6e0011536e74,Levit inc,10084.564772953843,1440.6521104219776
6051fadcdec34f1e8a8888cc,"Sweet Crunch - Matching, Blast Puzzle Game",64075f57d6da1900141e5aba,Code Dish GmbH,10060.966513922338,1437.280930560334
5ad8f49f2366ab644c5ff33f,BitLife - Life Simulator,561e8d936b8d90f61a0014bf,Candywriter,10049.882548049574,1435.6975068642248
6400d8af2fedc3f1a4d8207f,Carrom Pool,561e8d926b8d90f61a00013e,Miniclip SA,10032.270981839045,1433.1815688341492
5bebfb1c4de124001080db05,Word Trip iOS,568b8cb3bb2089a80600000a,Playsimple Games,10024.307619143012,1432.0439455918588
6937e3ed4ec75c29056b4ff0,Yarn Flow,60c319e160f8540017a53701,Spyke Games,9997.875911088888,1428.2679872984124
63e074c07c445b3cfb1b94f7,Bilibili,63e0726b0dce2900138bf123,BALABOOM PTE LTD,9996.70445013561,1428.1006357336587
6744492414a0e4daa676b602,OKOK International,674445ddd02cf30011f20eea,shenzhen kangyou jiankang Technolog,9969.723358999516,1424.246194142788
68c12e6e4b9f993905ba913a,Find object iOS,5e96c1b29704720015d9f4ae,Guru Network Limited,9952.23745137777,1421.7482073396816
6391efd28b0dbf18b5386177,all down,638b3f012fb066001b8262d1,AtlasV,9947.802349112284,1421.1146213017548
63807bee031be5e76fb1fec2,MiChat,6376f00f3d02dc001b2940b6,MICHAT PTE. LIMITED,9922.070925434497,1417.4387036334995
66d13bb5f04eb8d914d2c287,Car Jam,6364b12e3ad6c7001711d812,Fodream Limited,9896.213715474598,1413.7448164963712
693166e7728b5ddeb6aff0cb,Marble Sort!,56d55c72562b9c353800000d,Voodoo,9879.239541976993,1411.319934568142
68e2673c5f81a96145dc421d,City on Fire Home App,5fc618102e8dd2001579b65d,App Central ltd,9864.120384351902,1409.1600549074144
6565d6d13eb26e8fe73a4926,YCC365 Plus,6556edd16cdf5900118d56ce,Closeli,9857.168876747473,1408.1669823924963
69b169a7987039d6bdff43fa,zhouwu19894325-gmail-com_com-bluesunrise-PaperFly,6297c4bc012073001b3df035,Yandex Inc.,9837.41145432885,1405.34449347555
63ae90ce8d9ff5d9d956e345,M61,5dee0fe5eb22e8001714f2dc,dingdong,9823.177235875492,1403.3110336964987
6694c54c4d6765df32fed7ff,Fizzo Novel - Android,6694c47160e2ea00114a8599,Poligon Pte Ltd,9759.552576076021,1394.2217965822888
6748805c2cbb484556728dc9,tiptp1777_com-free-tiptop-vpn-proxy,6297c4bc012073001b3df035,Yandex Inc.,9727.202117066032,1389.6003024380045
6362364f952ac005717d7cb4,Zombie Waves,64631cb61aec7f0014e2bfed,NEW_FOREVER SATURN CORPORATION LIMITED,9723.36917696742,1389.0527395667743
679b8bf0b7c0c84dcaf1d00e,KAUCHE,679afd4877bd1c00117aaefd,"KAUCHE, Inc",9711.6813324557,1387.3830474936715
5e7d32bd4ecf620001e063d3,Family Island Android,561e8d966b8d90f61a0033c4,Moon Active,9669.48927887129,1381.355611267327
609cb1ebeaf8e5066276b1eb,TownWiFi by GMO,609cb17937f3bf001593dd55,GMOTownWiFi,9651.980557608425,1378.8543653726322
59af17136413db5d6d001cdc,Panda Pop iOS,58910f6a5f5e338431000675,Jamcity INC.,9634.165815308212,1376.3094021868874
5a9059cad21df82a03002ca1,Cookie Jam Match 3 Android,58910f6a5f5e338431000675,Jamcity INC.,9603.269967794424,1371.8957096849176
673d806f14a0e4daa676a12c,Screw Jam Master,5f0c183af52f8e001b9cc198,BOLOYO LIMITED,9544.827754873666,1363.5468221248095
6944c6740386411826a708bc,Word Screw-3D Unscrew Bolts,634d301fa3774b001b7c0dbc,ToGather Fun Limited,9516.495640110485,1359.4993771586408
671915f1192d50ecc531c27a,Cricket League,561e8d926b8d90f61a00013e,Miniclip SA,9491.557687445793,1355.9368124922562
694966f98301764ca7d4fd6b,Barber Salon Launcher,5fc618102e8dd2001579b65d,App Central ltd,9485.899437154734,1355.128491022105
619b54ec1e625bd45aa1ecdc,Treasure Master,619b548fc9c9c1001796f1f6,Gimica GmbH,9480.456016370297,1354.350859481471
67112f5c4c1e2982cf064494,Trebel Music - Android,59bbfb5389df7b9d3b000840,Trebel Music,9431.137167140441,1347.3053095914916
64bddfb4f5edf073b3bd3a34,Likee_Android,64ba3523d63483001120ba5e,BIGO TECHNOLOGY PTE LTD,9405.787594045756,1343.6839420065367
6257f947978c35cea67ef455,DailyTube,624fd1d81bad4b0011a0d52c,DailyTube,9356.653205641152,1336.6647436630217
64a41edf830ec394da0090b7,Solitaire - Card Game,64803209bfd9aa0011593484,Bluetile Games,9352.537902885657,1336.0768432693797
69d363a67a247104164762b3,stolitomson_vpn-vpn-green,6297c4bc012073001b3df035,Yandex Inc.,9339.402656850336,1334.200379550048
620a06000b6dd752967c9c1b,2723_Shoot Bubble,573c1e4c69d550c903000024,"LeYoo,Inc.",9316.542798367298,1330.9346854810426
59c0bfe44b342c7f280015fe,Solitaire – Classic Card Game,57d1b461ae2b57d903000027,Easybrain Ltd,9301.9399106085,1328.8485586583572
65fdb0090aa4012353420027,Dominoes Android Fiogonia,58737456236d8f446400071c,FIOGONIA LIMITED,9293.059536569512,1327.5799337956446
642dee1b95e6378735df64be,Coin Sort,5f064bf93191d60018f0fd5a,Lion Studios,9291.83383650593,1327.4048337865613
651439edb30c764e0a120c14,myTuner Radio,61e93624cf7a710017932586,"Appgeneration, Lda",9272.432808346759,1324.6332583352512
68c17bab0ed903cf7fceab95,Pillow Chase Home App,5fc618102e8dd2001579b65d,App Central ltd,9247.057057773765,1321.008151110538
67d822559323fd56d1497c95,FFB_Fruit Blast_GP,646dd642f8642700116df383,Jewel,9243.770707800752,1320.5386725429646
6421975d2401c991de092482,Mackolik iOS,641d8986be2b36001370ca2a,Mackolik,9233.877019445314,1319.1252884921876
679b8c7cc1d0e427bfd01588,KAUCHE,679afd4877bd1c00117aaefd,"KAUCHE, Inc",9229.710993224064,1318.530141889152
6698d3cdf7bea065c84f3ccc,linky,6698d32f7c55ea0011aabb4f,Sky work,9191.44947496371,1313.0642107091014
5b7c5bff274f5b2f7bc47219,Twodots iOS,561e8d976b8d90f61a004735,Dots,9175.078060216721,1310.7254371738175
63021b704b6012824b206f74,Ball Bounce,619b548fc9c9c1001796f1f6,Gimica GmbH,9134.077315328554,1304.8681879040792
66a20babaac742b8e38f8dbf,KJV Bible Library,65e037799e0d93001113e55a,Rocketshield Browser Technology Lim,9105.626718092479,1300.803816870354
677393b087298a2a13dc7d1b,Opera for Android with AI,676405dff3fa5d00114fee22,Opera Software Ireland,9088.934351182404,1298.4191930260579
6412fbc3460313888d55020e,Litmatch - Make new friends,6406dc222ecde6001489f995,CONSTRUCT TECHNOLOGY PTE LTD,9076.055944192096,1296.579420598871
659677f9c64ca439507c3d73,Spades Stars - Card Game,64803209bfd9aa0011593484,Bluetile Games,9074.26338649534,1296.3233409279057
6878fcb8eb91ef8f5fcbe810,Block Blitz,64803209bfd9aa0011593484,Bluetile Games,9070.627168177356,1295.8038811681938
64219c789587b72e7535292a,Med iOS,64219c0480513f00143dbdc5,Match en Direct,9061.06664089817,1294.4380915568815
677fbb200ed7c46339aa360e,MDC_Dessert Crush_GP,646dd642f8642700116df383,Jewel,9031.533129130506,1290.2190184472151
604efb2b72c6ac4fce8f3b80,DWG FastView Android,604ec2ae5a93950016a63fdd,"Gstarsoft Co.,ltd",9013.580304411922,1287.6543292017031
65f15037e2703b0ee7fb2de9,Screw Puzzle ios,5fc0a33dcb32b5001563f9dc,AmberMobile Limited,9009.92055322409,1287.1315076034414
60994b96c5d1524132e8e1a7,Mob Control,56d55c72562b9c353800000d,Voodoo,8965.584335945216,1280.7977622778878
6269a09080648a204f5b38eb,Web Video Caster iOS,62223b5eb6858a001bb4e17c,InstantBits Inc,8963.434962385181,1280.4907089121687
5d075faccf7fcd0018c2939b,Cooking Fever,561e8d946b8d90f61a001f18,Nordcurrent,8898.154172439212,1271.1648817770304
685cebac7ded2eaf8720187f,Find Object Android,5e96c1b29704720015d9f4ae,Guru Network Limited,8874.145829338715,1267.7351184769593
6256c62214e8da0a085db7fb,Get Color,5c05196699e4374b87bda3b9,Tripledot Studios,8851.613248598504,1264.516178371215
5d8aa790df0e0a001856d0d7,Spider ▻ Solitaire,561e8d976b8d90f61a0045d7,"PeopleFun, Inc.",8845.61710317495,1263.6595861678502
62684160e2a0ef078b8fc737,Toy Blast,56c3a378adccd1cb7e00000a,Zynga,8823.205786025905,1260.4579694322722
67a71ac1ef13facef7af4716,おぢポ,67a71a4dce727c001181b80d,"ALBONA, Inc",8793.081032541908,1256.1544332202725
669776a6fa880d1a7613075f,android - Free VPN Proxy by Planet VPN,668fb233514c00001146f038,Free VPN Planet SRL,8791.693044874222,1255.956149267746
64a73392d89a1b3212021ab0,Empires & Puzzles,56c3a378adccd1cb7e00000a,Zynga,8784.688415209468,1254.955487887067
5638fa9d45835e485b000008,Plants vs. Zombies iOS,561e8d936b8d90f61a0006b6,Electronic Arts,8769.203672903395,1252.7433818433421
58bf044230aa0e8e3c00043d,iOS Jigsaw Puzzle,561e8d936b8d90f61a000455,Mobility Ware,8764.633695191105,1252.0905278844436
6957275e16da9127a3d3f221,삼쩜삼 (SZS) - Android,63c7b6b2f22ae3001457f1fb,"Delight Room Co, Ltd",8750.935401268156,1250.1336287525937
5821ac608c3c580c2e000275,Hill Climb Racing 2,561e8d956b8d90f61a003365,Fingersoft Oy,8747.067209490378,1249.5810299271968
5e68bdb6fd1a750001765a91,Domino,59baf14999eaaa880a002c38,LOOP GAMES SAS,8740.398811351546,1248.6284016216493
681881d216e6847d6f09df17,Rummy 500 Android,58737456236d8f446400071c,FIOGONIA LIMITED,8739.732719761909,1248.5332456802728
678a0872a18672e70722ee72,palmplaystore,6788b18b06da640011023eaf,Transsion OEM,8720.228792382128,1245.746970340304
67fd02d65856c0088117d972,Playtest Pro,64803209bfd9aa0011593484,Bluetile Games,8705.791002995644,1243.6844289993776
64da286899eac20203d759d8,Cryptogram new,647deb456149810011be5192,Joyteractive Ltd,8696.06831659945,1242.2954737999214
535ec3d2808374a74e0000e8,Flow Free iOS,561e8d946b8d90f61a0016d5,Big Duck Games,8669.577951338735,1238.5111359055336
63532703807a49419ad183c9,Found It! Hidden Objects,5f064bf93191d60018f0fd5a,Lion Studios,8664.68718728141,1237.8124553259156
61fd17a90936fb0801aa04bf,Mahjong Club,5fe2fafd6013fb0015208652,GamoVation,8656.882758821994,1236.6975369745705
66469fc26e3e372b114a92e3,LINEウォーク,5efeed113191d60018f0f4e0,LY Corporation,8635.652407572115,1233.6646296531594
5f293a77fd8df300014e46b8,Dating and Chat - Maybe you,5e05c0a26057ae0017e7d51c,FlintCast s.r.o.,8613.697809515075,1230.5282585021537
63764fda650877c584196fbe,Sudoku Android,5fe2fafd6013fb0015208652,GamoVation,8604.618550237135,1229.2312214624478
60370bfa488877a0ea0bb3c4,My Talking Angela 2 - Android,561e8d946b8d90f61a001509,Outfit7,8600.511948639358,1228.6445640913369
67112d0120deb557b6b2157f,Trebel Music - iOS,59bbfb5389df7b9d3b000840,Trebel Music,8585.188570697452,1226.455510099636
664c64322e5301452296fd90,Screw Pin Jam Puzzle-IOS,5eb4c67d5e6ebc00166b8d04,广州勇往科技有限公司,8573.375629715425,1224.7679471022036
6125d5e281f048af888e61ad,TimeBlocks_iOS,5d5a4104cec59b0017a0151f,adpopcorn,8561.836800762034,1223.119542966005
67bed62fee9356aafba1c6f2,돈이돼지,63c7b6b2f22ae3001457f1fb,"Delight Room Co, Ltd",8532.773973451032,1218.9677104930047
5fd720c84a9ae275930efc9e,OK캐쉬백,5fbcac40ba624b0015a61709,SKplanet,8529.08252376416,1218.4403605377372
69afbb5bba87afee00ff7fa1,Diamond Flow: Color Puzzle,5eb4c67d5e6ebc00166b8d04,广州勇往科技有限公司,8515.324920733437,1216.4749886762054
5c6bcec910122f720df1553b,Crossword Jam : Fun Brain Game,568b8cb3bb2089a80600000a,Playsimple Games,8503.0185658506,1214.7169379786571
65d1c3d37f94e82ba925da38,BeautyPlus iOS,65d1b497a3d8e10011923d10,Pixocial Technology (Singapore) Pte,8484.901751985573,1212.1288217122249
667a2daa4d6765df32fe8af3,PDF Reader - PDF Viewer,5dc9534f674ec70017d0306a,Think Yeah,8456.708490762661,1208.1012129660944
66166d8dc0c070078a977c88,Dominoes Masters,64803209bfd9aa0011593484,Bluetile Games,8431.939411836636,1204.5627731195195
62f1051ffaf12b2a7ad9a1d1,Tanks Blitz,62ea666c62b76e001b3eca4f,LLC East-Games,8428.81475606598,1204.1163937237113
65ab6489388f89926d733a0a,Merge Restyle,5c99bb9a419bc70011bbebcd,"HIGGS TECHNOLOGY CO.,LIMITED",8419.186417285006,1202.7409167550009
641c54b44e8910abf4bdad7e,Pirate Treasures: Jewel & Gems,5e072f709b72ee0018763bc3,TAPCLAP,8414.991348078242,1202.1416211540345
61255fc7e1c507583895150c,Project Makeover,612549a07d54b700104c6ae3,"Magic Tavern, Inc.",8407.479707465125,1201.068529637875
66d52620e6845db6f88fa9e2,Car Jam Solver:Car Puzzle Game,64684dd7d7125400115d9e39,Vicok Limited New,8407.055095692618,1201.0078708132312
673bfb23136e386f160fa8e4,Turbo VPN Lite,5d76031d57ec4f0017743734,INNOVATIVE CONNECTING PTE.LIMITED,8394.455796717406,1199.2079709596294
68b6b11a0e4ccdf0435abc0a,BonusTV,68b15a7cc3df44b6b016cb9f,"SHORT DRAMA CO, LIMITED",8375.593294559105,1196.513327794158
62ed4ab8b2ffde8039b8cfa6,TuneIn Radio: Music & Sports,62ed34b9c7573a0017012671,"TuneIn, Inc.",8357.577021623529,1193.9395745176469
62d7181b772704ae6a531587,Golf Clash,561e8d936b8d90f61a0006b6,Electronic Arts,8354.738541319231,1193.5340773313187
652d6214814931c3829cb10d,OneFootball iOS,65241b8db3ff7d001153bca8,Onefootball Gmbh,8336.984090367456,1190.9977271953508
58efccf3479e42015600260a,"Text Me! - Free Texting, Messaging and Phone Calls",561e8d936b8d90f61a0014bd,"TextMe, Inc.",8301.83367446019,1185.9762392085984
5f74d53bf1c0751a159817cc,Lovoo iOS,561e8d936b8d90f61a000d42,PE Digital GmbH,8292.551950694691,1184.65027867067
6944fe900909df412ec5212c,Sheep Away,634d301fa3774b001b7c0dbc,ToGather Fun Limited,8292.261092367027,1184.6087274810038
69c20204a8a6fba7d1a1780d,sdyjtpath,59f943ef3f415d7d580076a0,"Shenzhen AOE Network Technology Co., Ltd.",8274.977043078105,1182.1395775825863
65abce9f83257a2e7ed5569a,Cryptoguru: Trading Simulator,64b7f29fcca9af0011fd585d,Sonderads,8262.205952144497,1180.3151360206425
694b60ccde78228fcc078c09,Block Blast! VN-iOS,606c7bac7a37680015801ad8,jiayou,8262.041736128242,1180.2916765897487
688763635f7b35e31f065854,BMC_Monster Clear_GP,646dd642f8642700116df383,Jewel,8231.224000151678,1175.8891428788113
66db113537f8220673f9e833,Easy Words IOS,57d1b461ae2b57d903000027,Easybrain Ltd,8219.071398511796,1174.1530569302565
63b66a4beaf2443e5329bd1c,Goods Triple,6375b18dfdfa75001bf507e2,Speelead Limited,8201.913724183058,1171.7019605975797
64ec9253047c0ca49c766f09,Balls Versus Blocks,619b548fc9c9c1001796f1f6,Gimica GmbH,8187.177372451685,1169.5967674930978
69ba71e0d1024b492e90e048,MSi,66c45f2c053da00011d69728,Standard Game Limited,8186.206170938827,1169.4580244198326
618cc2e73093eef9fd699719,Water Sort Puzzle - Android,5e96c1b29704720015d9f4ae,Guru Network Limited,8086.217525367829,1155.1739321954042
691acb73f3cd41299fea3ff2,Clover Hit Slot-iOS,64d4aff7bedba60011a4ca25,"Guangzhou Tongliang Technology Co,",8059.985007187315,1151.426429598188
69d5fc175c9606f21f667e94,Lucky Panda Slot-iOS,64d4aff7bedba60011a4ca25,"Guangzhou Tongliang Technology Co,",8058.657482204297,1151.2367831720424
68f61435da231d4f28128efc,Arrows Escape,5fc671cbba624b0015a61bf1,Saygames LTD,8040.877955334719,1148.6968507621027
657a0d1ce32ee9b92a27b29d,Wordscapes Solitaire,561e8d976b8d90f61a0045d7,"PeopleFun, Inc.",8030.661657018215,1147.2373795740307
67a5c083b7c0c84dcaf1ee86,Jigsolitaire,561e8d936b8d90f61a00046c,"Gamincat, Inc.",8003.473707410623,1143.3533867729461
649acaccd89a1b3212020d26,NovelFlow_iOS,649a9d5a29925f0011c63229,RNOVEL PTELTD,7961.214229179985,1137.3163184542834
66d574e85634666900b5bc0b,Screw Sort 3D,6364b12e3ad6c7001711d812,Fodream Limited,7911.112382985832,1130.1589118551187
62c183465c7d074a7c25f80a,Survivor!.io,5af96cda0bf9c14aa04bb8a8,HABBY PTE.LTD.,7911.10011140415,1130.1571587720214
60ffae7e872d936336e6b023,AppLock,5ac42fbc4ef24f72ce45d5e7,DoMobile,7906.7069365649095,1129.5295623664156
69495ce058c80b13f78eff4b,Yarn Flow,60c319e160f8540017a53701,Spyke Games,7880.755872431789,1125.8222674902556
68d40d4f63e6cee0292ae24b,T-Mobile Play,643d1561e09b08001442e672,Sliide,7874.388411072607,1124.9126301532294
5a5dc3f2e9e0ac6c7e0024fb,Bricks n Balls,561e8d976b8d90f61a0045d7,"PeopleFun, Inc.",7860.7940854779135,1122.970583639702
60780915a89ffffc0c0a1ed2,YouCut,561e8d976b8d90f61a003fcf,InstaShot,7851.942722530447,1121.7061032186352
664485f1d09efc5a9e422018,Top Eleven - iOS,664372d48ffbbf0011f17452,Nordeus,7850.3661169171355,1121.480873845305
62bf067becdcebd553113997,TextFree Pinger (57),62b9ac4282628b001b5ab74a,Pinger,7800.739593932616,1114.3913705618022
667ad1914d6765df32fe8e13,Twisted Ropes: Untangle 3D,60afcdd4407e6d0018810836,Fomo Oyun Yazılım ve Pazarlama A.Ş. İstanbul İhtisas Serbest Bölge Şubesi,7776.20189935558,1110.8859856222257
69957fa53630b752386ae154,Yazio Android,69930b23eea67583ba0c3092,Yazio GmbH,7772.7624691065175,1110.3946384437882
67d8df6781fb2a1e3a1b5191,GoodsJam_IOS_com.ig.goods.jam,5ce32f41e15f77001148e36d,Zego Global Pte Ltd,7766.901575810203,1109.5573679728861
6298d2b35720e2c746535acb,Match Masters iOS,6298c12ee18acf001be07064,Candivore,7763.182314260719,1109.0260448943884
66ed44a4f909844620b79258,Connect Word iOS,6021599b8b3e5600159fcc76,HITAPPS GAMES LTD,7762.13062832674,1108.875804046677
5d0d6125fe3d6f00112ceb97,iOS Mahjong,561e8d936b8d90f61a000455,Mobility Ware,7733.747361564342,1104.821051652049
65d36a25d1b71b57183c27a8,Talkie,65d36866a3d8e10011925549,SUBSUP PTE. LTD.,7721.529322616279,1103.0756175166114
632ccc760ca02c6344d51837,Pet Rescue Saga_iOS,622b9915ac4bf1001715b790,Activision Blizzard Media (King),7702.672666052118,1100.381809436017
5f2d0c03f503650001351c59,Water Sort Puzzle iOS,5b1f351e3eddeb10ce7fa54c,IEC Global Pty Ltd.,7702.590830441933,1100.3701186345618
5e0399f7ddf7457b59f24958,Worms Zone .io - Voracious Snake,59fb487bbe77065f5800afc3,Azur Games,7689.339028824989,1098.4770041178556
56cb247c4c275f425b000054,Block Craft 3D: City Building Simulator,561e8d976b8d90f61a00418e,FGFF,7687.870704282198,1098.2672434688855
66d6b9d22a769ddae7418cdd,com.miui.global.packageinstaller,66d6b6896f113e001198b89c,Xiaomi Group,7665.128856186846,1095.0184080266922
64c2648349fc2279edeb88f2,Traffic Escape,60afcdd4407e6d0018810836,Fomo Oyun Yazılım ve Pazarlama A.Ş. İstanbul İhtisas Serbest Bölge Şubesi,7655.919021997284,1093.7027174281834
655c85f46d563178776cc1c7,Car Out Android,5c05196699e4374b87bda3b9,Tripledot Studios,7652.630313061352,1093.2329018659075
59a6b687318ae8a008002f01,Word Connect v1 - iOS,561e8d946b8d90f61a0017d9,Zentertain,7606.654844129027,1086.6649777327182
685eae0ea49e6497f395dba1,yuechao-ma_com-free-app-open-lite,6297c4bc012073001b3df035,Yandex Inc.,7589.517076664817,1084.216725237831
6718ca934a1ec2bd8d864e26,Mahjong Triple Club,5fe2fafd6013fb0015208652,GamoVation,7586.541913015896,1083.7917018594137
66e4115921c064bb76dcde5f,Screw Lite And,58b91be73e5caab04b000296,Mavericks Mobile,7540.475345599784,1077.210763657112
625eafbe443b2f1fa136e3e5,Animal Kingdom: Coin Raid,621e7a3f257d5f001422669b,Innplay Labs,7508.417279089013,1072.631039869859
5ea35bf014514a0001c0cd9e,Harry Potter,56c3a378adccd1cb7e00000a,Zynga,7490.282136080593,1070.0403051543703
5a167dd1d0d008d90400a61d,Pixel Art - Color by Number,57d1b461ae2b57d903000027,Easybrain Ltd,7471.665367904669,1067.3807668435243
5824795d707e72692a000220,101 Okey Plus Android,56c3a378adccd1cb7e00000a,Zynga,7470.889498277543,1067.2699283253633
6552da33cf969be4de4d9aba,Watermelon Drop: Fruit Merge,5d53cf81ff5bd700186c5f35,InfenitePlay LTD,7466.660055091626,1066.6657221559467
581790e0591c1ca0390001a0,iOS Pyramid,561e8d936b8d90f61a000455,Mobility Ware,7453.352899808276,1064.7646999726107
5f58b1eb58401a000165c9f7,Solitaire Cash,5f58b1ac675b0600157e7105,Papaya Gaming,7442.910016410933,1063.2728594872763
6822c0e938a42a2dc1efb418,Grow Forest: Oasis Word Puzzle,5bf769c9efdc0d7c5359f96c,Apoggy Limited,7436.062976638777,1062.2947109483969
6912064edcd984f22c652c3f,deveem_io-deveem-vpn,6297c4bc012073001b3df035,Yandex Inc.,7429.1640103940135,1061.309144342002
5de4583d2510a20017316fb9,Bubble Pop Origin! Puzzle Game,5d130cdf37472100170775e1,Puzzle1Studio,7412.068570904136,1058.866938700591
6822af17a288cde6eec33c39,cam720,681c54531d9e25001144b6b4,深圳市乔安科技有限公司,7402.326081047977,1057.4751544354253
5dbbcb0a073003001420bd62,QBlock iOS,5b975fcedc73276356309362,OAKEVER GAMES PTE LTD,7392.809364446254,1056.1156234923221
65607dea1df3e90d79a94614,Nostal Solitaire iOS,5fc0a33dcb32b5001563f9dc,AmberMobile Limited,7392.40679552791,1056.0581136468443
66accd5ae33c9a548741ed15,Find The Cat - Hidden Objects,6155ad11120d4a0017386a18,Agave Games,7378.877927673679,1054.125418239097
6756d6829d0f2cfb524eed56,Novus Smart Transfer,6756d5101e787500114ab99c,Novus Tech Apps PTY LTD,7375.118682233222,1053.5883831761746
6321bbd636535c0cf813b170,terabox,630dd09a2334a0001b28ad73,"Flextech, Inc.",7335.248548188891,1047.8926497412701
68ef8349bea871f37200c0f0,uc browser,688b3725c446f77fe6eaaff8,UCWeb Singapore Pte Ltd,7330.398450793154,1047.1997786847362
688722745f7b35e31f0652d1,moviebr,67a2e105ce727c001181897c,"HK Wanhua Network Tech Co, Limited",7310.255075972895,1044.3221537104134
68a5345384159c6ca096598c,Water SortPuz 3D,634d301fa3774b001b7c0dbc,ToGather Fun Limited,7227.273843070848,1032.467691867264
654b71bbd1c31fd96c33fd73,We are Warriors!,6107c3b4abaef100175b9029,Lessmore UG (haftungsbeschränkt),7208.517487864577,1029.7882125520823
649bd676831ce850a7063831,Linked Snake,6159d295979b9a001749fd59,Supercent,7204.279524443321,1029.1827892061888
650a64add38855ef54aaed95,Sudoku-iOS,606c7bac7a37680015801ad8,jiayou,7176.053904437849,1025.1505577768355
62227129431815d6a87ea5a4,Wordle!,5f064bf93191d60018f0fd5a,Lion Studios,7172.689823832733,1024.6699748332476
6486daf5ca87de90227bd02b,Cricket Line Guru,6486da2ba6bfa20014cb5d31,Brainmobi Technologies,7165.9568435284245,1023.7081205040606
5cdbfb879ccc2b001243c996,Snake.io,561e8d946b8d90f61a00170a,Kooapps Inc.,7162.7949850000105,1023.2564264285729
62dbbd2d0292f74d5c09177d,C4-BestNovel,62a858f7348a840017e80ac5,"FUZHOU JIARUAN SOFTWARE TECHNOLOGY CO.,LTD.",7160.0499588358425,1022.8642798336917
65ba6971285feb21006299f0,Water Sorter,619b548fc9c9c1001796f1f6,Gimica GmbH,7159.742612900758,1022.8203732715368
5cceb96e511fec0012c55dea,CF_iOS,561e8d976b8d90f61a003e81,SpinX Games Limited (in use),7148.910639097404,1021.2729484424863
69a337c63630b752386bb689,StepUp iOS,69a33528e458622da39fd9d8,StepUp App,7140.2704239700515,1020.0386319957216
654400288c556a86968f45d8,Crazy Eights,561e8d936b8d90f61a000455,Mobility Ware,7137.806016781533,1019.6865738259332
661213bfd4cf07f390ceb1d9,Color Oasis - Color by Number,561e8d946b8d90f61a001853,Century Games,7130.889001576812,1018.6984287966874
630db358adff6b6e29fde846,Muslim Pro iOS,630d8dbfb1095d001bb0f04a,Bitsmedia Pte Ltd,7125.45445872193,1017.9220655317042
65ddede5d1b71b57183c4444,Spades iOS,58737456236d8f446400071c,FIOGONIA LIMITED,7119.786451471332,1017.1123502101902
673dcee201f19870b266002b,Little Farm Story,5fc671cbba624b0015a61bf1,Saygames LTD,7111.990231691497,1015.9986045273566
6705f847d4aa891a69ae00e2,BusOut_IOS_com.dino.bus.out,5ce32f41e15f77001148e36d,Zego Global Pte Ltd,7110.227192656563,1015.7467418080804
67e3f9ac93794ee78a755362,Talkie Lab,65d36866a3d8e10011925549,SUBSUP PTE. LTD.,7097.486336032611,1013.9266194332301
5dd262ec2aa70a0017bcf071,애니팡2 - AOS,595cb8330ceef66964001700,Wemade Play,7076.661763438187,1010.9516804911697
692d9305965aa7e90a0c05ba,Waterslide Tycoon Home Screen,5fc618102e8dd2001579b65d,App Central ltd,7066.826306672757,1009.5466152389653
6226eb84e86004fd4e1a1277,Multiple Accounts: Dual Accounts&Parallel Space,6226eaddb6858a001bb4fb78,Parallel Space,7066.222442052729,1009.4603488646756
63f6d6cb9d9df773029fe9c1,EseeCloud,63059267cf2375001ae03848,"Guangzhou Yourong Data Network Co., LTD",7054.070866896518,1007.7244095566455
66753716f646af2fcfc11f8c,Blessedid,65e037799e0d93001113e55a,Rocketshield Browser Technology Lim,7048.2120279218025,1006.8874325602575
63340ee0c8463b8aca742188,Macadam iOS,63340ea7b82cec00137c42f8,"MACADAM TECHNOLOGIES, S.L.",7041.810068938565,1005.9728669912236
6408c6335f2edf398c67c208,Melon Playground,5ec6f4dbdae5f50015c2980b,PCA Bear LLC,7019.121107748153,1002.7315868211647
5af56c332803314ab33837f0,Ball Blast,56d55c72562b9c353800000d,Voodoo,7014.305843814882,1002.0436919735546
65d561f025cdf63cf9a2d059,V360 Pro,65d47091444f8f0011416ee7,CloudBirds,7010.9954451584035,1001.570777879772
