app_id,app_name,account_id,account_name,total_revenue_7d,daily_revenue
624d1d920ea4f6b17766ae63,Block Blast-ios,606c7bac7a37680015801ad8,jiayou,846746.0771999806,120963.72531428294
633549fb3901c096a37b2893,Block Juggle—GP,606c7bac7a37680015801ad8,jiayou,571113.1991603044,81587.59988004349
659e1333a5c8c578aac410f0,Vita Mahjong Android,5b975fcedc73276356309362,OAKEVER GAMES PTE LTD,406939.75428568514,58134.250612240736
632cc70d35cc2d93ebf3b2d5,Candy Crush Saga_iOS,622b9915ac4bf1001715b790,Activision Blizzard Media (King),336467.5317740067,48066.790253429535
632cc7810ca02c6344d51822,Candy Crush Saga_Android,622b9915ac4bf1001715b790,Activision Blizzard Media (King),329858.28012095334,47122.611445850474
5346f0f55cd3b9056a000074,iOS Solitaire,561e8d936b8d90f61a000455,Mobility Ware,310466.69402608485,44352.384860869264
685f0edd6d5c129491a495a9,Weather - The Weather Channel,685efaf2892f9d0011d7b87f,The Weather Company,299423.2807923815,42774.754398911646
650363ddd38855ef54aae568,OfferUp iOS,650360eb0950ee00114dc484,OfferUp,283832.4844054743,40547.49777221061
653a33af7b1a3c2b6f2b138a,Vita Mahjong,5b975fcedc73276356309362,OAKEVER GAMES PTE LTD,236882.03196470003,33840.290280671434
575d1cfa8eee0c91140000be,Snaptube,575d1c861295e1447c0000e5,snaptube,223916.57044658856,31988.081492369794
5b2abc08c4867b46785c2206,Grindr - iOS,5b2aad55ec47af23be0124fc,Grindr,197111.32642648712,28158.76091806959
63d77f6407dd8c480b4ebaa1,Reelshort-Android,59baf611f2287a750a0034c2,CrazyMaple Studio,189002.01449108598,27000.287784440854
67a5cb9db7c0c84dcaf1eead,Melolo,67a5bd8b7e5a1b00114a860e,POLIGON PTE LTD,186061.18654970088,26580.169507100127
687fc946b7d9308ece480379,Duolingo,68799f38babc2000110fe539,Duolingo,183490.7283890039,26212.96119842913
6642cedde0cbed6459a1b75e,Tile Trip Android,5b975fcedc73276356309362,OAKEVER GAMES PTE LTD,176171.23789022784,25167.319698603977
684fe5259f7ebc7d027585c8,IOS | Flashscore: Live Scores & News,684c3af4806ba9001147f9cd,Livesport sro,173345.81786347838,24763.688266211197
63d77e2191f962a0f3ba0fbc,Reelshort-iOS,59baf611f2287a750a0034c2,CrazyMaple Studio,171991.2727645866,24570.181823512372
68887aeb5f7b35e31f06647a,Word Solitaire: Associations IOS,6021599b8b3e5600159fcc76,HITAPPS GAMES LTD,168660.91449231957,24094.416356045655
689b0fdef369593cb0e287e9,FreeReels-安卓,67c01767cc8ae200116e5d00,Skywork AI PTELTD,161102.61396298715,23014.659137569593
5f07f6f990f19b0001fa32ac,Lark Player,575d1c861295e1447c0000e5,snaptube,155540.5251245887,22220.075017798383
57979405fb0fb7fc6e0000a2,Solitaire Collection Windows,579643ec6c081adf5c00004c,Microsoft Casual Games,154389.8073,22055.686757142856
685b5cb975c4436861cc7c72,Mahjong - Royal Tiles GP,67b5bff30471850011443643,HURELAX PTE LTD,153704.80923424716,21957.82989060674
6716548809f72ec0f50798ed,Vinted IOS,670cfa366f113e00119a799f,Vinted,149028.67534861102,21289.810764087288
5dfae2bf66091a78d58169d1,Words With Friends 3 Word Game,56c3a378adccd1cb7e00000a,Zynga,148543.4280374666,21220.489719638084
6649f71d6e3e372b114a9a75,Video Lite,6649f6de557b6e0011539536,Snackbox Inc,145867.18883019718,20838.169832885313
5c708b8a680cf16c1f43417f,Musi - Simple Music Streaming,5bccfdfc02937a3064660fb7,Musi Inc.,144263.36950562493,20609.05278651785
64afc9c087a62f8001c6a27d,MetroZone,64afadea4da41800114faaeb,Unity - Americas,136197.83675091778,19456.83382155968
687fc975b7d9308ece480382,Duolingo,68799f38babc2000110fe539,Duolingo,135795.31396139882,19399.330565914115
661556bb5b2dea6d39bb0063,Crossword Master GP,57d1b461ae2b57d903000027,Easybrain Ltd,134602.63294011887,19228.947562874124
67078f17c81241f35a6237cb,iOS 365Scores: Live Scores & News,67078359be02e20011a686ec,365scores,130275.71690180153,18610.81670025736
66857e436204497f762a9aad,Tumblr,668545a239a54a0011299e6e,Automattic,129555.08983510875,18507.869976444108
58ebd9a452140fe55600117e,Wordscapes,561e8d976b8d90f61a0045d7,"PeopleFun, Inc.",128823.72164230855,18403.388806044077
5cb99eb2e520d93f2a43c588,Jigsaw Puzzles Android,57d1b461ae2b57d903000027,Easybrain Ltd,115307.31138246773,16472.473054638245
685b5c3275c4436861cc7bec,Mahjong - Royal Tiles IOS,67b5bff30471850011443643,HURELAX PTE LTD,114498.85764712104,16356.979663874434
5d3e9f2d7ea085001866a696,扫描全能王,5d3a5de9ddc71000189c7a84,"Shanghai Linguan Data Co., Ltd.",113810.96154470365,16258.70879210052
5f3fcad2f503650001352dfc,Woodoku,5c05196699e4374b87bda3b9,Tripledot Studios,108450.52711281029,15492.932444687185
5ee96179d43e3a0001751cb0,Android Spades,561e8d936b8d90f61a000455,Mobility Ware,105407.1203705375,15058.160052933928
686295a9394e0109dd4a2580,Flightradar24 | Flight Tracker,6862932aaff9d800114174ac,Flightradar24 AB,104791.89878444909,14970.2712549213
638badd694d1fb9053c85621,Locket iOS,638badabfc61bb001443e715,"Locket Labs, Inc",103958.64424784564,14851.234892549377
632cc883144718961252fcd2,Candy Crush Soda Saga_Android,622b9915ac4bf1001715b790,Activision Blizzard Media (King),103265.47814166125,14752.211163094466
6571c9ecba6511036ea4df55,Eyecon,6570788bee73b50011dbb6f6,Eyecon Global Ltd,103037.29278161313,14719.613254516162
5efb5d6c93032a0001e65bce,Woodoku,5c05196699e4374b87bda3b9,Tripledot Studios,101780.4006528226,14540.057236117515
62a0dc588e56934e78819436,TextNow Android,622a3f10c690c40013e4728e,TextNow,101565.77359526038,14509.39622789434
66a0d468e33c9a548741a772,Poly.AI iOS,6698b45b60e2ea00114aa807,Poly.AI Android,99673.76783536971,14239.109690767102
62b9bf18ca3b3113d9762db1,TextFree iOS (53),62b9ac4282628b001b5ab74a,Pinger,98803.42190602461,14114.774558003515
5f33efea7aae9f000162155d,Art Puzzle GP,57d1b461ae2b57d903000027,Easybrain Ltd,98220.27830154468,14031.468328792096
66d6b892e6845db6f88fb048,com.xiaomi.mipicks,66d6b6896f113e001198b89c,Xiaomi Group,97016.61715478994,13859.516736398564
62f26eace36b0fcf8cd64d02,Dream League Soccer,6247027c20721a0018bb6528,First Touch Games,95109.0656446654,13587.009377809343
68515eedd1432abf30525019,Block Crush GP,683bc1bb4c15ca0011ad2b91,WONDERFUL TYCOON LIMITED,94010.99047075103,13430.141495821576
67e244a666c089d2cb4950a2,V380 Pro,67e22d64b039580011378f33,"Guangzhou Hongshi information Technology Co., Ltd.",91936.89138963229,13133.841627090327
6642cf9be0cbed6459a1b767,Tile Trip iOS,5b975fcedc73276356309362,OAKEVER GAMES PTE LTD,88848.52517693042,12692.646453847203
686eb03d675b99fe079dac34,Arrows Android,6107c3b4abaef100175b9029,Lessmore UG (haftungsbeschränkt),88075.71536106741,12582.24505158106
62d5275500cb8a913fd2b4dd,VPN - Super Unlimited Proxy,629f58df585252001b83d5f1,Super Unlimited Inc.,87566.7093468015,12509.529906685928
6111ed034fa8e426cba05ace,Vidmate,6108e1635335b40017097948,new insight,87032.13978878429,12433.162826969185
592fc29cc10833a4760012c6,Sudoku - Classic Sudoku Puzzle Game,57d1b461ae2b57d903000027,Easybrain Ltd,85469.44841235635,12209.921201765192
689c4f436dce1f7513be19b9,Arrows – Puzzle Escape,6107c3b4abaef100175b9029,Lessmore UG (haftungsbeschränkt),84286.11974018942,12040.874248598488
5ee8976e2df77a0001480c94,ZEDGE Wallpapers & Ringtones,5af5b8f9e408f136156e7cae,"Zedge, Inc.",83935.95329339997,11990.85047048571
66c4130fe2d733cb76cdd336,NetShort_IOS,66bf1c62ddea6f0011b313a9,NETSTORY PTE LTD,83101.11171109503,11871.58738729929
66f38672cde9700bb6f022ba,美圖秀秀,66f36da16f113e0011999ff8,Meitu China,81601.4741582777,11657.35345118253
5b2abc52c4867b46785c2450,Grindr - Android,5b2aad55ec47af23be0124fc,Grindr,81138.67558646729,11591.239369495326
6049dfc28457e34b9883e80a,Number Match GP,57d1b461ae2b57d903000027,Easybrain Ltd,79980.782099983,11425.826014283286
667c14204d6765df32fe9234,Tile Club,5fe2fafd6013fb0015208652,GamoVation,79586.6524865328,11369.5217837904
686cdae238a354d88e4ccb38,Hexa Away_iOS,5b69051b3a5ab61db2c22189,株式会社GOODROID,78844.32346922338,11263.474781317625
53e0f868838d31b86d00002f,iOS Spider,561e8d936b8d90f61a000455,Mobility Ware,77617.62676523003,11088.232395032861
64c35f65eaf5dbf4a692b175,Capcut_android,64c3551f1e5137001122d418,BYTEDANCE PTE LTD,77421.28144560223,11060.183063657461
69437dbc01d2a42bf6087b8f,Scoopz: Your People Your Video,69379d46192ce0aadaecc874,Particle Media Inc,77306.6201636804,11043.802880525773
5ee009ec8ca79a00013f1b95,IOS Spades,561e8d936b8d90f61a000455,Mobility Ware,76904.24227570971,10986.320325101387
5dfae5f6c3936b78cf456b7d,Words With Friends 3 Android,56c3a378adccd1cb7e00000a,Zynga,75385.56298567208,10769.366140810296
632cc7ff0c0bbbf867b264ab,Candy Crush Soda Saga_iOS,622b9915ac4bf1001715b790,Activision Blizzard Media (King),75108.68709407478,10729.812442010681
698a67f2da615c18d6dab1bd,Character.ai,698a6771eea67583ba0bada3,CharacterAI,74866.65443287439,10695.236347553484
5c093910a4a7ea3d70999820,Solitaire - A Classic Card Game,5c05196699e4374b87bda3b9,Tripledot Studios,74739.05686323282,10677.008123318974
5af2c576731d33224a6b9f2d,캐시워크 - 돈버는 만보기 잠금화면,5af2ae1e0f25612233aa2819,캐시워크,74149.68515458505,10592.812164940722
59d39cbfef6627a809002d5b,Sudoku - Classic Logic Puzzle Game,57d1b461ae2b57d903000027,Easybrain Ltd,72072.83018518751,10296.118597883931
661f294d8f28921b7a276537,iCSee,658a2fc2ab2b4800112923f1,HANGZHOU JF SOFTWARE CO LTD,70251.60666079681,10035.943808685259
661c9929d4cf07f390cebecb,iCSee,658a2fc2ab2b4800112923f1,HANGZHOU JF SOFTWARE CO LTD,70143.33965535159,10020.477093621656
50046b006d791be34e17e959,Hay Day IOS,561e8d936b8d90f61a000ade,Supercell,68631.90464465437,9804.557806379195
6315b8bb85b5a14b0bbc9454,PocketFM Android,6315b8713c59f7001bacf8fb,Pocket FM Corp,67843.11476644089,9691.873538062984
67f64bb2ee3e8a4c67ae7434,Bubble Buster,634d301fa3774b001b7c0dbc,ToGather Fun Limited,67628.7410566412,9661.248722377315
68515f1b9f7ebc7d027598ec,Block Crush iOS,683bc1bb4c15ca0011ad2b91,WONDERFUL TYCOON LIMITED,67621.25604339284,9660.179434770407
640554dbf2aab3d34f7b4432,imo_stable,63f725cfaa034900149db38c,Bigo,65981.51382509465,9425.930546442092
68f7eda0b65407fe11cbcc7c,Arrow Out,5f064bf93191d60018f0fd5a,Lion Studios,65766.5827106745,9395.226101524928
671654af58450cca797bb25d,Vinted Android,670cfa366f113e00119a799f,Vinted,65598.661961199,9371.23742302843
65714019a5cc307500171031,ShortTV,655c62f25942160011cb5305,SHUNYOU PTE LTD,65446.68218326209,9349.5260261803
62a0dc1c93d8b90a44a85847,TextNow iOS,622a3f10c690c40013e4728e,TextNow,65117.31475757361,9302.47353679623
6266b49b6a7efba7e6ccbbe1,Travel Town iOS,561e8d966b8d90f61a0033c4,Moon Active,63890.715808789944,9127.24511554142
632cc65fb9383affd1497167,Farm Heroes Saga_Android,622b9915ac4bf1001715b790,Activision Blizzard Media (King),63080.06222550698,9011.437460786712
5ae1d7c5cf3ad762761bbca1,Badoo - Free Chat & Dating App,5aafdd4a0520357fabf54aa6,Badoo,62897.862631383745,8985.408947340535
6785d3c3d85b8663adee2cba,Screwdom_IOS_com.dino.screwdom,5ce32f41e15f77001148e36d,Zego Global Pte Ltd,62525.26309454457,8932.180442077795
5b83e2f3ebcb4a0f62d80e85,Paper.io 2,56d55c72562b9c353800000d,Voodoo,62394.68335831345,8913.526194044778
69b1908779865051d32f1222,"Character AI: Chat, Talk, Text",698a6771eea67583ba0bada3,CharacterAI,62156.99603690941,8879.57086241563
62f26e8e348007e331ea2907,Dream League Soccer,6247027c20721a0018bb6528,First Touch Games,60962.21400470022,8708.887714957174
5be9c1194d3adf04414b15de,Audiomack | Download New Music,5f73ab8ec84db80016b354bb,Audiomack Inc.,58883.31907753576,8411.902725362252
62314e03f09a34c4383095da,Pure Tuber,622f25f89bc0cb0014c6c06f,individual,58793.03702421027,8399.005289172896
579b9dc8b8582d866e000061,Microsoft Solitaire Collection iOS,579643ec6c081adf5c00004c,Microsoft Casual Games,57468.53750912713,8209.791072732447
5aafe5c62567717fa575bfc1,Badoo - The Dating App,5aafdd4a0520357fabf54aa6,Badoo,56169.6662721286,8024.238038875514
6267b266886bc70496f956fa,Travel Town Android,561e8d966b8d90f61a0033c4,Moon Active,56077.03766420273,8011.005380600391
58ed4805d573baf555001be0,Wordscapes GP,561e8d976b8d90f61a0045d7,"PeopleFun, Inc.",55300.2787992325,7900.039828461786
5fdfae0fc5d4c9ab8efa6701,Number Match IOS,57d1b461ae2b57d903000027,Easybrain Ltd,54776.819786542816,7825.259969506116
53e0f922936129bc6d000033,iOS FreeCell,561e8d936b8d90f61a000455,Mobility Ware,54665.42060143664,7809.345800205235
68762a46e27c18d19b12edde,Sled Surfers iOS_CL,59e4bb543f0fa9a20900afa3,TabTale LTD,54263.874064403695,7751.9820092005275
661898f2c0c070078a977fb4,Goods Sorting: Match 3 Puzzle iOS PM_1945,5a57133a3610bbb671016ff3,FALCON GLOBAL LTD.,54216.00952088882,7745.144217269832
664e2850d8ed690a5fd5d88f,Magic Sort,664e27f28ffbbf0011f1d3b8,Grand Games,52984.703037987405,7569.243291141058
69437e6fed3b627e3079edb8,NewsBreak: Local News & Alerts,69379d46192ce0aadaecc874,Particle Media Inc,50972.88188849927,7281.84026978561
66e0363553834547abf558a2,FotMob iOS,66e0182c82571e00117d2acb,FotMob AS,50961.45869802403,7280.2083854320035
69b7c74fe797e72329f6938f,zhouwu19894325-gmail-com_com-toplinkc-foxexcellent,6297c4bc012073001b3df035,Yandex Inc.,50863.020552546746,7266.145793220964
5346f0237963ec4e6a0000c6,Android Solitaire,561e8d936b8d90f61a000455,Mobility Ware,50095.50768058394,7156.501097226277
5c1dea438aa5b200174b0a72,Words Of Wonders - Android,5bb6123fa4ae3604537ad781,Fugo Games,49892.65852464371,7127.522646377673
67d272dadc73e19db732c198,SmartNews iOS,67d0848db62d6b0011ccb35e,SmartNews,48705.17576879416,6957.88225268488
5057845678715d951df74577,Wordfeud,561e8d936b8d90f61a0014d2,Bertheussen IT,48686.85617180362,6955.265167400517
67b5f446390c720c73a0e3f3,Sofascore android,67b5b2c077bd1c00117b9adc,Sofa IT doo,48542.674063699225,6934.6677233856035
5d8977f0c8e0320017598a33,Turbo,5d76031d57ec4f0017743734,INNOVATIVE CONNECTING PTE.LIMITED,48507.886614256815,6929.698087750973
6553382acf969be4de4d9be6,DramaBox,65532f6b6cdf5900118d1f51,STORYMATRIX PTE LTD,48494.40496238983,6927.772137484261
684fe594c195c4600e876f24,AND | Flashscore: Live Scores & News,684c3af4806ba9001147f9cd,Livesport sro,47572.18854900688,6796.026935572411
603cf6d080c4a228357168ea,Happy Color iOS (NEW),5b1526a7de961d3317b1d475,X-FLOW LTD,47243.4155603745,6749.059365767786
52a764b09fd76a3932000008,Hay Day Android,561e8d936b8d90f61a000ade,Supercell,46241.16070742649,6605.880101060927
68d4fc1229cff6c015a9238b,Dream11 Android,68d4f92fa6eceade8070c48d,Sporta Technologies Pvt Ltd,46056.97980705713,6579.568543865304
6276cb2872361e0c07c98cec,Geometry Dash Lite,6276c973f70e7c001895be79,RobTop Games AB,45948.94203879795,6564.134576971135
641bbdc51e0260737618e232,ZenWord iOS,5b975fcedc73276356309362,OAKEVER GAMES PTE LTD,45848.143990139055,6549.734855734151
68ee72e79797ab8c2943d2d9,Pixel Flow!,68ed0a0c4cac2a9dc3250a10,Loom Games Oyun Yazilim ve Pazarlam,45529.17365509788,6504.167665013983
68b584b971c490d59a8888cb,Sticker GO!,68b57bc85828fa59037e71c3,Ganko srl,45400.083724816854,6485.726246402408
67e2464166c089d2cb4950a7,V380 Pro,67e22d64b039580011378f33,"Guangzhou Hongshi information Technology Co., Ltd.",45267.36166752292,6466.765952503274
5e4e66ea60ce6a001791d156,Subway Surfers (Non-COPPA),5c52bd6ffbeb402419bef87d,SYBO Games,44518.488289759196,6359.784041394171
67b5f7021be9345ad181a7d8,Sofascore IOS,67b5b2c077bd1c00117b9adc,Sofa IT doo,44078.767598065904,6296.9667997237
597b765f20522c9d77000202,PicsArt Photo Studio: Collage Maker & Pic Editor (IOS),59650c95a4e548f217000ead,Picsart Inc,43949.56871916396,6278.509817023422
6807543f9e0c8ad76e7f0c01,BeSoccer,680748860437920011951532,BeSoccer,43707.44015589338,6243.920022270483
579ba0736bccbf375f00007a,Microsoft Solitaire Collection Android,579643ec6c081adf5c00004c,Microsoft Casual Games,43569.36269202233,6224.1946702889045
59e7db9b598ece421700ded4,Scrabble Go,561e8d966b8d90f61a003414,Scopely,43563.87778050077,6223.41111150011
65533abc8ec95628af4f138d,DramaBox,65532f6b6cdf5900118d1f51,STORYMATRIX PTE LTD,42112.09239829488,6016.013199756411
59e7dc15a81a003c1700ebfe,Scrabble Go,561e8d966b8d90f61a003414,Scopely,41981.87963582245,5997.411376546064
5a540f51d49ac43a0c011741,color by number FGFF,561e8d976b8d90f61a00418e,FGFF,41867.52257291923,5981.074653274176
66c4140316d72e3cce1c86f1,NetShort_Andorid,66bf1c62ddea6f0011b313a9,NETSTORY PTE LTD,41826.22611497295,5975.17515928185
53d7b802ec6bbcff4d000019,Android FreeCell,561e8d936b8d90f61a000455,Mobility Ware,41579.531716745056,5939.93310239215
64f7008818744ab0e0841919,Shareit Android,5f687c6436ca1e0016d5fd6d,INJOY TECHNOLOGY PTE.LTD.,41061.27153773424,5865.895933962034
5d406c47cf18f200178643cf,Nonogram Android,57d1b461ae2b57d903000027,Easybrain Ltd,40258.30192041474,5751.1859886306775
686299fc79819ef02142b9ce,Flightradar24 Flight Tracker,6862932aaff9d800114174ac,Flightradar24 AB,40228.39671502296,5746.913816431851
5d3ad25290f20b00179e1c0e,扫描全能王-iOS,5d3a5de9ddc71000189c7a84,"Shanghai Linguan Data Co., Ltd.",39679.04497882075,5668.434996974393
5936ce6ff2dd8a5e180008f4,Wattpad_iOS_Interstitial,56b2844d24342c3622000032,Wattpad,39602.57083105382,5657.510118721974
66b372f5e33c9a548741ff37,Crossword Master IOS,57d1b461ae2b57d903000027,Easybrain Ltd,38949.876156285885,5564.268022326555
686fe7c89e1a0892895a3bc0,Chess - Play & Learn,6863fe9df000940011f80bcb,Chesscom LLC,38175.29178294039,5453.613111848627
5c1cdefbd71d110017b3f88b,Words Of Wonders - iOS,5bb6123fa4ae3604537ad781,Fugo Games,38053.37139715544,5436.195913879348
6503642f5551fd9849db7a23,OfferUp Android,650360eb0950ee00114dc484,OfferUp,36974.87906540105,5282.125580771579
6968b4cfde96560c91c4c11a,mliu43734-gmail-com_com-fly-ultra-free-vpn-high,6297c4bc012073001b3df035,Yandex Inc.,36631.34795609042,5233.049708012918
55a4e36aad6c18e83a000159,8 Ball Pool,561e8d926b8d90f61a00013e,Miniclip SA,36535.82497870592,5219.4035683865595
5dc290cf1051eb0012a6b214,Blockudoku GP,57d1b461ae2b57d903000027,Easybrain Ltd,36134.73565127089,5162.105093038698
64ef55a17dd0db95c81212b2,WeatherBug - Weather Forecast (iOS),64ee40f968ec2e001173d7bc,WeatherBug,35579.110554338375,5082.730079191197
6268445fe544d565a3f73230,Toon Blast,56c3a378adccd1cb7e00000a,Zynga,35443.95246605021,5063.421780864315
64f9e2ac8fb8ac04ca897cd1,Easy Words GP,57d1b461ae2b57d903000027,Easybrain Ltd,35203.535939928675,5029.0765628469535
6487cb65721f160ac5302d11,GoodReels-Android,63e35991bbe8fa0014380604,Singapore New Reading Technology Pt,35076.222864156516,5010.888980593788
615dd65a5e0f3b245d50aa97,Backgammon GP,57d1b461ae2b57d903000027,Easybrain Ltd,34969.09170665972,4995.584529522816
662687403b493c22d404bf70,Chai iOS,662686e7216c0b00118aef81,Chai Research Corp,34881.98266341107,4983.140380487296
6707900e901d39379d5ad723,Android 365Scores: Live Scores & News,67078359be02e20011a686ec,365scores,34187.350483677365,4883.90721195391
5a30e47b794900452500459c,Puzzles IOS,57d1b461ae2b57d903000027,Easybrain Ltd,34072.26931274762,4867.467044678232
6837c96a71e5cc220d1c9a48,Samsung News,677bd16443e94a0011b752b2,Samsung Electronics,33959.4565047761,4851.350929253728
64c35f0db00399b5942add11,Capcut_ios,64c3551f1e5137001122d418,BYTEDANCE PTE LTD,33695.35654082074,4813.622362974392
68995e633f6852ed61a9e227,Wool Crush,634d301fa3774b001b7c0dbc,ToGather Fun Limited,33362.99303035674,4766.141861479534
685f12acc91f8ce8aec2fd7c,The Weather Channel - Radar,685efaf2892f9d0011d7b87f,The Weather Company,33193.93128341199,4741.99018334457
6901057909203de1195afec1,com.arrow.out,5f064bf93191d60018f0fd5a,Lion Studios,33164.49959343493,4737.78565620499
5a777f42d76bfe102f007091,Happy Color Android - Paint by Number,5b1526a7de961d3317b1d475,X-FLOW LTD,32920.979862525295,4702.9971232179
609a2fe4c5d1524132e8e230,Soccer Super Star,583c02c932ec4ba51300037e,Gamegou,32790.59346448599,4684.370494926569
6996fd123630b752386af791,Candy Race Launcher,5fc618102e8dd2001579b65d,App Central ltd,32433.568059722624,4633.36686567466
68fa0df4c4da864926b0e4ff,Seekee - Ai Search & Assistant,68fa0d672fef766b2dac5f75,"SEEKEEHORIZON TECHNOLOGY (HK) CO,",32294.05236690805,4613.436052415435
54c63cb2a684cd593e000126,Angry Birds 2 iOS,561e8d946b8d90f61a002087,Rovio,32147.403036721247,4592.486148103036
64ec9384993b2f0f1f1d1c9a,Solitaire Verse,619b548fc9c9c1001796f1f6,Gimica GmbH,32088.89792101706,4584.128274431008
68887b364afcdbfb426b9180,Word Solitaire: Associations Android,6021599b8b3e5600159fcc76,HITAPPS GAMES LTD,32072.2855386956,4581.755076956514
53d7b79466aa901306000019,Android Spider,561e8d936b8d90f61a000455,Mobility Ware,32035.28339398632,4576.4690562837595
64cc9fcad4592a1f1c805a2c,ZenWord Android,5b975fcedc73276356309362,OAKEVER GAMES PTE LTD,31602.482835591403,4514.640405084486
5e60cd1f3610f800010eaf6a,Instabridge,58665aa0444a4aeb0d000130,Instabridge Sweden AB,31449.411681671514,4492.773097381645
6971dc22d4ba143db9061eec,Rakuten Viber,6920858f3fcd392133e22a59,Rakuten Viber,31288.871762222363,4469.838823174623
6971eef873c0a231fff7afde,Rakuten Viber,6920858f3fcd392133e22a59,Rakuten Viber,31101.34594309418,4443.049420442026
61ee350cd1b617148c976a59,Wordle!,5f064bf93191d60018f0fd5a,Lion Studios,30951.598947248203,4421.656992464029
5b14f1027ea39141340a6ada,UNO!™,5b0fc58f19829714e5ad0d2f,Mattel163 Limited,30923.319048079382,4417.617006868483
67c0237dee9356aafba1ccdb,dramawave-安卓,67c01767cc8ae200116e5d00,Skywork AI PTELTD,30754.442329613306,4393.49176137333
65716f6c31ace18371faff52,ShortTV,655c62f25942160011cb5305,SHUNYOU PTE LTD,30663.500529667468,4380.500075666781
6257f8967c1864a5b530fda2,GoTube,624fcf9241887a0018618c00,GoTube Studio,30573.022997770295,4367.574713967185
506857fe244c88a76639a514,Wordfeud FREE,561e8d936b8d90f61a0014d2,Bertheussen IT,30479.24121642819,4354.177316632598
67d272b5dc73e19db732c193,SmartNews,67d0848db62d6b0011ccb35e,SmartNews,29719.750283347796,4245.678611906828
632cc5c80ca02c6344d51818,Farm Heroes Saga_iOS,622b9915ac4bf1001715b790,Activision Blizzard Media (King),29656.462885331195,4236.637555047314
66a8f6c8aac742b8e38fce3d,Gocrypto,66a8f651514c00001147b0d5,Clickfun Limited,29249.146541727918,4178.449505961131
5f08e579e9abb60001857252,Tetris® iOS,561e8d956b8d90f61a0027d2,PlayStudios,29233.982249868455,4176.283178552637
6303b36532b01d410e2d4eda,Parchisi STAR Android,62f4b9c1a0cd3e00172cfe1c,Gameberry Labs Private Limited,29189.941783862087,4169.99168340887
66cc45cd3151a503c115fe9b,Spades - Classic Cards,5c05196699e4374b87bda3b9,Tripledot Studios,29074.778962267854,4153.539851752551
64a3d611830ec394da008f59,IMO_iOS,63f725cfaa034900149db38c,Bigo,29052.29277701822,4150.327539574032
5db379f3db8e200011927b68,Brainium Solitaire iOS,5d3a10eeddc71000189c7a37,Brainium Studios,28868.115481974062,4124.016497424866
66ea968ed96b6cc4df566092,Hexa Sort,5fc671cbba624b0015a61bf1,Saygames LTD,28782.804780367253,4111.8292543381785
589b92f26beaa884180003d3,Timehop,5898dc668d35674f40000046,Timehop,28746.621560701118,4106.660222957303
55cd7d5c343bb084400002f2,InShot iOS,561e8d976b8d90f61a003fcf,InstaShot,28685.206216699396,4097.886602385628
646b0d38b06633af5707dfca,Football League 2023,583c02c932ec4ba51300037e,Gamegou,28539.182497114736,4077.0260710163907
66d6bbfd2a769ddae7418ced,com.miui.home,66d6b6896f113e001198b89c,Xiaomi Group,28539.057568408196,4077.0082240583138
5fa1e909a1a78e5fc27dc5e0,Tubidy Fm Radio Music Player,561e8d946b8d90f61a002019,Mobiletech Software SRL,28408.090150823686,4058.2985929748124
68ad946a70964d7ef8707448,8 Ball King,6641b3748ffbbf0011f15c05,The Byte Combat (HongKong) Limited,28270.00184148464,4038.571691640663
660a20c0c5f237ebf7b4ac68,Goods Sorting: Match 3 Puzzle PM_1945,5a57133a3610bbb671016ff3,FALCON GLOBAL LTD.,27765.638438734735,3966.519776962105
63e458023f1b40cf6d5e33eb,GoodNovel - Android,63e35991bbe8fa0014380604,Singapore New Reading Technology Pt,27712.788515069115,3958.9697878670163
63dd0e73ff93460cff697297,Word Search Explorer : Fun Game,568b8cb3bb2089a80600000a,Playsimple Games,27685.475228972777,3955.0678898532537
6306068eadc5c5493fa01c91,MX Player 11,62f234d9f81a3c001bde7c25,MX Player,27678.701802212447,3954.100257458921
686664ed36273738b61f42a6,Yarn Fever! Unravel Puzzle iOS,5d53cf81ff5bd700186c5f35,InfenitePlay LTD,27473.190776746087,3924.7415395351554
65fbcd09d68917830d40a9d5,zeta iOS,65f02b00af81650011344521,Scatterlab,27315.278042250025,3902.1825774642894
648954542a2e454c7c0aba4e,GoodReels-IOS,63e35991bbe8fa0014380604,Singapore New Reading Technology Pt,27181.027721705766,3883.003960243681
6983c71c7af5831af034f4aa,Teamsnap,69834b2ea3ac73e99b7077db,Teamsnap,27164.15215217534,3880.593164596477
6345c091c17e333ca212effc,PocketFM IOS,6315b8713c59f7001bacf8fb,Pocket FM Corp,27091.030663276157,3870.1472376108795
6765b3b90b2f71906881a1cf,Screwdom_com.ig.screwdom,5ce32f41e15f77001148e36d,Zego Global Pte Ltd,27013.16841393295,3859.024059133279
68efa5a24ebb41ab326d8070,Metro Play,643d1561e09b08001442e672,Sliide,26947.01660441755,3849.5738006310785
6808dda56b08d751835d8d7b,Emochi,6808dbeef6158900110477ca,Flow,26706.608299384512,3815.2297570549304
62145348d6a1fb0de34bc483,Jigsaw Android,5b975fcedc73276356309362,OAKEVER GAMES PTE LTD,26641.60507866171,3805.9435826659583
56163d74f155120c6d0005df,InstaShot Video Editor No Crop,561e8d976b8d90f61a003fcf,InstaShot,26591.43984409306,3798.777120584723
623a9298a2335a0f5b77a0aa,LINE：ディズニーツムツム,5efeed113191d60018f0f4e0,LY Corporation,26479.973317523927,3782.8533310748467
66eab024f909844620b78871,Hexa Sort,5fc671cbba624b0015a61bf1,Saygames LTD,26412.094329174262,3773.1563327391805
662e0e2c61db5b0a87580cb6,MusicX Pro,561e8d946b8d90f61a002019,Mobiletech Software SRL,26269.113686432727,3752.730526633247
67a09724ffda0af1dd8c6caf,Crossword Go,568b8cb3bb2089a80600000a,Playsimple Games,26176.247600461826,3739.463942923118
6667a74988cc429f2d801763,Screw Sort Puzzle,634d301fa3774b001b7c0dbc,ToGather Fun Limited,26166.260973664783,3738.0372819521117
61c9994ec3aa9ecb8f64d131,Moovit Android,61c991a5fe4ec600172e5e08,MOOVIT APP GLOBAL LTD,26131.648650301293,3733.092664328756
67d28cc1043308f88f90f139,Jigsolitaire,561e8d936b8d90f61a00046c,"Gamincat, Inc.",26060.66397157983,3722.951995939976
684ac236c195c4600e87433a,細胞保衛戰,634d301fa3774b001b7c0dbc,ToGather Fun Limited,26025.426823133243,3717.918117590463
675696667913198c9ecadaac,Screw 3D Android(CD),58b91be73e5caab04b000296,Mavericks Mobile,25915.963930562626,3702.2805615089464
6295ff7c3987b19e74b43c3e,Geometry Dash Lite Android,6276c973f70e7c001895be79,RobTop Games AB,25898.139499676305,3699.7342142394723
5c9c7a04d13ede0012e22ff2,Blockudoku IOS,57d1b461ae2b57d903000027,Easybrain Ltd,25669.317163623495,3667.0453090890705
5552167b1f1ac071400000d9,8 Ball Pool iOS Live,561e8d926b8d90f61a00013e,Miniclip SA,25603.93482148302,3657.7049744975743
6385c45b882d129fcf7cb6d9,Merge Cooking-IOS,63857a9148202e00149fcb08,Happibits Technologies Pte Ltd,25562.297534327055,3651.7567906181507
66d197f92a769ddae74181b7,Screw Hybrid Android,58b91be73e5caab04b000296,Mavericks Mobile,25406.961384499253,3629.5659120713217
677e35a5d7a0b145879b00a7,moneywalk_AOS,677cecb33b9ea20011273987,Gravity Labs,25401.12800556833,3628.732572224047
68c8d140d20dcd3c2c2ab61b,CashDrama,6641b3748ffbbf0011f15c05,The Byte Combat (HongKong) Limited,25267.26996620349,3609.609995171927
6566955ef2be8e652a92b3b8,Hexa Sort,5f064bf93191d60018f0fd5a,Lion Studios,25201.975310055248,3600.28218715075
65d490ed9a4122e9e0de916d,Android - Pi Network,65d4907595c34900110c9204,Social Chain Inc.,25090.966521620045,3584.4237888028633
5da53538888eb00018873458,Master iOS,5d76031d57ec4f0017743734,INNOVATIVE CONNECTING PTE.LIMITED,24704.115929195774,3529.1594184565392
67036259901d39379d5ac7ba,Woodoku Blast iOS,5c05196699e4374b87bda3b9,Tripledot Studios,24629.384024995376,3518.4834321421963
62f47a1d8a0eaaba3f3b6e30,Zen Color  iOS,5b975fcedc73276356309362,OAKEVER GAMES PTE LTD,24114.446145284022,3444.9208778977177
6103ceacdf8b0d54672519dc,Solitaire-Android,5e96c1b29704720015d9f4ae,Guru Network Limited,24097.951855424864,3442.5645507749805
6728dbd37b3ea5a17e5d21d4,#news,64afadea4da41800114faaeb,Unity - Americas,24080.43792785365,3440.0625611219502
5e4e6838246d020018f1e653,Subway Surfers (Non-COPPA),5c52bd6ffbeb402419bef87d,SYBO Games,24065.97496721496,3437.9964238878515
67c03741d4e1c44a52e449cd,dramawave-ios,67c01767cc8ae200116e5d00,Skywork AI PTELTD,23939.433879952525,3419.9191257075036
6384938d1e0c734133a722a4,Amerigo File Manager iOS,561e8d956b8d90f61a003069,IdeaSolutions S.r.l.,23742.656768905836,3391.808109843691
5bd2b484ebaf58797f4c4f83,X-VPN Unlimited VPN Proxy,5bd2ab5a79a00802b5118a87,Free Connected Limited,23483.45068649399,3354.7786694991414
5df90b5c66091a78d5815e82,Blackjack Casino iOS,5c05196699e4374b87bda3b9,Tripledot Studios,23423.758653773555,3346.251236253365
68075411da8e5a572a730472,BeSoccer,680748860437920011951532,BeSoccer,23305.836424265377,3329.4052034664824
6814f77716e6847d6f09c8a5,Shape Escape Android,58737456236d8f446400071c,FIOGONIA LIMITED,23292.168289146837,3327.4526127352624
69165ca6db8feadf7f6ab9aa,Arrow Puzzle GP,57d1b461ae2b57d903000027,Easybrain Ltd,22919.05702526747,3274.1510036096383
62ce7ef68cd2f0b72c87b683,VPN - Super Unlimited Proxy,629f58df585252001b83d5f1,Super Unlimited Inc.,22894.44921901964,3270.6356027170914
61c9990776261dfb959407aa,Moovit iOS,61c991a5fe4ec600172e5e08,MOOVIT APP GLOBAL LTD,22766.131507577968,3252.3045010825667
5ba95087cc094f074544b7dd,IOS Castle,561e8d936b8d90f61a000455,Mobility Ware,22593.228522169196,3227.6040745955993
66857e0a4d981e89bb8afda7,Tumblr,668545a239a54a0011299e6e,Automattic,22575.77810628274,3225.1111580403917
625d3d93b090bdfbd3c527c0,Word Search Explorer,568b8cb3bb2089a80600000a,Playsimple Games,22432.082851554445,3204.583264507778
6864df5e479aca1c5b26ff20,HotMiniDrama,674d6cfd2f5be200113e4217,Chengdu Xishangmeishu technology Co,22421.16941377777,3203.024201968253
66bc490b4b6b3aa2763d2683,Goods Sort iOS,5e96c1b29704720015d9f4ae,Guru Network Limited,22418.872049483347,3202.6960070690498
6732cc9c9be7f23343c03263,BeautyCam - AI Photo Editor iOS,66f36da16f113e0011999ff8,Meitu China,22344.432225143082,3192.061746449012
5a9059cad21df82a03002ca1,Cookie Jam Match 3 Android,58910f6a5f5e338431000675,Jamcity INC.,22327.436097249414,3189.6337281784877
626841d0d03ae7f7395fdc62,Toy Blast,56c3a378adccd1cb7e00000a,Zynga,22296.748041270675,3185.249720181525
66851b564d981e89bb8afc00,Offline Games - No Wifi Games,607d46752ca90f00153876e8,Jungle Frog LDA,22271.045305284846,3181.577900754978
6524875860aebaee1ce371d0,kik ios,62e85e3836ed04001b6d0adb,MediaLab,22182.2978584405,3168.8996940629286
642eeb44c80b214ca21006f6,Remini AI,619cc4d31a366f0017fe8d06,AI CREATIVITY S.R.L.,22160.42976232153,3165.7756803316474
66c5d0ccb5852a686fdb8cb2,Block away Android,5c05196699e4374b87bda3b9,Tripledot Studios,22141.37330814342,3163.0533297347743
623a937c155ef61249701f2b,LINE：ディズニーツムツム,5efeed113191d60018f0f4e0,LY Corporation,21942.146985443298,3134.5924264919
64085e4000b0a652d3aaf1b5,Merge Cooking,63857a9148202e00149fcb08,Happibits Technologies Pte Ltd,21892.11052602126,3127.44436086018
62fca664c48903a6689672c4,Parchisi STAR iOS,62f4b9c1a0cd3e00172cfe1c,Gameberry Labs Private Limited,21652.08111848052,3093.1544454972172
5fd1db884a9ae275930ef975,Solitaire Android,561e8d936b8d90f61a000662,nerByte GMBH,21430.01232630335,3061.43033232905
625eaf7743b3a022a19d93be,Animal Kingdom: Coin Raid,621e7a3f257d5f001422669b,Innplay Labs,21312.85034685196,3044.692906693137
66e9622858fb9d52b9a34d4b,AV - ZTN Notepad - com.ztnstudio.notepad,6666afb99ec3300011cdf91d,Appvestor ApS,21278.408335784137,3039.7726193977337
62a7ef0ce27cbecf021d2461,Hops,62a1815d11112f001a291752,dely Inc.,21258.22209603501,3036.8888708621444
66fffb4004a01a45408d13fa,Citymapper,663c90f772fce00011b7f353,Citymapper (Via),21240.46918547692,3034.352740782417
5e6868c8ffd487601beebc7a,WWF1 - iOS,56c3a378adccd1cb7e00000a,Zynga,21178.15899713859,3025.451285305513
630d8e9e012ff9557822bc4c,Muslim Pro Android,630d8dbfb1095d001bb0f04a,Bitsmedia Pte Ltd,21174.13347794275,3024.876211134678
5ef316979c3a0300015b0a03,Art Puzzle - iOS,57d1b461ae2b57d903000027,Easybrain Ltd,21150.43906296407,3021.491294709153
5ddc1e48eb34040017baac7a,Brain Test: Tricky Puzzles,5dcf09394f6eed0018145e58,Unico Studio LLC,21102.762933869715,3014.680419124245
63b7bf0fa928816f6c42effc,Tile Match - Match Puzzle Game,64075f57d6da1900141e5aba,Code Dish GmbH,21068.453066094313,3009.7790094420448
5c093969f7a1953d6377362b,Solitaire - A Classic Card Game iOS,5c05196699e4374b87bda3b9,Tripledot Studios,21003.86338691064,3000.551912415806
67161f1ba3ee0d8eae75599e,Remini iOS,619cc4d31a366f0017fe8d06,AI CREATIVITY S.R.L.,20984.84617655041,2997.83516807863
611bbf6a80cc92b96866ad3b,Overturn Military,5fc671cbba624b0015a61bf1,Saygames LTD,20851.274885763516,2978.7535551090737
66a06c4baef015d56fed9008,Car Jam - Escape Puzzle,6364b12e3ad6c7001711d812,Fodream Limited,20795.092464513782,2970.72749493054
5bce9cde53cf5c0014ea9158,Word Trip Android,568b8cb3bb2089a80600000a,Playsimple Games,20770.525722317172,2967.2179603310246
65fbcc68f5d8b25533af06f8,zeta Android,65f02b00af81650011344521,Scatterlab,20492.06647301002,2927.4380675728603
6626876f3b493c22d404bf75,Chai Android,662686e7216c0b00118aef81,Chai Research Corp,20457.307761578413,2922.4725373683445
6859240353ef1303f912ce2f,seamobi-dev-gmail-com_com-supervpn-vpn-free-proxy,6297c4bc012073001b3df035,Yandex Inc.,20252.580255016815,2893.225750716688
61fd167eb969e9afd12d5161,Mahjong Club,5fe2fafd6013fb0015208652,GamoVation,20146.786633509382,2878.112376215626
6814ec1fae377462a542071c,Shape Escape iOS,58737456236d8f446400071c,FIOGONIA LIMITED,19985.399141847098,2855.057020263871
5c049329c226ad7c3bd8e92d,Bubble Pop! Shoot Bubbles,561e8d936b8d90f61a001412,Bitmango,19907.44793233324,2843.921133190463
64d2ee7416d5c6503302f4cd,Alarmy - iOS,63c7b6b2f22ae3001457f1fb,"Delight Room Co, Ltd",19894.86983234062,2842.124261762946
68f0c51cbea871f37200d1c0,SGH And,5ce6bee4142941540d1c9d36,Solitaire Grand Harvest,19844.544067158866,2834.934866736981
64f237afb680ca9e9f9856e1,Hexa Sort,5f064bf93191d60018f0fd5a,Lion Studios,19780.05107192605,2825.7215817037213
62275ffbd96ee2a0b2bdcbb0,Eatventure_IOS,6107c3b4abaef100175b9029,Lessmore UG (haftungsbeschränkt),19717.658941199814,2816.808420171402
6672d811429c14443ac5fb6d,Hidden Spots,57d1b461ae2b57d903000027,Easybrain Ltd,19616.678019772095,2802.3825742531562
623d282d1357d77504c26356,PLAYit,623d267a77ab250011858b6d,personal,19544.692886389385,2792.098983769912
5de10e548ce8520017e173ef,Sudoku Android,5b975fcedc73276356309362,OAKEVER GAMES PTE LTD,19541.30904946869,2791.615578495527
5d81c924bf4aa20017e95920,Phase 10 iOS,5b0fc58f19829714e5ad0d2f,Mattel163 Limited,19449.490628770487,2778.498661252927
5c0de1a896a52a2ba6187dd8,Magic Tiles 3: Piano Game,567acc79dea141ea32000008,Amanotes (PT),19410.847771990942,2772.978253141563
60112a9e7e07f1c9680afb81,Dice Dreams,60112a3ed3c4a000156a31d9,Superplay,19396.551231866477,2770.9358902666395
64790a25b7a4c97fb3996e3b,NotVPN,64727dcb7df05c001149ddd7,AppWizard LLC,19288.060306141495,2755.4371865916423
6571994c0c33641a15cb39e4,KJV iOS,655377ea6cdf5900118d252a,OZION TECH PTE LTD,19278.611326439146,2754.0873323484493
649fd139847c940a560e47aa,Yatzy - Fun Classic Dice Game,64803209bfd9aa0011593484,Bluetile Games,18979.07359746006,2711.29622820858
674983665c1505ce639e4c0e,Pdf v1,61825d0b78e35800177c13f0,EZTech,18915.46218490494,2702.2088835578484
5b99403f45e58040ccdd7177,Paper.io 2,56d55c72562b9c353800000d,Voodoo,18879.486745125767,2697.0695350179667
657199b3bac8a9b2d3df4e94,KJV Android,655377ea6cdf5900118d252a,OZION TECH PTE LTD,18780.935443998038,2682.9907777140056
5c88efab1c2e1f6eb4ca10cc,Nonogram IOS,57d1b461ae2b57d903000027,Easybrain Ltd,18733.92126871502,2676.274466959289
69271712f65130bc5467d34a,Pocket Sort: coin puzzle,5fc671cbba624b0015a61bf1,Saygames LTD,18656.842477173537,2665.263211024791
616f5141d877b8dc18b84ead,Spades - Android,5efd8ef70165690015e8b224,Blackout Lab SL,18614.108421290915,2659.158345898702
6905adc23ab3eb7275ecffe1,Color Pixel Shooter,5b84c65ca73f7a027c553f4a,Rewards Game,18487.38036766101,2641.0543382372875
628caa38209aa59215f0cde3,Cookie iOS,58adf6988e52ab4d320004d1,Microfun,18458.706351106055,2636.958050158008
59d5d0667f2ced5b17003f7b,Sweatcoin,59d49801fa5a566117002fd5,Sweatcoin,18340.615425525757,2620.087917932251
665702e4329253a128f1f27a,Screw Sort Puz: Nuts Assemble,634d301fa3774b001b7c0dbc,ToGather Fun Limited,18330.07588928215,2618.5822698974503
659e4c266cf70883bd095312,Jagat-iOS,659e4bc13d46f600110781db,JAGAT TECHNOLOGY PTE LTD,18306.108680243677,2615.158382891954
656f0c89e20427efa3001171,Business Empire ios,627b73f7023d420018e2f038,Chardonnay Partners LLC,18286.869707665934,2612.4099582379904
697728659557abdc3c8db5da,qichen-big_com-teng-ify-master-vpn,6297c4bc012073001b3df035,Yandex Inc.,18147.813579496597,2592.5447970709424
66fe1af9cde9700bb6f04290,Woodoku Blast Android,5c05196699e4374b87bda3b9,Tripledot Studios,18064.02440070666,2580.574914386666
67d3af22e3373f37dc6370cd,Grill Sort - Food Sort Games,6364b12e3ad6c7001711d812,Fodream Limited,18052.52593142063,2578.932275917233
68b745a053ed8f1c847e64b5,Bus Times iOS,68b71eb3d7cac5dae6e2a61f,Mobicia Limited,17984.712544235128,2569.2446491764467
66d170ea20321015a24eb2b9,Question.AI,66a249877c55ea0011ab075c,QuestionAI,17932.521585053502,2561.788797864786
64ee188a4ca99f72ba7c5d70,Tile Match -Triple puzzle game,568b8cb3bb2089a80600000a,Playsimple Games,17930.09763247476,2561.442518924966
62684259b7fb3d4fd5c5fb13,Toon Blast,56c3a378adccd1cb7e00000a,Zynga,17907.781178979494,2558.254454139928
6035b4c3019023aabed66830,PhotoCircle,602ad40427689c0015fb2d9e,PhotoCircle Inc.,17887.781445746434,2555.3973493923477
672c8db687f9dce6e6634762,ColorBlockJam,5bec0018c9af0a7962a96f4a,Rollic Games,17871.47678367151,2553.068111953073
650411ec5551fd9849db7aca,AVG AntiVirus & Security,64678a9ed7125400115d9869,GenDigital,17837.88699121474,2548.2695701735342
647febe9eceab671ee15db3c,TeraBox,630dd09a2334a0001b28ad73,"Flextech, Inc.",17805.455964348563,2543.636566335509
66447f7b6e3e372b114a8cda,Top Eleven - Android,664372d48ffbbf0011f17452,Nordeus,17693.59065169188,2527.6558073845545
62bf07c073e8429ca7098700,TextFree Ultra (9),62b9ac4282628b001b5ab74a,Pinger,17678.752012075434,2525.536001725062
69080c482e9735e4101ec6ed,Order Crazy,634d301fa3774b001b7c0dbc,ToGather Fun Limited,17451.912161199674,2493.1303087428105
5be9c16e4d3adf04414b1823,Audiomack | Download New Music,5f73ab8ec84db80016b354bb,Audiomack Inc.,17380.118729464713,2482.8741042092447
6938cb6cb92039a768f78cc6,Animal Ranch Life,634d301fa3774b001b7c0dbc,ToGather Fun Limited,17333.675481388527,2476.239354484075
698a103cefc515f9db958ea0,Duck Blast Launcher,5fc618102e8dd2001579b65d,App Central ltd,17332.782950041757,2476.111850005965
65ae59c48c749c0555a5ed77,Find Hidden Objects - Spot It!,60f059faaf96d700177d115f,Yolo Oyun Yazılım ve Pazarlama AS,17217.51941835032,2459.645631192903
6964bd7ad36c1656eeacff93,lyvgames-outlook-com_com-lyh-flowvpn,6297c4bc012073001b3df035,Yandex Inc.,17206.533125708593,2458.076160815513
64ec93a0047c0ca49c766f17,Treasure Masters,619b548fc9c9c1001796f1f6,Gimica GmbH,17129.98330550359,2447.1404722147986
681c0866113835d0f3d89475,LIVE Score_Android,681c05e62331ea0011439df0,"PSYNET Co,Ltd",17101.615981702744,2443.087997386106
69437de9f9db799a8390058c,"Scoopz: Real Life, Real Videos",69379d46192ce0aadaecc874,Particle Media Inc,17060.975780510085,2437.2822543585835
66852bd7efa7b310eb763e69,Offline Games - No Wifi Games,607d46752ca90f00153876e8,Jungle Frog LDA,17018.78427838383,2431.2548969119757
67f3efcc9c3da54da0569e6b,6474685600,5c657afed9e6e60012bab5d9,gamestudiopsv@gmail.com,16986.38892334195,2426.62698904885
5a905921d21df82a03002a6b,Cookie Jam Match 3,58910f6a5f5e338431000675,Jamcity INC.,16979.052151564945,2425.5788787949923
6809ac2c2568b8f33495b6d8,Bubble Bus,5cda78f561a35300113a86ab,Moonee,16956.235815564585,2422.319402223512
5f45ffa82f1f7c000130fe19,トリマ-移動するだけでポイントが貯まる,5f45fb2f150074001547df11,GeoTechnologies Inc.,16947.76450944197,2421.109215634567
67978c1bc1d0e427bfd009bc,JustPlay iOS,619b548fc9c9c1001796f1f6,Gimica GmbH,16937.14909678362,2419.592728111946
58c89d172de3913a0b0003de,CodyCross,561e8d976b8d90f61a003d3f,Fanatee Games,16906.68633652303,2415.240905217576
524ad17f92fcd29365000006,Jigsaw Collection HD,561e8d936b8d90f61a00134a,Veraxen Ltd,16869.78870178163,2409.9698145402326
63ff39ab1e40c644de13073f,Tile Match - Match Puzzle Game,64075f57d6da1900141e5aba,Code Dish GmbH,16818.44475072199,2402.6349643888557
69845ea1e6f73fe2b5840739,Arrows GO! Android,5b975fcedc73276356309362,OAKEVER GAMES PTE LTD,16767.658274945632,2395.379753563662
62e93c3863ecb481c7bc9b94,Hotel Master,5fc671cbba624b0015a61bf1,Saygames LTD,16743.897450543893,2391.985350077699
68f9f643adc1b994d6b7c171,Livescore,68f9f5db75ceafc7a8ee6155,LiveScore,16731.32981329763,2390.189973328233
6076bd25c69dedee4130b263,Soccer Super Star,583c02c932ec4ba51300037e,Gamegou,16664.728806447907,2380.6755437782726
6981daa2932fcb9012e72f5f,lyvgames-outlook-com_com-polaris-ravenvpn,6297c4bc012073001b3df035,Yandex Inc.,16636.830650254175,2376.6900928934533
6551f45e8ec95628af4f0fb4,vpnify_ios,643c740fc34c0300130c743e,VPNABLE LTD,16605.896367327216,2372.270909618174
58537c57febcab143c000043,Word Cookies!,561e8d936b8d90f61a001412,Bitmango,16536.148859810786,2362.3069799729697
66d0321ea6cf59778900a031,APFindDIfference - iOS,5e96c1b29704720015d9f4ae,Guru Network Limited,16473.583138712725,2353.3690198161034
680061dd6e7314c68220322b,Wool Craze,64684dd7d7125400115d9e39,Vicok Limited New,16469.00581941867,2352.7151170598104
5d778a8a04e89100182b2aaa,Sudoku,5b975fcedc73276356309362,OAKEVER GAMES PTE LTD,16392.818084190687,2341.831154884384
670f76be7bccdeafa20f717b,com.gogo.launcher,66d6b6896f113e001198b89c,Xiaomi Group,16359.957638895516,2337.136805556502
6412fad6dc4ce839176d0e76,Litmatch—Make new friends Android,6406dc222ecde6001489f995,CONSTRUCT TECHNOLOGY PTE LTD,16317.892204964866,2331.127457852124
689f4dda062ac30777ba31ba,DiamondSort,58371a2bafd6eb8b130001ca,Samfinaco Limited,16295.781407713099,2327.9687725304425
684f77fffacb2c498d30696c,細胞保衛戰,634d301fa3774b001b7c0dbc,ToGather Fun Limited,16170.389932182808,2310.0557045975443
62b055e06894d1a44ef4d3a7,1Weather Android,626a9cd05d54fa0018b746b3,InMobi,16103.838476471112,2300.5483537815876
65b787f14affe7a8358ee665,Find Hidden Objects - Spot It!,60f059faaf96d700177d115f,Yolo Oyun Yazılım ve Pazarlama AS,16054.202286525851,2293.457469503693
6641ef33e0cbed6459a1b503,PDF Reader App,65c3655fa3d8e100119171ba,9D Technologies,16044.429320190138,2292.061331455734
628b5fbc2aae43fd12071c3f,2 Players iOS,607d46752ca90f00153876e8,Jungle Frog LDA,16006.543851885623,2286.649121697946
5b39cf1f8ee1171c6d2df44a,Bolt Browser and Documents,561e8d956b8d90f61a003219,"Appodeal, Inc.",15976.475606415372,2282.3536580593386
613b6b43712d08f9fac3c118,iFunny iOS,5c77abceef995c60fecc3f39,FunCorp,15969.639424938618,2281.3770607055167
672ec82f913e67d2955d2084,Merge Fashion: Romance Story - iOS,6540ac3b1ad27200118e909d,Wind's Choice Tech Limited,15967.581289979658,2281.0830414256657
6408c6335f2edf398c67c208,Melon Playground,5ec6f4dbdae5f50015c2980b,PCA Bear LLC,15872.722020022875,2267.531717146125
611bbee5350eb6e37c140bf6,Overturn Military,5fc671cbba624b0015a61bf1,Saygames LTD,15853.291931534852,2264.7559902192647
54c63cf4a684cd593e000128,Angry Birds 2 Android,561e8d946b8d90f61a002087,Rovio,15803.472307421853,2257.6389010602647
5dc9a22c9fc5d300176af30c,iOS Hearts,561e8d936b8d90f61a000455,Mobility Ware,15781.832072099634,2254.5474388713765
6489c5bd2a2e454c7c0abb86,widgetable,6489c502a6bfa20014cb8ca7,Adorned Limited,15780.420491193236,2254.3457844561767
59834c5b76da46c2770023b2,Android Gin Rummy,561e8d936b8d90f61a000455,Mobility Ware,15775.472039060964,2253.638862722995
619e4c9f799184ce269991cd,Dice Dreams,60112a3ed3c4a000156a31d9,Superplay,15654.87573214278,2236.41081887754
598348c317e92baa770027fe,iOS Gin Rummy,561e8d936b8d90f61a000455,Mobility Ware,15648.920134725884,2235.560019246555
674718d1fa70582cee6c049e,JustPlay,67c057525a9de100115b66ec,JustPlay GmbH,15615.77018499444,2230.824312142063
675696da7913198c9ecadac0,Screw 3D iOS (CD),58b91be73e5caab04b000296,Mavericks Mobile,15581.848571702983,2225.9783673861407
667bec734d6765df32fe9171,Magic Sort!,664e27f28ffbbf0011f1d3b8,Grand Games,15498.494328912573,2214.0706184160817
65a880066c7debc0a6b15c39,XMEye,658a2fc2ab2b4800112923f1,HANGZHOU JF SOFTWARE CO LTD,15496.152138258192,2213.7360197511703
5c505bc01d8afc08c9a4e14e,Crossword Jam,568b8cb3bb2089a80600000a,Playsimple Games,15446.147399822336,2206.592485688905
66d193dcaa8e1e9b9d293abe,Screw Hybrid iOS,58b91be73e5caab04b000296,Mavericks Mobile,15226.413996750081,2175.201999535726
63e45b777395f8d576e4d44e,GoodNovel - IOS,63e35991bbe8fa0014380604,Singapore New Reading Technology Pt,15199.509414488779,2171.3584877841113
68ee73f89797ab8c2943d33e,Pixel Flow!,68ed0a0c4cac2a9dc3250a10,Loom Games Oyun Yazilim ve Pazarlam,15198.414170985543,2171.2020244265063
5af55340bfc6be4ab9a686f0,Daily Themed Crossword - A Fun crossword iOS,568b8cb3bb2089a80600000a,Playsimple Games,15164.236105754077,2166.3194436791537
674447ab14a0e4daa676b5d7,OKOK,674445ddd02cf30011f20eea,shenzhen kangyou jiankang Technolog,15135.556081428507,2162.2222973469297
6698be43198409320ce72a78,Poly.AI Android,6698b45b60e2ea00114aa807,Poly.AI Android,15115.672142,2159.3817345714283
6108f3b21706e3c5daa69d0e,WEBTOON: Comics,6108e61a892d1200173b458c,WEBTOON,15034.868882453495,2147.8384117790706
643cdb6ab5bf3c7798346f73,Peachy,561e8d976b8d90f61a003fcf,InstaShot,14965.922129955748,2137.988875707964
6875fcc861fad0cbc88635dd,LOKBOX: Pocket Cinema,6875f522babc2000110fb14e,Chongqing JiguJigu  Network Technol,14895.07108811648,2127.8672983023544
68c12e6e4b9f993905ba913a,Find object iOS,5e96c1b29704720015d9f4ae,Guru Network Limited,14882.96002677505,2126.13714668215
68d0074c5d4cf995d2b88105,Hole U Can Eat Home App,5fc618102e8dd2001579b65d,App Central ltd,14867.449148063233,2123.921306866176
5b338d3a2df7e7468a4fb004,My Talking Tom 2 - appstore,561e8d946b8d90f61a001509,Outfit7,14662.65879981271,2094.665542830387
66f667b2c81241f35a6205c9,Rummy Android,561e8d936b8d90f61a000455,Mobility Ware,14544.820579395364,2077.831511342195
68fcc73f63adfe977a1f5415,Mahjong Blast! - GP,606c7bac7a37680015801ad8,jiayou,14506.689842455264,2072.384263207895
66b3500a8b82298c2add7cdd,TDS - Tower Destiny Survive,5fc671cbba624b0015a61bf1,Saygames LTD,14499.921772863105,2071.4173961233005
63f9bfaac8a3adeead40e9c0,com.lmr.lfm,5c657afed9e6e60012bab5d9,gamestudiopsv@gmail.com,14495.638659802222,2070.805522828889
69956fbdeca04079046054bc,Yazio iOS,69930b23eea67583ba0c3092,Yazio GmbH,14440.611566520385,2062.9445095029123
6944c6740386411826a708bc,Word Screw-3D Unscrew Bolts,634d301fa3774b001b7c0dbc,ToGather Fun Limited,14408.492361140241,2058.356051591463
609cb24169d50614b1e5333c,TownWiFi by GMO,609cb17937f3bf001593dd55,GMOTownWiFi,14377.929765966217,2053.9899665666026
59b833f0f2287a750a001e81,・Solitaire・,561e8d936b8d90f61a000662,nerByte GMBH,14351.504758599349,2050.2149655141925
667aaa6d3a2fe58e15167ee8,Goods Sorting Android,5e96c1b29704720015d9f4ae,Guru Network Limited,14350.851639031389,2050.12166271877
68f85eff99569462272ec436,Snake Escape,5fadec8fd8ff880015e844d9,Happy Dayzzz,14325.780812238827,2046.5401160341182
5afb1d908e03cf7acee1a079,ZEDGE™ Wallpapers,5af5b8f9e408f136156e7cae,"Zedge, Inc.",14314.627054194794,2044.9467220278277
5810c3edd0479d592800004a,MSM iOS,561e8d946b8d90f61a00183b,"Big Blue Bubble, Inc.",14311.98191218989,2044.5688445985559
60a4e1e3cf4957c21093d8e8,Triple Tile,5c05196699e4374b87bda3b9,Tripledot Studios,14247.323762790078,2035.3319661128683
68c440008bd300152cfb70c4,Pocket Sort: coin puzzle,5fc671cbba624b0015a61bf1,Saygames LTD,14201.658373371762,2028.8083390531087
5d601a774f58920017a68eb4,Wordscapes Search iOS,561e8d976b8d90f61a0045d7,"PeopleFun, Inc.",14129.861418304976,2018.551631186425
66f65fef901d39379d5a9ed3,Rummy iOS,561e8d936b8d90f61a000455,Mobility Ware,14102.419507535988,2014.6313582194268
685cb87611676e2c06228d0d,Yarn Fever! Unravel Puzzle,5d53cf81ff5bd700186c5f35,InfenitePlay LTD,14012.50644676742,2001.7866352524886
67015658901d39379d5ac3e8,Universal TV Remote Control,670153ce6f113e00119a0fad,SensusTech LLC,14008.798967474733,2001.2569953535333
5da41973888eb00018871519,Turbo iOS,5d76031d57ec4f0017743734,INNOVATIVE CONNECTING PTE.LIMITED,13939.37567457162,1991.33938208166
6256c62214e8da0a085db7fb,Get Color,5c05196699e4374b87bda3b9,Tripledot Studios,13938.779482756008,1991.2542118222868
67cab6353f8ae32f2cbddcbe,Mahjong Match Daily ios,5bd009e27e1105796809759b,Big Cake Group Limited,13925.799884547683,1989.3999835068119
6810421616e6847d6f099fc1,Tile Home,6336ada8eff220001b2d1061,Pandas of Caribbean,13871.172929703247,1981.5961328147496
65d4163727332d35a876b095,keepsmile,65d404b895c34900110c8746,"Shenzhen Youzhida Technology Co, L",13867.341804876341,1981.0488292680488
687e0c1a28d514326f545087,MoviePack,6866251bdd4af80011a68567,Shenyang Yicheng Network Technology,13783.706216160856,1969.1008880229795
65d4477227332d35a876b142,D_12,6438b601943a92001427793d,AKRURA PTE LTD,13739.607824995383,1962.8011178564832
61a9f4b1cc2b76c9343879db,Eatventure,6107c3b4abaef100175b9029,Lessmore UG (haftungsbeschränkt),13735.501581816745,1962.2145116881063
66f3bbcb625d91c8b3694d8f,美圖秀秀,66f36da16f113e0011999ff8,Meitu China,13726.67019381076,1960.9528848301086
68c23acd4b9f993905ba9ea9,iScreen - Widgets & Wallpaper,68c149fb167d908cf140905e,厦门神桌信息科技有限公司,13721.84089956551,1960.2629856522158
56b8e577819502560b000033,Wattpad Futures - android,56b2844d24342c3622000032,Wattpad,13689.639779322133,1955.6628256174477
66a20babaac742b8e38f8dbf,KJV Bible Library,65e037799e0d93001113e55a,Rocketshield Browser Technology Lim,13659.17668798436,1951.3109554263372
65d7922f27332d35a876bb68,Spades Android,58737456236d8f446400071c,FIOGONIA LIMITED,13654.749389406847,1950.6784842009781
650410fbb30c764e0a11f51e,Avast Antivirus & Security,64678a9ed7125400115d9869,GenDigital,13628.062998239595,1946.8661426056565
62c29e6973e8429ca7098ace,Bubble Witch 3 Saga,622b9915ac4bf1001715b790,Activision Blizzard Media (King),13614.481701112923,1944.9259573018462
64686dae6ac24ac5866284fd,KJV bible now iOS,645db622ff6cc50014413271,WindNovel Team,13588.18822026702,1941.1697457524315
690884be98a1f1e2d3337661,iCam365-Android,6908648bf5a7288c87f52a5b,TANGE TECHNOLOGY (SINGAPORE) PTELT,13572.963881460551,1938.9948402086502
5f45ffd8256e1b0001a4189a,トリマ-移動するだけでポイントが貯まる,5f45fb2f150074001547df11,GeoTechnologies Inc.,13542.643696145782,1934.6633851636832
597b1b28f6fdf8096600041d,PicsArt Photo Studio: Collage Maker & Pic Editor,59650c95a4e548f217000ead,Picsart Inc,13486.90741423733,1926.7010591767614
5d8aa10f0ce85300171b971a,▻Sudoku,561e8d976b8d90f61a0045d7,"PeopleFun, Inc.",13476.708405419307,1925.2440579170438
65df440fd13c647695f4ed88,Loseit iOS_Liftoff_Nimbus,64ecb0b0006b5a0011e57f9a,"Everyday Health, Inc",13426.640584008785,1918.0915120012548
5b61c1d3a5eacf3ee67a792c,Pixel Art: Create by Number,57d1b461ae2b57d903000027,Easybrain Ltd,13421.203054102249,1917.314722014607
66c5d3a46bdfe2cbb4e6053e,Block Away iOS,5c05196699e4374b87bda3b9,Tripledot Studios,13403.285018534922,1914.755002647846
6298c1a502725ce5f8955ee4,Match Masters,6298c12ee18acf001be07064,Candivore,13346.396384626496,1906.6280549466424
677cf457a18672e70722b88f,Moneywalk_iOS,677cecb33b9ea20011273987,Gravity Labs,13287.654984632058,1898.2364263760082
5d8990630b15ea00170bdfce,Master,5d76031d57ec4f0017743734,INNOVATIVE CONNECTING PTE.LIMITED,13272.355597065372,1896.0507995807675
650c7dbcd38855ef54aaf1fc,Everyday Puzzles,561e8d976b8d90f61a003d3f,Fanatee Games,13271.420522668845,1895.9172175241206
5f5ba15b8b44650001cad5b7,Hole.io,56d55c72562b9c353800000d,Voodoo,13253.715010045547,1893.3878585779353
6478799b11f74ed45246d305,Score! Hero,6247027c20721a0018bb6528,First Touch Games,13249.679064818545,1892.8112949740778
680b279139da3f86ec0a2314,英语：Grill Sort 日语：グリルソート,6364b12e3ad6c7001711d812,Fodream Limited,13232.681591286533,1890.3830844695046
5aa66899bacdc27c1e00d074,Sweatcoin Android Tapdaq,59d49801fa5a566117002fd5,Sweatcoin,13189.496177720692,1884.2137396743844
66d13bb5f04eb8d914d2c287,Car Jam,6364b12e3ad6c7001711d812,Fodream Limited,13182.543441794965,1883.220491684995
622b3099f2283d7a001c007c,Jigsaw iOS,5b975fcedc73276356309362,OAKEVER GAMES PTE LTD,13107.551222597182,1872.507317513883
656850b4e20427efa3fff47c,YCC365 Plus,6556edd16cdf5900118d56ce,Closeli,13069.636729265503,1867.0909613236433
6944fe900909df412ec5212c,Sheep Away,634d301fa3774b001b7c0dbc,ToGather Fun Limited,12965.218264,1852.1740377142855
63e0751c6d911e9e2816c10c,Bilibili,63e0726b0dce2900138bf123,BALABOOM PTE LTD,12906.173498910253,1843.7390712728934
5af5545d8e03cf7acee13a66,Daily Themed Crossword - A Fun crossword Android,568b8cb3bb2089a80600000a,Playsimple Games,12859.885651274915,1837.1265216107022
632cccde0c0bbbf867b264c3,Pet Rescue Saga_Android,622b9915ac4bf1001715b790,Activision Blizzard Media (King),12748.518805770154,1821.2169722528793
5d81cc3fe412d000189dc34b,Phase 10 Android,5b0fc58f19829714e5ad0d2f,Mattel163 Limited,12693.409006138449,1813.3441437340641
691acb73f3cd41299fea3ff2,Clover Hit Slot-iOS,64d4aff7bedba60011a4ca25,"Guangzhou Tongliang Technology Co,",12682.701501293877,1811.8145001848395
60a4e1d7cf4957c21093d8e3,Triple Tile,5c05196699e4374b87bda3b9,Tripledot Studios,12643.999170014486,1806.2855957163551
5b14f1387ea39141340a6d68,UNO!™,5b0fc58f19829714e5ad0d2f,Mattel163 Limited,12639.020892097644,1805.5744131568063
5b338ba8a3ecc44677296503,My Talking Tom 2 - Android,561e8d946b8d90f61a001509,Outfit7,12621.435494092499,1803.0622134417856
65dda91fd63f23ff922156aa,INS3,638b3f012fb066001b8262d1,AtlasV,12607.248144327532,1801.0354491896474
6968c1a8de96560c91c4c28c,iG_Hotpot_Flow_IOS,5ce32f41e15f77001148e36d,Zego Global Pte Ltd,12531.353110435419,1790.193301490774
69c2954b7c25f96d75ccd5f2,Arrows GO! iOS,5b975fcedc73276356309362,OAKEVER GAMES PTE LTD,12475.640684169826,1782.2343834528324
6257fac5978c35cea67ef45f,Oitube,624fd55d426bbc0011d5578d,personal,12451.92373908547,1778.8462484407814
65f15037e2703b0ee7fb2de9,Screw Puzzle ios,5fc0a33dcb32b5001563f9dc,AmberMobile Limited,12450.821017816499,1778.6887168309283
66f590f9c81241f35a62033c,Merge Fashion: Romance Story,6540ac3b1ad27200118e909d,Wind's Choice Tech Limited,12430.12415436759,1775.7320220525128
5a167dd1d0d008d90400a61d,Pixel Art - Color by Number,57d1b461ae2b57d903000027,Easybrain Ltd,12410.842540556278,1772.9775057937538
5bebfb1c4de124001080db05,Word Trip iOS,568b8cb3bb2089a80600000a,Playsimple Games,12381.349388313585,1768.7641983305123
65ca6d4bf31d94e5290f757e,AI Mail Home,65ca6ad44e9fff0011d273b7,"App Lab Studios, LLC",12339.429018528035,1762.7755740754335
5130b34aff10712a34000051,4 Pics 1 Word iOS,561e8d936b8d90f61a0014ca,LOTUM Media GmbH,12336.936344945065,1762.419477849295
64781b96dac1393f38b604ca,Cake Sort - Color Puzzle Game IOS PM D2M,5a57133a3610bbb671016ff3,FALCON GLOBAL LTD.,12329.659433841865,1761.3799191202665
63807bee031be5e76fb1fec2,MiChat,6376f00f3d02dc001b2940b6,MICHAT PTE. LIMITED,12313.53522292196,1759.076460417423
6697ad3f30f0637f5c7d1d74,ios - Free VPN Proxy by VPN Planet,668fb233514c00001146f038,Free VPN Planet SRL,12290.780178440793,1755.825739777256
69033660fb2dadf108d1ea87,Gocrypto,66a8f651514c00001147b0d5,Clickfun Limited,12275.379253826488,1753.6256076894983
68d262d8243b588097fd5dda,BESTPLAY Play to earn & donate,64803209bfd9aa0011593484,Bluetile Games,12250.853879807299,1750.1219828296141
649bd56d831ce850a706382c,Linked Snake,6159d295979b9a001749fd59,Supercent,12228.888830744396,1746.9841186777708
68998ef051ee842315f04fbb,LOKTV：Watch Movies & Series,6875f522babc2000110fb14e,Chongqing JiguJigu  Network Technol,12200.144742212577,1742.8778203160823
68ce756f00b18a44e7eb49fb,Lockscreen,67a971203635740011a99501,vivo,12188.481463871554,1741.2116376959364
6425f150c4d8b0bedab9783e,Tile Club,5fe2fafd6013fb0015208652,GamoVation,12183.337631800707,1740.476804542958
5dcc0ea50f531500173bd7c7,WeWard,5dcc0df6a4305a00173b9cf8,WeWard,12175.205487307654,1739.3150696153791
65f07efeffdf52c4905ee1bc,stolitomson_free.vpn.proxy.secure,6297c4bc012073001b3df035,Yandex Inc.,12128.90055893677,1732.70007984811
654cfadfcf969be4de4d8eb1,Cryptoguru: Trading Simulator,64b7f29fcca9af0011fd585d,Sonderads,12053.34158210122,1721.9059403001743
694966f98301764ca7d4fd6b,Barber Salon Launcher,5fc618102e8dd2001579b65d,App Central ltd,11989.194023809541,1712.742003401363
67be80e8d85e20dacde19429,Local News,676405dff3fa5d00114fee22,Opera Software Ireland,11858.267951383214,1694.0382787690305
5d075faccf7fcd0018c2939b,Cooking Fever,561e8d946b8d90f61a001f18,Nordcurrent,11853.144779774304,1693.3063971106149
5da6812659f5670018ae7124,Pro,5d76031d57ec4f0017743734,INNOVATIVE CONNECTING PTE.LIMITED,11716.55825425988,1673.7940363228402
65d4913c9a4122e9e0de9175,iOS - Pi Network,65d4907595c34900110c9204,Social Chain Inc.,11667.988658813396,1666.855522687628
631afd1248a0f788d7762b15,Cryptogram: Word Brain Puzzle,647deb456149810011be5192,Joyteractive Ltd,11661.710583102762,1665.958654728966
68a5345384159c6ca096598c,Water SortPuz 3D,634d301fa3774b001b7c0dbc,ToGather Fun Limited,11641.396134369023,1663.056590624146
673d806f14a0e4daa676a12c,Screw Jam Master,5f0c183af52f8e001b9cc198,BOLOYO LIMITED,11618.396111144242,1659.7708730206061
67bde85efb32c9bf51cef20f,SUM_Universe Match_GP,646dd642f8642700116df383,Jewel,11586.304839357963,1655.186405622566
68e2673c5f81a96145dc421d,City on Fire Home App,5fc618102e8dd2001579b65d,App Central ltd,11565.34644996075,1652.192349994393
582b1fdaad837782410004e4,Hill Climb Racing 2,561e8d956b8d90f61a003365,Fingersoft Oy,11540.446114337734,1648.6351591911048
62330ef11261eebebcaf40a0,Vanced,622f2440e19c1e00147fc083,individual,11520.428721055916,1645.7755315794166
589e4fdbacfd6c3105000130,Android Pyramid,561e8d936b8d90f61a000455,Mobility Ware,11486.909785677062,1640.9871122395803
672c9b15913e67d2955d1ab6,ColorBlockJam,5bec0018c9af0a7962a96f4a,Rollic Games,11478.897068820155,1639.8424384028792
59c0bfe44b342c7f280015fe,Solitaire – Classic Card Game,57d1b461ae2b57d903000027,Easybrain Ltd,11468.683326422344,1638.3833323460492
68cbdca90b1389d880129815,Yoga Flex Home App,5fc618102e8dd2001579b65d,App Central ltd,11438.04603355865,1634.0065762226643
6878fcb8eb91ef8f5fcbe810,Block Blitz,64803209bfd9aa0011593484,Bluetile Games,11397.563768427317,1628.2233954896167
647dbe0bb7a4c97fb3997264,Dream Island - Match 3 Games,64075f57d6da1900141e5aba,Code Dish GmbH,11274.404332729879,1610.6291903899826
69396939dcd0ca7503955f33,Drop Escape Android,58737456236d8f446400071c,FIOGONIA LIMITED,11229.774591497258,1604.2535130710369
6744492414a0e4daa676b602,OKOK International,674445ddd02cf30011f20eea,shenzhen kangyou jiankang Technolog,11227.250558357586,1603.8929369082266
66cc48f0f04eb8d914d2af0d,Spades - Classic Cards,5c05196699e4374b87bda3b9,Tripledot Studios,11222.636455995147,1603.233779427878
64ec9253047c0ca49c766f09,Balls Versus Blocks,619b548fc9c9c1001796f1f6,Gimica GmbH,11185.074998307638,1597.8678569010913
66d6b9d22a769ddae7418cdd,com.miui.global.packageinstaller,66d6b6896f113e001198b89c,Xiaomi Group,11184.735953109073,1597.8194218727247
69613d6aa37bf42bb072233f,Brick Blast iOS,57d1b461ae2b57d903000027,Easybrain Ltd,11170.130599233235,1595.732942747605
691b2920eb8573f6001bc3ed,QR & Barcode Scanner,5ed15ca4662ff10016409214,Gamma Play,11161.649856321394,1594.5214080459134
64a41edf830ec394da0090b7,Solitaire - Card Game,64803209bfd9aa0011593484,Bluetile Games,11088.719833551506,1584.1028333645008
69154b0b1de7be35146a52bd,Jigsawcard iOS,5b975fcedc73276356309362,OAKEVER GAMES PTE LTD,11078.495321795228,1582.6421888278896
67c6c96a4a068ff910e4138d,vivo appstore,67a971203635740011a99501,vivo,11041.789745984841,1577.3985351406916
66869524b8c631b497b71178,billing@vpnable-com_andr_com-vpn-free-hotspot-secure-vpnify,6297c4bc012073001b3df035,Yandex Inc.,10959.233007736715,1565.6047153909592
68c17bab0ed903cf7fceab95,Pillow Chase Home App,5fc618102e8dd2001579b65d,App Central ltd,10951.33378,1564.4762542857145
67e3f9ac93794ee78a755362,Talkie Lab,65d36866a3d8e10011925549,SUBSUP PTE. LTD.,10933.586586229692,1561.940940889956
67a5c083b7c0c84dcaf1ee86,Jigsolitaire,561e8d936b8d90f61a00046c,"Gamincat, Inc.",10912.762387683455,1558.9660553833507
641bfa9d59356be2e54a1d90,LINEマンガ,64131058280ea30014b0ed99,LINE Digital Frontier,10894.461130547596,1556.351590078228
674568a601f19870b2661523,Yi Home-iOS,673afd953fa40700118c0ff2,Kami (HK) Limited,10892.704897310181,1556.10069961574
64db6180d4592a1f1c806bde,SHAREit,5f687c6436ca1e0016d5fd6d,INJOY TECHNOLOGY PTE.LTD.,10843.271765306166,1549.0388236151666
69b7234c706d591163185603,Bus Rush Fever!,5b69051b3a5ab61db2c22189,株式会社GOODROID,10837.550895097287,1548.2215564424696
68b6936e73a766bfda9905e0,2677 Puzzle Bricks,573c1e4c69d550c903000024,"LeYoo,Inc.",10826.273625536534,1546.6105179337906
6698d3cdf7bea065c84f3ccc,linky,6698d32f7c55ea0011aabb4f,Sky work,10823.97208484324,1546.2817264061773
64da286899eac20203d759d8,Cryptogram new,647deb456149810011be5192,Joyteractive Ltd,10818.614395848595,1545.516342264085
677fbb200ed7c46339aa360e,MDC_Dessert Crush_GP,646dd642f8642700116df383,Jewel,10793.695637918934,1541.9565197027048
6957275e16da9127a3d3f221,삼쩜삼 (SZS) - Android,63c7b6b2f22ae3001457f1fb,"Delight Room Co, Ltd",10769.871978005925,1538.5531397151321
5ad8f49f2366ab644c5ff33f,BitLife - Life Simulator,561e8d936b8d90f61a0014bf,Candywriter,10753.368449927004,1536.1954928467148
63b66a4beaf2443e5329bd1c,Goods Triple,6375b18dfdfa75001bf507e2,Speelead Limited,10711.921603832545,1530.2745148332208
609a8393c5d1524132e8e288,Mob Control Android,56d55c72562b9c353800000d,Voodoo,10711.477665435403,1530.2110950622005
63e074c07c445b3cfb1b94f7,Bilibili,63e0726b0dce2900138bf123,BALABOOM PTE LTD,10707.467046347252,1529.6381494781788
6285b5e6ed05d2b72d7d2d9a,Ball Sort Android,5e96c1b29704720015d9f4ae,Guru Network Limited,10692.254015806151,1527.4648594008788
64a73392d89a1b3212021ab0,Empires & Puzzles,56c3a378adccd1cb7e00000a,Zynga,10667.198841095364,1523.885548727909
61e5d5d49825bc1d318fdc60,Lamar iOS,59e4bb543f0fa9a20900afa3,TabTale LTD,10645.39291898185,1520.7704169974072
66d52620e6845db6f88fa9e2,Car Jam Solver:Car Puzzle Game,64684dd7d7125400115d9e39,Vicok Limited New,10602.654165230822,1514.6648807472604
625eafbe443b2f1fa136e3e5,Animal Kingdom: Coin Raid,621e7a3f257d5f001422669b,Innplay Labs,10602.480984033922,1514.6401405762747
657a0d1ce32ee9b92a27b29d,Wordscapes Solitaire,561e8d976b8d90f61a0045d7,"PeopleFun, Inc.",10546.699357253496,1506.6713367504994
6051fadcdec34f1e8a8888cc,"Sweet Crunch - Matching, Blast Puzzle Game",64075f57d6da1900141e5aba,Code Dish GmbH,10541.771426179777,1505.9673465971111
67bed62fee9356aafba1c6f2,돈이돼지,63c7b6b2f22ae3001457f1fb,"Delight Room Co, Ltd",10534.611403006826,1504.9444861438321
642dee1b95e6378735df64be,Coin Sort,5f064bf93191d60018f0fd5a,Lion Studios,10528.310908140145,1504.0444154485922
5e6869216240746016e31a6d,WWF1 Android,56c3a378adccd1cb7e00000a,Zynga,10516.253960836837,1502.3219944052623
6362364f952ac005717d7cb4,Zombie Waves,64631cb61aec7f0014e2bfed,NEW_FOREVER SATURN CORPORATION LIMITED,10492.035560905535,1498.862222986505
6912064edcd984f22c652c3f,deveem_io-deveem-vpn,6297c4bc012073001b3df035,Yandex Inc.,10478.916059784147,1496.9880085405925
5c6bcec910122f720df1553b,Crossword Jam : Fun Brain Game,568b8cb3bb2089a80600000a,Playsimple Games,10475.115659636223,1496.4450942337462
6874fa4e61fad0cbc8862a9e,Hole Stars,561e8d966b8d90f61a0033c4,Moon Active,10472.923837077155,1496.1319767253078
64dd7e3dd0a59bea1ebdc488,MoboReels,62a858f7348a840017e80ac5,"FUZHOU JIARUAN SOFTWARE TECHNOLOGY CO.,LTD.",10466.89034150522,1495.27004878646
671b7e8c7b3ea5a17e5cfb7c,SCKi,66c45f2c053da00011d69728,Standard Game Limited,10459.609343738852,1494.2299062484074
66d574e85634666900b5bc0b,Screw Sort 3D,6364b12e3ad6c7001711d812,Fodream Limited,10444.587236978206,1492.0838909968866
627a7fad9a5916612c6cb77e,IT-PM_Futbin_iOS,5a53889945eaab512501251e,AddApptr GmbH,10433.372131969563,1490.481733138509
6336c08284d3dbb5c1b2fb22,Gossip Harbor: Merge & Story,58adf6988e52ab4d320004d1,Microfun,10423.434375754092,1489.062053679156
581790e0591c1ca0390001a0,iOS Pyramid,561e8d936b8d90f61a000455,Mobility Ware,10413.641741426647,1487.6631059180925
68a33d1dc1651e2c85a38a97,Drop The Cat iOS,5e5381e2bd20d800170948e8,ActionFit,10411.704467049458,1487.3863524356368
659677f9c64ca439507c3d73,Spades Stars - Card Game,64803209bfd9aa0011593484,Bluetile Games,10394.729752387913,1484.9613931982733
5ba9510159302707328acb9e,Android Castle,561e8d936b8d90f61a000455,Mobility Ware,10386.95720399052,1483.8510291415027
63021b704b6012824b206f74,Ball Bounce,619b548fc9c9c1001796f1f6,Gimica GmbH,10370.808491610956,1481.5440702301366
649acaccd89a1b3212020d26,NovelFlow_iOS,649a9d5a29925f0011c63229,RNOVEL PTELTD,10364.71759774866,1480.6739425355229
6837cbfb71e5cc220d1c9a6b,Gaming Hub,677bd16443e94a0011b752b2,Samsung Electronics,10331.405929131233,1475.9151327330333
604efb2b72c6ac4fce8f3b80,DWG FastView Android,604ec2ae5a93950016a63fdd,"Gstarsoft Co.,ltd",10317.33408979859,1473.9048699712273
68f61435da231d4f28128efc,Arrows Escape,5fc671cbba624b0015a61bf1,Saygames LTD,10313.46405871063,1473.352008387233
65fbf2bdf5d8b25533af0840,야핏무브,65fa476ea576f30011b05d36,Yanadoo,10310.358662421697,1472.9083803459566
65fdb0090aa4012353420027,Dominoes Android Fiogonia,58737456236d8f446400071c,FIOGONIA LIMITED,10259.919995566817,1465.7028565095454
66166d8dc0c070078a977c88,Dominoes Masters,64803209bfd9aa0011593484,Bluetile Games,10239.074559672172,1462.7249370960246
655c85f46d563178776cc1c7,Car Out Android,5c05196699e4374b87bda3b9,Tripledot Studios,10192.232885096735,1456.0332692995337
5bc875c0be31ab306a216ab2,BVC Android,5b975fcedc73276356309362,OAKEVER GAMES PTE LTD,10179.86618770028,1454.266598242897
6908609a771d8693d9bdaf4a,3317_Ball Box-Game Party,5cc67787e15f77001148cd13,Snail,10164.527218052717,1452.0753168646738
61fd17a90936fb0801aa04bf,Mahjong Club,5fe2fafd6013fb0015208652,GamoVation,10158.94866985878,1451.2783814083973
60370bfa488877a0ea0bb3c4,My Talking Angela 2 - Android,561e8d946b8d90f61a001509,Outfit7,10110.195045808667,1444.3135779726667
66db113537f8220673f9e833,Easy Words IOS,57d1b461ae2b57d903000027,Easybrain Ltd,10079.024618051502,1439.8606597216433
59af17136413db5d6d001cdc,Panda Pop iOS,58910f6a5f5e338431000675,Jamcity INC.,10070.106373352373,1438.5866247646247
535ec3d2808374a74e0000e8,Flow Free iOS,561e8d946b8d90f61a0016d5,Big Duck Games,10064.590253841041,1437.7986076915772
68fb4d094b59fa48e1ca4db5,SCi,66c45f2c053da00011d69728,Standard Game Limited,10018.923882298583,1431.274840328369
515aff900964d0f21f00000e,4 Pics 1 Word Android,561e8d936b8d90f61a0014ca,LOTUM Media GmbH,10006.549369725595,1429.5070528179422
671b075c78c69e1cc1bffae7,UC1 - Minigame iOS,5981a22bcf89a5b87f001edf,ROCKETADS LTD BV,9947.549395339844,1421.078485048549
65ddede5d1b71b57183c4444,Spades iOS,58737456236d8f446400071c,FIOGONIA LIMITED,9932.004438832942,1418.8577769761346
5821ac608c3c580c2e000275,Hill Climb Racing 2,561e8d956b8d90f61a003365,Fingersoft Oy,9917.720572128797,1416.8172245898281
5e691e25ffd487601beec0cb,Spades Plus - Card Game,56c3a378adccd1cb7e00000a,Zynga,9877.105560565871,1411.0150800808387
641854429091f900e1111e9a,Glow: Fashion Idol iOS_CL,59e4bb543f0fa9a20900afa3,TabTale LTD,9876.40847129001,1410.9154958985728
58efccf3479e42015600260a,"Text Me! - Free Texting, Messaging and Phone Calls",561e8d936b8d90f61a0014bd,"TextMe, Inc.",9871.85952802805,1410.26564686115
6552da33cf969be4de4d9aba,Watermelon Drop: Fruit Merge,5d53cf81ff5bd700186c5f35,InfenitePlay LTD,9859.02313540042,1408.4318764857744
671915f1192d50ecc531c27a,Cricket League,561e8d926b8d90f61a00013e,Miniclip SA,9858.814714321352,1408.4021020459074
64055668fe5d0fc275c5880f,imo_hd,63f725cfaa034900149db38c,Bigo,9850.314964056233,1407.1878520080334
62684160e2a0ef078b8fc737,Toy Blast,56c3a378adccd1cb7e00000a,Zynga,9840.981407740926,1405.8544868201323
645243a50ccf9ed0c9ba14b7,Wooden Puzzle Bliss,619b548fc9c9c1001796f1f6,Gimica GmbH,9820.04448446239,1402.8634977803415
67112d0120deb557b6b2157f,Trebel Music - iOS,59bbfb5389df7b9d3b000840,Trebel Music,9819.017803557013,1402.7168290795732
638b435df24a60fa7fe0015b,TTD,638b3f012fb066001b8262d1,AtlasV,9788.268497766972,1398.3240711095675
630db358adff6b6e29fde846,Muslim Pro iOS,630d8dbfb1095d001bb0f04a,Bitsmedia Pte Ltd,9777.425602418141,1396.7750860597346
6269a09080648a204f5b38eb,Web Video Caster iOS,62223b5eb6858a001bb4e17c,InstantBits Inc,9775.973656688035,1396.5676652411478
6565d6d13eb26e8fe73a4926,YCC365 Plus,6556edd16cdf5900118d56ce,Closeli,9653.704919888534,1379.1007028412191
5e7d32bd4ecf620001e063d3,Family Island Android,561e8d966b8d90f61a0033c4,Moon Active,9615.890922015844,1373.6987031451206
5dc9a459b62aad0018cf0a15,Android Hearts,561e8d936b8d90f61a000455,Mobility Ware,9591.470867670467,1370.2101239529238
63ae90ce8d9ff5d9d956e345,M61,5dee0fe5eb22e8001714f2dc,dingdong,9568.250595651574,1366.8929422359392
59af175806532d636d001afc,Panda Pop - Android,58910f6a5f5e338431000675,Jamcity INC.,9537.44784740651,1362.4925496295016
619b54ec1e625bd45aa1ecdc,Treasure Master,619b548fc9c9c1001796f1f6,Gimica GmbH,9537.199401223115,1362.457057317588
5a5dc3f2e9e0ac6c7e0024fb,Bricks n Balls,561e8d976b8d90f61a0045d7,"PeopleFun, Inc.",9498.33486093312,1356.9049801333028
6421975d2401c991de092482,Mackolik iOS,641d8986be2b36001370ca2a,Mackolik,9469.316091423763,1352.7594416319662
68e610a5ca8083024f9380bc,AnyVideo: HD Video Downloader,642fcca2b04a200010798b74,Infinity,9455.773179811364,1350.824739973052
66ed44a4f909844620b79258,Connect Word iOS,6021599b8b3e5600159fcc76,HITAPPS GAMES LTD,9454.465429333668,1350.6379184762384
685cebac7ded2eaf8720187f,Find Object Android,5e96c1b29704720015d9f4ae,Guru Network Limited,9420.038570951414,1345.719795850202
5d0d6125fe3d6f00112ceb97,iOS Mahjong,561e8d936b8d90f61a000455,Mobility Ware,9401.15801538459,1343.0225736263699
6822c0e938a42a2dc1efb418,Grow Forest: Oasis Word Puzzle,5bf769c9efdc0d7c5359f96c,Apoggy Limited,9382.553215110747,1340.364745015821
693166e7728b5ddeb6aff0cb,Marble Sort!,56d55c72562b9c353800000d,Voodoo,9359.767777113133,1337.1096824447334
63764fda650877c584196fbe,Sudoku Android,5fe2fafd6013fb0015208652,GamoVation,9318.740878230707,1331.248696890101
667401f7c454e70b9452a263,AV - Notes with Caller ID - com.caller.notes,6666afb99ec3300011cdf91d,Appvestor ApS,9314.925088127704,1330.7035840182434
58bf044230aa0e8e3c00043d,iOS Jigsaw Puzzle,561e8d936b8d90f61a000455,Mobility Ware,9309.713908526279,1329.9591297894683
62f1051ffaf12b2a7ad9a1d1,Tanks Blitz,62ea666c62b76e001b3eca4f,LLC East-Games,9305.665900945116,1329.3808429921594
673bfb23136e386f160fa8e4,Turbo VPN Lite,5d76031d57ec4f0017743734,INNOVATIVE CONNECTING PTE.LIMITED,9273.441334376459,1324.7773334823512
66e4115921c064bb76dcde5f,Screw Lite And,58b91be73e5caab04b000296,Mavericks Mobile,9267.867499604828,1323.9810713721183
61255fc7e1c507583895150c,Project Makeover,612549a07d54b700104c6ae3,"Magic Tavern, Inc.",9241.666856190588,1320.2381223129412
6694c54c4d6765df32fed7ff,Fizzo Novel - Android,6694c47160e2ea00114a8599,Poligon Pte Ltd,9240.673635712381,1320.0962336731973
618cc2e73093eef9fd699719,Water Sort Puzzle - Android,5e96c1b29704720015d9f4ae,Guru Network Limited,9211.8931537579,1315.9847362511284
681881d216e6847d6f09df17,Rummy 500 Android,58737456236d8f446400071c,FIOGONIA LIMITED,9195.421097488785,1313.6315853555407
67ee497227032a53848b85a4,PaceFit,62fc92193e90d2001bf7eb00,gomo,9192.701391892597,1313.2430559846566
693161fe713ec82bbfc4b736,Marble Sort!,56d55c72562b9c353800000d,Voodoo,9182.618452560773,1311.8026360801105
66d80e38e6845db6f88fb522,Subway Surfers City,5c52bd6ffbeb402419bef87d,SYBO Games,9160.924792074276,1308.7035417248967
62ed4ab8b2ffde8039b8cfa6,TuneIn Radio: Music & Sports,62ed34b9c7573a0017012671,"TuneIn, Inc.",9149.332902641941,1307.0475575202775
60ffae7e872d936336e6b023,AppLock,5ac42fbc4ef24f72ce45d5e7,DoMobile,9139.34823564979,1305.6211765213986
6448b31bdf6798e0373866bd,Royal Cooking,619376d458dde20017d66610,MATRYOSHKA GAMES (CY) LTD,9096.174312308547,1299.4534731869353
6303b22b512c44f4b6d6fce3,Ludo STAR iOS,62f4b9c1a0cd3e00172cfe1c,Gameberry Labs Private Limited,9086.632270878037,1298.0903244111482
667ad1914d6765df32fe8e13,Twisted Ropes: Untangle 3D,60afcdd4407e6d0018810836,Fomo Oyun Yazılım ve Pazarlama A.Ş. İstanbul İhtisas Serbest Bölge Şubesi,9048.841828333938,1292.691689761991
6400d8af2fedc3f1a4d8207f,Carrom Pool,561e8d926b8d90f61a00013e,Miniclip SA,9044.574293287744,1292.0820418982491
5dd262ec2aa70a0017bcf071,애니팡2 - AOS,595cb8330ceef66964001700,Wemade Play,9012.390386003066,1287.484340857581
664485f1d09efc5a9e422018,Top Eleven - iOS,664372d48ffbbf0011f17452,Nordeus,8926.870146214955,1275.2671637449935
69846a47f7136395eabefa84,Arrow Trails,6641b3748ffbbf0011f15c05,The Byte Combat (HongKong) Limited,8923.499593,1274.7856561428573
62bf067becdcebd553113997,TextFree Pinger (57),62b9ac4282628b001b5ab74a,Pinger,8865.26835986054,1266.4669085515056
65abce9f83257a2e7ed5569a,Cryptoguru: Trading Simulator,64b7f29fcca9af0011fd585d,Sonderads,8858.78700919093,1265.54100131299
6985f1c18a0253803d2955b2,Atlantis Bounce,619b548fc9c9c1001796f1f6,Gimica GmbH,8856.43368572475,1265.204812246393
69ba71e0d1024b492e90e048,MSi,66c45f2c053da00011d69728,Standard Game Limited,8836.17865675017,1262.3112366785956
62bfde415d756f0de97c227a,워드빗 영어 (WordBit으로 잠금화면에서 자동학습),62bfddc4553335001b671041,CNRS,8817.667943298162,1259.6668490425945
69cb292c29ef4f8d2a742e74,master-lite,6915398050bffb2bb3a12605,YUKILASHSG,8810.602452684936,1258.6574932407052
5f293a77fd8df300014e46b8,Dating and Chat - Maybe you,5e05c0a26057ae0017e7d51c,FlintCast s.r.o.,8763.519946859062,1251.931420979866
6412fbc3460313888d55020e,Litmatch - Make new friends,6406dc222ecde6001489f995,CONSTRUCT TECHNOLOGY PTE LTD,8759.704651348322,1251.386378764046
5950d4eef493bbec54002184,Flappy Dunk,56d55c72562b9c353800000d,Voodoo,8748.816290545914,1249.8308986494162
667a2daa4d6765df32fe8af3,PDF Reader - PDF Viewer,5dc9534f674ec70017d0306a,Think Yeah,8645.399857254455,1235.0571224649223
5dbbcb0a073003001420bd62,QBlock iOS,5b975fcedc73276356309362,OAKEVER GAMES PTE LTD,8616.902126069272,1230.986018009896
5f74d53bf1c0751a159817cc,Lovoo iOS,561e8d936b8d90f61a000d42,PE Digital GmbH,8615.897635215955,1230.8425193165651
6321bbd636535c0cf813b170,terabox,630dd09a2334a0001b28ad73,"Flextech, Inc.",8614.482350997754,1230.640335856822
664c64322e5301452296fd90,Screw Pin Jam Puzzle-IOS,5eb4c67d5e6ebc00166b8d04,广州勇往科技有限公司,8588.37917000506,1226.911310000723
60371993488877a0ea0bb3d5,My Talking Angela 2 - appstore,561e8d946b8d90f61a001509,Outfit7,8558.209405970192,1222.6013437100275
66753716f646af2fcfc11f8c,Blessedid,65e037799e0d93001113e55a,Rocketshield Browser Technology Lim,8547.76062870333,1221.108661243333
65607dea1df3e90d79a94614,Nostal Solitaire iOS,5fc0a33dcb32b5001563f9dc,AmberMobile Limited,8527.37336400077,1218.196194857253
69957fa53630b752386ae154,Yazio Android,69930b23eea67583ba0c3092,Yazio GmbH,8518.307994144596,1216.9011420206566
65d36a25d1b71b57183c27a8,Talkie,65d36866a3d8e10011925549,SUBSUP PTE. LTD.,8515.585926437365,1216.5122752053378
67f39f84b76095ec339ba448,FX Battle,605332ccfc1a6f00150aab5d,Edusystems OU,8506.12439901234,1215.1606284303343
673dcee201f19870b266002b,Little Farm Story,5fc671cbba624b0015a61bf1,Saygames LTD,8478.983909656083,1211.2834156651547
65e890a009143409c22e2531,Eureka iOS,65de2ed395c34900110d36bb,SocialLoop LLC,8475.623438882756,1210.8033484118223
678a0872a18672e70722ee72,palmplaystore,6788b18b06da640011023eaf,Transsion OEM,8472.106460936684,1210.3009229909549
677393b087298a2a13dc7d1b,Opera for Android with AI,676405dff3fa5d00114fee22,Opera Software Ireland,8470.241802646686,1210.0345432352408
69495ce058c80b13f78eff4b,Yarn Flow,60c319e160f8540017a53701,Spyke Games,8466.577348271745,1209.5110497531064
6748805c2cbb484556728dc9,tiptp1777_com-free-tiptop-vpn-proxy,6297c4bc012073001b3df035,Yandex Inc.,8441.790311051416,1205.9700444359166
62cfe9b10cf432b594de3060,Classic Spider3 ios,5bd009e27e1105796809759b,Big Cake Group Limited,8437.865798421579,1205.4093997745113
6718ca934a1ec2bd8d864e26,Mahjong Triple Club,5fe2fafd6013fb0015208652,GamoVation,8427.625984872278,1203.9465692674682
64c2648349fc2279edeb88f2,Traffic Escape,60afcdd4407e6d0018810836,Fomo Oyun Yazılım ve Pazarlama A.Ş. İstanbul İhtisas Serbest Bölge Şubesi,8427.613357106915,1203.944765300988
692d9305965aa7e90a0c05ba,Waterslide Tycoon Home Screen,5fc618102e8dd2001579b65d,App Central ltd,8423.736600103008,1203.3909428718582
5e4a53856309c20017130e48,LINE PokoPoko,5ce21c80d788b30012b31658,Treenod,8422.360497449688,1203.194356778527
60ccb4ca950f6127ef6c8e16,Pocket Champs (Android),5b5ec3e8337f272131edc824,MadBox,8420.887213454125,1202.9838876363035
68b6b11a0e4ccdf0435abc0a,BonusTV,68b15a7cc3df44b6b016cb9f,"SHORT DRAMA CO, LIMITED",8403.582260573005,1200.5117515104291
60780915a89ffffc0c0a1ed2,YouCut,561e8d976b8d90f61a003fcf,InstaShot,8389.214145212718,1198.459163601817
62227129431815d6a87ea5a4,Wordle!,5f064bf93191d60018f0fd5a,Lion Studios,8379.650470510134,1197.0929243585906
5f8f94718ed209da18d1e609,明星3缺1,58f6ca6b9c7b5e663b001460,"International Games System Co., LTD.",8374.58533796002,1196.3693339942886
65979f2c5118aef8c276344b,Nostal Solitaire,5fc0a33dcb32b5001563f9dc,AmberMobile Limited,8353.573953230069,1193.3677076042954
63e362fd4e7898566e42de21,Blossom Match - Merge Flowers,6364b12e3ad6c7001711d812,Fodream Limited,8345.631436677884,1192.2330623825549
650a64add38855ef54aaed95,Sudoku-iOS,606c7bac7a37680015801ad8,jiayou,8341.730964767226,1191.6758521096037
65ab6489388f89926d733a0a,Merge Restyle,5c99bb9a419bc70011bbebcd,"HIGGS TECHNOLOGY CO.,LIMITED",8340.555630825222,1191.507947260746
5fd720c84a9ae275930efc9e,OK캐쉬백,5fbcac40ba624b0015a61709,SKplanet,8333.797235583783,1190.5424622262547
61e8fb44a901a69d420e6b39,Sudoku-GP,606c7bac7a37680015801ad8,jiayou,8325.11229878128,1189.3017569687543
5ea35bf014514a0001c0cd9e,Harry Potter,56c3a378adccd1cb7e00000a,Zynga,8314.995059992576,1187.8564371417965
68b584d80cc4dedb7b9cfaf7,Sticker GO!,68b57bc85828fa59037e71c3,Ganko srl,8295.081751605177,1185.0116788007397
649bd676831ce850a7063831,Linked Snake,6159d295979b9a001749fd59,Supercent,8270.407079383085,1181.486725626155
66e149e6f5db8502f5a9e58f,Smart Switch,66e148cb6c51490011ca574a,Mornhouse LTD,8268.295271854908,1181.1850388364153
66accd5ae33c9a548741ed15,Find The Cat - Hidden Objects,6155ad11120d4a0017386a18,Agave Games,8260.485974363475,1180.069424909068
62d0fd8e3761ed0089d9b6b2,Ball Sort iOS,5e96c1b29704720015d9f4ae,Guru Network Limited,8258.865354026388,1179.8379077180555
59a6b687318ae8a008002f01,Word Connect v1 - iOS,561e8d946b8d90f61a0017d9,Zentertain,8251.427974840592,1178.7754249772274
5b7c5bff274f5b2f7bc47219,Twodots iOS,561e8d976b8d90f61a004735,Dots,8250.85272035962,1178.69324576566
64bddfb4f5edf073b3bd3a34,Likee_Android,64ba3523d63483001120ba5e,BIGO TECHNOLOGY PTE LTD,8223.661058885249,1174.8087226978928
5f2d0c03f503650001351c59,Water Sort Puzzle iOS,5b1f351e3eddeb10ce7fa54c,IEC Global Pty Ltd.,8212.393587033264,1173.199083861895
5797949864c72d066f000097,Mahjong Windows,579643ec6c081adf5c00004c,Microsoft Casual Games,8191.3798,1170.1971142857142
6246cd584809ec692bfde5d8,Chess Club Android,5fe2fafd6013fb0015208652,GamoVation,8180.866622163956,1168.695231737708
62c183465c7d074a7c25f80a,Survivor!.io,5af96cda0bf9c14aa04bb8a8,HABBY PTE.LTD.,8174.862649982761,1167.8375214261087
6226eb84e86004fd4e1a1277,Multiple Accounts: Dual Accounts&Parallel Space,6226eaddb6858a001bb4fb78,Parallel Space,8167.024587575844,1166.7177982251205
6486daf5ca87de90227bd02b,Cricket Line Guru,6486da2ba6bfa20014cb5d31,Brainmobi Technologies,8159.465472552705,1165.6379246503864
661213bfd4cf07f390ceb1d9,Color Oasis - Color by Number,561e8d946b8d90f61a001853,Century Games,8136.87889423129,1162.41127060447
67929fb0ac670fb86b084e2d,MONOPOLY: Bingo!,5acced705592f30a08b545e8,Clipwire Games,8129.540206521599,1161.3628866459428
6298d2b35720e2c746535acb,Match Masters iOS,6298c12ee18acf001be07064,Candivore,8059.3694408994,1151.338491557057
68f0c55c7ae17ddd8cf0aad3,SGH IOS,5ce6bee4142941540d1c9d36,Solitaire Grand Harvest,8057.942418407298,1151.1346312010426
69b169a7987039d6bdff43fa,zhouwu19894325-gmail-com_com-bluesunrise-PaperFly,6297c4bc012073001b3df035,Yandex Inc.,8026.005034191616,1146.5721477416594
679b8bf0b7c0c84dcaf1d00e,KAUCHE,679afd4877bd1c00117aaefd,"KAUCHE, Inc",8014.718681615264,1144.9598116593236
5ebc16f75ebede000128445b,Solitaire Spider GP,57d1b461ae2b57d903000027,Easybrain Ltd,7929.1583101599535,1132.736901451422
5a567a1e424992a97101387c,FC Mobile Android,561e8d936b8d90f61a0006b6,Electronic Arts,7914.688049608447,1130.6697213726352
5638fa9d45835e485b000008,Plants vs. Zombies iOS,561e8d936b8d90f61a0006b6,Electronic Arts,7903.967631194581,1129.1382330277972
67112f5c4c1e2982cf064494,Trebel Music - Android,59bbfb5389df7b9d3b000840,Trebel Music,7898.663313447317,1128.3804733496168
5e0399f7ddf7457b59f24958,Worms Zone .io - Voracious Snake,59fb487bbe77065f5800afc3,Azur Games,7891.054677754735,1127.2935253935336
5e0b2841a36fdd0017617ba5,Solitaire Android,5b975fcedc73276356309362,OAKEVER GAMES PTE LTD,7890.983158500532,1127.2833083572189
686dc94935bf0df8a13d4297,Hexa Away_And,5b69051b3a5ab61db2c22189,株式会社GOODROID,7877.867143746666,1125.4095919638096
66b0c2e2e33c9a548741f773,Epic Plane Evolution,56d55c72562b9c353800000d,Voodoo,7867.20589285336,1123.8865561219086
65ba6971285feb21006299f0,Water Sorter,619b548fc9c9c1001796f1f6,Gimica GmbH,7866.058061084235,1123.7225801548907
651439edb30c764e0a120c14,myTuner Radio,61e93624cf7a710017932586,"Appgeneration, Lda",7862.620774443252,1123.231539206179
67a71ac1ef13facef7af4716,おぢポ,67a71a4dce727c001181b80d,"ALBONA, Inc",7859.943328569428,1122.8490469384897
655462b7cf969be4de4d9eff,Color Bubble - Ball Sort Puz,5fc0a33dcb32b5001563f9dc,AmberMobile Limited,7825.83736155668,1117.9767659366685
6931c6efe2188c0df83d339b,Sand Loop,56d55c72562b9c353800000d,Voodoo,7814.268307375167,1116.324043910738
64219c789587b72e7535292a,Med iOS,64219c0480513f00143dbdc5,Match en Direct,7803.544946874128,1114.7921352677326
638ee5c8643198f9a752c1f6,Goods Sort - Match Master,6375b18dfdfa75001bf507e2,Speelead Limited,7801.19549815508,1114.45649973644
5ba8facd40a3d604346f55f8,Ludo Club - Fun Dice Game,57e3bb936c2966b53500009f,Moonfrog Labs Pvt. Ltd.,7793.101618871611,1113.300231267373
6756d6829d0f2cfb524eed56,Novus Smart Transfer,6756d5101e787500114ab99c,Novus Tech Apps PTY LTD,7792.718772421813,1113.2455389174017
5e84a5d1ce415a000187164f,Sudoku Killer iOS,57d1b461ae2b57d903000027,Easybrain Ltd,7790.647104272406,1112.9495863246295
68ef8349bea871f37200c0f0,uc browser,688b3725c446f77fe6eaaff8,UCWeb Singapore Pte Ltd,7776.588902264921,1110.9412717521316
673254d932ceed910a7d0114,Bus Craze Android,5dcf09394f6eed0018145e58,Unico Studio LLC,7758.766586524425,1108.3952266463464
666979901c5137fed0edf34e,Milk Tea iDrink Joke,62664065ca13b50011fb00a2,HIGAME Jsc,7738.110854708155,1105.4444078154506
654b71bbd1c31fd96c33fd73,We are Warriors!,6107c3b4abaef100175b9029,Lessmore UG (haftungsbeschränkt),7727.878264603949,1103.9826092291355
6705f847d4aa891a69ae00e2,BusOut_IOS_com.dino.bus.out,5ce32f41e15f77001148e36d,Zego Global Pte Ltd,7711.610600559877,1101.6586572228396
66f29d46c81241f35a61f93a,Perfect Tidy_ios,57fb4876297c8ce634000039,AbiGroup,7708.334540372112,1101.1906486245875
5d8aa790df0e0a001856d0d7,Spider ▻ Solitaire,561e8d976b8d90f61a0045d7,"PeopleFun, Inc.",7708.134790704773,1101.1621129578248
62b12c207ce32c085974b360,C1-英语-Moboreader,62a858f7348a840017e80ac5,"FUZHOU JIARUAN SOFTWARE TECHNOLOGY CO.,LTD.",7705.210151136119,1100.7443073051597
63e2269d7b1d4f56303514fb,Alarmy - Android,63c7b6b2f22ae3001457f1fb,"Delight Room Co, Ltd",7692.903850145666,1098.9862643065237
6437bbf28cbfdaf80ef2afb2,My Calendar - Period Tracker,617916e8f3ef190017a83854,Digitalchemy,7692.5918457411135,1098.9416922487305
60891c6075dd9017131842c0,Skip-Bo iOS,5b0fc58f19829714e5ad0d2f,Mattel163 Limited,7687.7191265897145,1098.2455895128164
62b12bd96894d1a44ef4d55d,C1-英语-Moboreader,62a858f7348a840017e80ac5,"FUZHOU JIARUAN SOFTWARE TECHNOLOGY CO.,LTD.",7684.31597461215,1097.7594249445929
657a0dbbcb315bc80c03f796,Wordscapes Solitaire,561e8d976b8d90f61a0045d7,"PeopleFun, Inc.",7682.642379356709,1097.5203399081013
61255f5005522425917c9138,Project Makeover,612549a07d54b700104c6ae3,"Magic Tavern, Inc.",7670.626376970976,1095.803768138711
65a782da26f437b17073e185,Ball Sort - Color Puz Game,5fc0a33dcb32b5001563f9dc,AmberMobile Limited,7666.33932279668,1095.1913318280972
697b68bda265576fe92438e3,qichen-big_com-tiptop-free-super-fast-link,6297c4bc012073001b3df035,Yandex Inc.,7662.0227044898165,1094.5746720699738
6773c110cf7851883824cdf0,Si,66c45f2c053da00011d69728,Standard Game Limited,7632.502877884175,1090.3575539834535
5bc876d889418b305edae87a,BVC iOS,5b975fcedc73276356309362,OAKEVER GAMES PTE LTD,7618.259681214906,1088.3228116021294
6409d1427175976e265c782b,Cross Math Android,5e96c1b29704720015d9f4ae,Guru Network Limited,7608.9060291766855,1086.9865755966694
5af56c332803314ab33837f0,Ball Blast,56d55c72562b9c353800000d,Voodoo,7602.469602545721,1086.06708607796
6525346160aebaee1ce37381,Number Crunch (Number Match NPC),627b73f7023d420018e2f038,Chardonnay Partners LLC,7580.217799250176,1082.8882570357393
685cf2c5ca735304e9cfe54a,Unscrew Frenzy 3D - Android,5c81002b9eeed542aa90f233,Melons HK Limited,7559.0644250002215,1079.866346428603
693964e4b92039a768f798ef,Reelife,69328e99341082cebe0ccdca,MINIFRAME PTE LTD,7555.657576066708,1079.3796537238154
67d8df6781fb2a1e3a1b5191,GoodsJam_IOS_com.ig.goods.jam,5ce32f41e15f77001148e36d,Zego Global Pte Ltd,7554.414049022072,1079.202007003153
641c54b44e8910abf4bdad7e,Pirate Treasures: Jewel & Gems,5e072f709b72ee0018763bc3,TAPCLAP,7525.849532497516,1075.1213617853593
68c1356a121da3ce64d86a25,Sticker.ly - iOS,63c7b6b2f22ae3001457f1fb,"Delight Room Co, Ltd",7512.654970781465,1073.236424397352
686b7735cb668db5fcb4894c,Wool Saga 3D,6364b12e3ad6c7001711d812,Fodream Limited,7502.184866699624,1071.7406952428034
6284a850442dce6cae1615e8,Fillword iOS,561e8d936b8d90f61a0013cf,IP Timoshkov,7496.540135745412,1070.9343051064875
610ccc6c9c3ae14ea4312862,Get Color - Water Sort Puzzle,5c05196699e4374b87bda3b9,Tripledot Studios,7492.170947183274,1070.3101353118961
66469fc26e3e372b114a92e3,LINEウォーク,5efeed113191d60018f0f4e0,LY Corporation,7479.943006360911,1068.5632866229873
69a337c63630b752386bb689,StepUp iOS,69a33528e458622da39fd9d8,StepUp App,7463.284860390689,1066.183551484384
5255b961b39f75841900000e,My Talking Tom - appstore,561e8d946b8d90f61a001509,Outfit7,7451.467859652775,1064.4954085218249
65defd197855ae2db35269a7,Bricks Breaker Quest,561e8d976b8d90f61a00418f,Mobirix Corp.,7445.298935358501,1063.614133622643
5fa43a77959e8551bb20d2be,Domino!,57d2eef0e719d7871d00006e,Flyclops LLC,7440.460613986217,1062.922944855174
688763635f7b35e31f065854,BMC_Monster Clear_GP,646dd642f8642700116df383,Jewel,7436.558699173217,1062.3655284533168
61b6a422eba60866d9666610,CB_iOS,561e8d976b8d90f61a003e81,SpinX Games Limited (in use),7412.611814915246,1058.9445449878924
61f943f8445469a5aa7e6663,Baby In Yellow,61f942f0ba92d00017cd7a43,Team Terrible,7385.194757491431,1055.0278224987758
534b34f7b240b36e180000a0,Private Photo Vault,561e8d946b8d90f61a001541,Legendary Software Labs LLC,7385.039672505795,1055.005667500828
65a909094b4b5121d92d9993,Aged_Solitaire_IOS,5fc7301f7a7f0200153979c7,Aged Studio Limited,7353.990158757826,1050.5700226796894
69707f4073c0a231fff79686,Dootchi安卓,6940fbf7aa92acbac5362ff8,"Correa Pallet, Inc",7351.878340997726,1050.2683344282466
68527792e9b47688840edfd7,seamobi-dev-gmail-com_con-hotspot-vpn-free-master,6297c4bc012073001b3df035,Yandex Inc.,7343.217686214825,1049.0310980306892
604efa9b34395e0dc2003e85,DWG FastView iOS,604ec2ae5a93950016a63fdd,"Gstarsoft Co.,ltd",7325.352634998359,1046.4789478569085
58c6e853459cc56b6a000153,CodyCross: A New Crossword Experience,561e8d976b8d90f61a003d3f,Fanatee Games,7316.398782852599,1045.1998261217998
62dbbd2d0292f74d5c09177d,C4-BestNovel,62a858f7348a840017e80ac5,"FUZHOU JIARUAN SOFTWARE TECHNOLOGY CO.,LTD.",7303.758445505864,1043.3940636436948
60994b96c5d1524132e8e1a7,Mob Control,56d55c72562b9c353800000d,Voodoo,7303.458649560646,1043.351235651521
5cdbfb879ccc2b001243c996,Snake.io,561e8d946b8d90f61a00170a,Kooapps Inc.,7284.670585328258,1040.6672264754654
680c5cfd2568b8f33495d0e2,whoo,680b0906f615890011048c59,LinQ inc,7266.165539681429,1038.0236485259186
67d822559323fd56d1497c95,FFB_Fruit Blast_GP,646dd642f8642700116df383,Jewel,7253.117738668939,1036.1596769527055
5b8903545ea5db50e8fba901,Merge Dragons!,561e8d976b8d90f61a003d96,Gram Games,7243.554654125518,1034.793522017931
5ba20b6db9cb8e04476e4c7d,Ludo Club - Fun Dice Game,57e3bb936c2966b53500009f,Moonfrog Labs Pvt. Ltd.,7235.881484980024,1033.6973549971462
696dec9ed4ba143db905dfe3,Dootchi iOS,6940fbf7aa92acbac5362ff8,"Correa Pallet, Inc",7227.98208412222,1032.568869160317
620a06000b6dd752967c9c1b,2723_Shoot Bubble,573c1e4c69d550c903000024,"LeYoo,Inc.",7227.795468637549,1032.542209805364
5e4a532a9c67e900177fb109,LINE PokoPoko,5ce21c80d788b30012b31658,Treenod,7226.153654732145,1032.3076649617349
593fb6104e118dfd71002055,June's Journey (iOS),561e8d936b8d90f61a00059f,Wooga,7219.932660098351,1031.4189514426216
6391efd28b0dbf18b5386177,all down,638b3f012fb066001b8262d1,AtlasV,7191.383842913723,1027.3405489876748
6843dd2bc37f0030bec9c932,V380,67e22d64b039580011378f33,"Guangzhou Hongshi information Technology Co., Ltd.",7190.923909405169,1027.2748442007385
64ec93e338e5f4adf8260b18,Word Seekers,619b548fc9c9c1001796f1f6,Gimica GmbH,7185.506681786726,1026.500954540961
650c7d4548832e941ea4a1d0,Everyday Puzzles,561e8d976b8d90f61a003d3f,Fanatee Games,7184.719399126703,1026.388485589529
64a73307830ec394da009431,Empires & Puzzles,56c3a378adccd1cb7e00000a,Zynga,7158.255643147833,1022.607949021119
6474be286a13011e433c1653,Dancing Drums,61ee5ec8116f5000175d745b,SciPlay,7152.079494292252,1021.7256420417503
661d567d3b493c22d404b24a,Color Widgets,661d55e1a81a0e0011db7a84,"Digital Charms, Inc.",7144.440145362571,1020.6343064803672
69cc8eba8a916d2a3115713b,8555-Shanghai Mahjongg Puzzle,696df09b3eafeed3e7b21d7e,GlowMind Tech Limited,7124.1129384443375,1017.7304197777624
669e8af6787c69775be1056f,Tile Match Ultimate,619b548fc9c9c1001796f1f6,Gimica GmbH,7118.2731768810545,1016.896168125865
676cf694eeca080cadc58d16,Yi IoT-安卓,673afd953fa40700118c0ff2,Kami (HK) Limited,7118.081527159016,1016.8687895941451
606f7f2232316bc6b225c578,Android Bubble Shooter,561e8d936b8d90f61a000455,Mobility Ware,7111.688343463977,1015.9554776377109
5a38466a6f858d3b0c005c7d,"Tagged -Chill, Chat & Go Live!",5a1aede25cc4979d7400c935,The Meet Group,7076.62583513154,1010.9465478759342
6278efc2dbdc9ece34f3c0f4,Gallery,6278dcc4c6ef5800188dbe1e,Photo Gallery Tools,7068.099794324104,1009.7285420463005
677ece00d85b8663adee1240,Blockbuster,619b548fc9c9c1001796f1f6,Gimica GmbH,7058.09797960681,1008.2997113724015
685eae0ea49e6497f395dba1,yuechao-ma_com-free-app-open-lite,6297c4bc012073001b3df035,Yandex Inc.,7057.992688065753,1008.284669723679
68d40d4f63e6cee0292ae24b,T-Mobile Play,643d1561e09b08001442e672,Sliide,7029.851223805369,1004.2644605436242
68fb9bbf7f709b69e4128604,Brick blast GP,57d1b461ae2b57d903000027,Easybrain Ltd,7027.353280418456,1003.9076114883509
