lookup_key,adomain,daily_spend
temu.com,temu.com,919603.4227
tiktok.com,tiktok.com,210888.5988
grand.gs,grand.gs,112809.1528
king.com,king.com,106347.7328
dreamgames.com,dreamgames.com,84733.2876
lessmore.games,lessmore.games,76825.9753
snap.com,snap.com,60228.1823
revolut.com,revolut.com,58121.484
apple.com,apple.com,42441.9729
freecash.com,freecash.com,39877.102
global.e.mi.com,global.e.mi.com,32047.4217
creditkarma.com,creditkarma.com,31925.4751
scopely.com,scopely.com,31007.3029
amazon.com,amazon.com,30753.7486
centurygame.com,centurygame.com,27073.8559
doordash.com,doordash.com,26407.2966
crowncoinscasino.com,crowncoinscasino.com,25756.5274
betboom.ru,betboom.ru,24296.2416
casino.draftkings.com,casino.draftkings.com,22389.2849
aliexpress.com,aliexpress.com,21080.0194
esim.holafly.com,esim.holafly.com,20989.2842
shopee.com.br,shopee.com.br,20969.1217
mercadolibre.com,mercadolibre.com,19721.6823
modo.us,modo.us,19257.96
booking.com,booking.com,18425.9464
vitastudio.ai,vitastudio.ai,18201.2006
nianticlabs.com,nianticlabs.com,17907.8769
productmadness.com,productmadness.com,17701.3183
shopee.co.id,shopee.co.id,17149.3076
shopee.com,shopee.com,17116.7031
binance.com,binance.com,16793.5833
robinhood.com,robinhood.com,16450.6693
coupang.com,coupang.com,16301.5486
shein.com,shein.com,15929.9594
hungrystudio.com,hungrystudio.com,15785.0485
polymarket.com,polymarket.com,15263.2003
loomgames.com,loomgames.com,14928.1701
papayagaming.com,papayagaming.com,14832.6807
mexc.com,mexc.com,14699.9256
draftkings.com,draftkings.com,14184.0704
spark.net,spark.net,14163.7528
cloudfront.net,cloudfront.net,13946.1054
googll.store,googll.store,13898.3949
kalshi.com,kalshi.com,12767.9101
betty.ca,betty.ca,12332.0481
com.mergegame.icookie,com.mergegame.icookie,12318.9056
yandex.ru,yandex.ru,12308.7331
zynga.com,zynga.com,12244.8929
playrix.com,playrix.com,12153.6305
oakevergames.com,oakevergames.com,11853.0704
courtyard.io,courtyard.io,11821.193
gls.com,gls.com,11768.9468
shopee.com.my,shopee.com.my,11721.0404
playtika.com,playtika.com,11005.37
bigo.tv,bigo.tv,10800.8272
supercell.com,supercell.com,10781.0905
kwai.com,kwai.com,10673.2944
chimebank.com,chimebank.com,10112.1322
getyourguide.com,getyourguide.com,9831.5508
candycrushsaga.com,candycrushsaga.com,9811.7792
hplconsultingltd.com,hplconsultingltd.com,9558.7692
mintegral.com,mintegral.com,9263.4877
prizepicks.com,prizepicks.com,8979.9539
igg.com,igg.com,8847.8205
click.2deliverynetworks.com,click.2deliverynetworks.com,8814.8429
tango.me,tango.me,8757.8192
goodluckstudioltd.com,goodluckstudioltd.com,8709.2829
rakuten.co.jp,rakuten.co.jp,8531.7971
walmart.com,walmart.com,8147.0805
shopee.ph,shopee.ph,8008.0221
realplayltd.com,realplayltd.com,7949.7119
cyphergames.com,cyphergames.com,7889.5281
melbet.com,melbet.com,7875.9244
uber.com,uber.com,7589.1463
brani888.com,Brani888.com,7469.4339
xm.com,xm.com,7295.5335
google.com,google.com,6784.2991
shopee.vn,shopee.vn,6733.7751
otto.de,otto.de,6616.8878
jackpotcity.com,jackpotcity.com,6608.1176
mobilityware.com,mobilityware.com,6578.3744
superplay.co,superplay.co,6419.5567
aviagames.com,aviagames.com,6387.7338
centurygames.com,centurygames.com,6228.1756
activision.com,activision.com,6191.6527
dave.com,dave.com,6146.8949
pinterest.com,pinterest.com,6080.5432
cg.net,cg.net,6002.6006
pocket7games.com,pocket7games.com,5860.8179
moonactive.com,moonactive.com,5855.4161
mico.com,mico.com,5775.1079
globalcc.top,globalcc.top,5681.5416
dhgate.com,dhgate.com,5648.2188
squareup.com,squareup.com,5630.4493
okex.com,okex.com,5601.9145
experian.com,experian.com,5588.0713
ligastavok.ru,ligastavok.ru,5504.1076
com.wudi,com.wudi,5497.1067
microfun.com,microfun.com,5413.9945
rovio.com,rovio.com,5192.1663
candycrushsodasaga.com,candycrushsodasaga.com,5182.5859
casinoplus.com.ph,casinoplus.com.ph,5174.1897
timee.co.jp,timee.co.jp,5140.3703
gotdragonfire.com,gotdragonfire.com,4901.7228
lbhit939.top,lbhit939.top,4847.6945
alibaba.com,alibaba.com,4762.9394
jet2holidays.com,jet2holidays.com,4670.6335
it-trendex.com,it-trendex.com,4668.9574
coppel.com,coppel.com,4643.7862
agoda.com,agoda.com,4636.7094
rollicgames.com,rollicgames.com,4599.7723
snowprintstudios.com,snowprintstudios.com,4556.8692
32red.com,32red.com,4547.5225
gu55.us,gu55.us,4505.3146
mistplay.com,mistplay.com,4496.8715
casino.betway.com,casino.betway.com,4461.7168
moneylion.com,moneylion.com,4447.2689
samsung.com,samsung.com,4409.8569
pari.ru,pari.ru,4386.4219
higgsgame.com,higgsgame.com,4313.9133
bestplay.app,Bestplay.app,4301.7358
wudi360.com,wudi360.com,4219.6666
justplayapps.com,justplayapps.com,4202.935
playdogsoft.com,playdogsoft.com,4188.0627
homes.com,homes.com,4177.6237
onelink.shein.com,onelink.shein.com,4166.8485
com.fatmerge,com.fatmerge,4139.0335
sportsbook.draftkings.com,sportsbook.draftkings.com,4078.6384
grantcash.com,grantcash.com,3981.6286
higgsgames.com,higgsgames.com,3981.2437
com.games,com.games,3927.4541
trendyol.com,trendyol.com,3914.5866
peak.com,peak.com,3878.1604
mf.cola,mf.cola,3853.5875
betmaster.com.mx,betmaster.com.mx,3851.0363
pf1hh5eg3gi8iz8h.com,pf1hh5eg3gi8iz8h.com,3823.6642
goeuro.com,goeuro.com,3822.8902
devsisters.com,devsisters.com,3805.8693
metacoregames.com,metacoregames.com,3752.5232
apps.rustore.ru,apps.rustore.ru,3751.2031
jp.co.rakuten.android,jp.co.rakuten.android,3723.8267
higgs.dominoislandgame.com,higgs.dominoislandgame.com,3721.7874
funstage.com,funstage.com,3718.0377
help.supercellsupport.com,help.supercellsupport.com,3716.2909
mercadolivre.com.br,mercadolivre.com.br,3699.6506
amazon.co.uk,amazon.co.uk,3680.2714
playojo.com,playojo.com,3670.6679
okx.com,okx.com,3592.4084
ea.com,ea.com,3573.9529
sinsay.com,sinsay.com,3569.9577
pokemongolive.com,pokemongolive.com,3550.4385
turo.com,turo.com,3496.0474
juno-beauty-pe.com,juno-beauty-pe.com,3491.4936
opera.com,opera.com,3466.78
capital.com,capital.com,3410.077
pkrbet0.com,pkrbet0.com,3385.2653
axlebolt.com,axlebolt.com,3381.5351
j188.help,j188.help,3349.9823
fanatics.com,fanatics.com,3346.7247
mercadolibre.com.mx,mercadolibre.com.mx,3310.2689
org.nustaronline.games,org.nustaronline.games,3244.0448
bonprix.de,bonprix.de,3211.6029
zzkko.com,zzkko.com,3121.3274
ahamo.com,ahamo.com,3113.7392
fxpro.com,fxpro.com,3088.3211
com.wb.hotd.socialstrategy,com.wb.hotd.socialstrategy,3067.6829
cargurus.com,cargurus.com,3067.1647
s.click.aliexpress.com,s.click.aliexpress.com,3062.5038
twomerge.com,twomerge.com,3004.0743
polymarket.us,polymarket.us,2983.4051
amazon.de,amazon.de,2932.6109
magnit.ru,magnit.ru,2908.9855
triumpharcade.com,triumpharcade.com,2898.7044
rotatelab.com,rotatelab.com,2893.1692
amazon.it,amazon.it,2882.9569
fonbet.ru,fonbet.ru,2878.3633
kashkick.com,kashkick.com,2834.5292
sportmaster.ru,sportmaster.ru,2789.4518
66pk8888.com,66pk8888.com,2785.2389
shopee.co.th,shopee.co.th,2779.1126
facebook.com,facebook.com,2745.5979
sporty.bet,sporty.bet,2737.9863
fanaticsinc.com,fanaticsinc.com,2721.4932
voodoo.io,voodoo.io,2720.5271
evamobi.com,evamobi.com,2711.3135
superlive.chat,superlive.chat,2681.984
com.newleaf,com.newleaf,2634.2932
winline.ru,winline.ru,2600.4303
crazylabs.com,crazylabs.com,2597.7999
jeulover.com,jeulover.com,2596.911
c6.com,c6.com,2592.6871
yahoo.co.jp,yahoo.co.jp,2586.7003
29h77.com,29h77.com,2567.027
aipushok.com,aipushok.com,2561.744
modmingletech.com,modmingletech.com,2561.2632
nestleusa.com,nestleusa.com,2553.3007
selflender.com,selflender.com,2550.904
governorofpoker.com,governorofpoker.com,2545.7613
smallgiantgames.com,smallgiantgames.com,2523.7199
1q198dzp.com,1q198dzp.com,2504.3479
dropbox.com,dropbox.com,2499.042
candywriter.com,candywriter.com,2491.3088
pandasofcaribbean.com,pandasofcaribbean.com,2477.9166
zzzz2233.com,zzzz2233.com,2442.8635
linkedin.com,linkedin.com,2382.0142
didiglobal.com,didiglobal.com,2372.0348
philips.com,philips.com,2366.9449
scorewarrior.com,scorewarrior.com,2347.3274
duolingo.com,duolingo.com,2332.049
ca.sugarbush.jackpotcity,ca.sugarbush.jackpotcity,2324.2671
carfax.com,carfax.com,2310.307
doubledowninteractive.com,doubledowninteractive.com,2300.0355
omio.com,omio.com,2293.8393
shopee.sg,shopee.sg,2288.7316
jackpotjoy.com,jackpotjoy.com,2269.8997
ibotta.com,ibotta.com,2259.2704
k0q5.h8g6w5r.com,k0q5.h8g6w5r.com,2240.9457
grammarly.com,grammarly.com,2216.9673
lamoda.ru,lamoda.ru,2216.1659
fon.bet,fon.bet,2206.6327
com.playmate.playzone,com.playmate.playzone,2199.7565
roletapixbr.com,roletapixbr.com,2191.3692
virgingames.com,virgingames.com,2181.3683
royal.dominoislandgame.com,royal.dominoislandgame.com,2177.9019
winpot.mx,winpot.mx,2167.5038
com.godlike,com.godlike,2166.6969
fl8mz79i.com,fl8mz79i.com,2151.9832
bears-with-benefits.com,bears-with-benefits.com,2138.1177
pixonic.com,pixonic.com,2115.4253
zeroogravitygames.com,zeroogravitygames.com,2111.3511
redirecionamentobrr2.com,redirecionamentobrr2.com,2085.4115
chime.com,chime.com,2073.6482
bitso.com,bitso.com,2064.3737
mattel163.com,mattel163.com,2057.0115
exmox.com,exmox.com,2030.95
pandora.com,pandora.com,2021.2341
gravypass.com,gravypass.com,2019.9609
scientificgames.com,scientificgames.com,2019.394
classpass.com,classpass.com,2019.0733
snoggle.app,snoggle.app,2019.0165
joycastle.mobi,joycastle.mobi,2016.2323
drugvokrug.ru,drugvokrug.ru,1981.0073
ajaib88ku.net,ajaib88ku.net,1964.2972
seamoney.com,seamoney.com,1953.7756
casino.on.betmgm.ca,casino.on.betmgm.ca,1949.4482
amazon.co.jp,amazon.co.jp,1935.7537
neteasegames.com,neteasegames.com,1922.7402
luckyday.com,luckyday.com,1922.0716
crypto.com,crypto.com,1918.5403
onyx-odds.com,onyx-odds.com,1909.8052
betano.bet,betano.bet,1901.8046
betway.com,betway.com,1896.3289
clinique.com,clinique.com,1884.4882
momox.biz,momox.biz,1876.3432
0494984.com,0494984.com,1862.4884
triumph.gg,triumph.gg,1853.0844
shopee.tw,shopee.tw,1848.1916
matchingham.gs,matchingham.gs,1840.8982
betvictor.com,betvictor.com,1820.763
app-central.com,app-central.com,1819.1019
trill.ugc.android.ss.com,trill.ugc.android.ss.com,1818.982
bolegames.com,bolegames.com,1811.51
alltrails.com,alltrails.com,1799.2217
whoop.com,whoop.com,1798.3923
images.9234423.com,images.9234423.com,1797.3936
g5e.com,g5e.com,1789.5725
income.reward.play.games.fun.free.money.earn.real.lucky.play.com,income.reward.play.games.fun.free.money.earn.real.lucky.play.com,1787.6649
r05prvs.com,r05prvs.com,1766.8863
amazon.fr,amazon.fr,1760.1551
badam.mobi,badam.mobi,1749.6635
lazada.com,lazada.com,1739.233
rent.com,rent.com,1721.6956
pg.com,pg.com,1703.6407
underdogfantasy.com,underdogfantasy.com,1699.7842
clove.jp,clove.jp,1694.1522
ice.bet.br,ice.bet.br,1690.1942
magazineluiza.com.br,magazineluiza.com.br,1682.8246
megabonanza.com,megabonanza.com,1671.1254
11029984.com,11029984.com,1663.171
autodoc.co.uk,autodoc.co.uk,1662.4356
supersonic.com,supersonic.com,1643.7858
nexon.net,nexon.net,1643.5411
shop.tiktok.com,shop.tiktok.com,1642.3295
redfin.com,redfin.com,1642.219
learnings.ai,learnings.ai,1641.3901
55m666.com,55m666.com,1635.6108
1xbet.com,1xbet.com,1634.5926
sciplay.com,sciplay.com,1630.1617
goldapple.ru,goldapple.ru,1619.8948
instagram.com,instagram.com,1619.504
hollandandbarrett.com,hollandandbarrett.com,1616.4547
saily.com,saily.com,1606.8692
protocol.9z-play.com,protocol.9z-play.com,1600.0221
lastasylum.com,lastasylum.com,1598.8508
6746437378,6746437378,1593.0897
supercell.net,supercell.net,1592.5383
luckios.com,luckios.com,1592.387
lp.chocozap.jp,lp.chocozap.jp,1585.0542
ticktackinteractive.com,ticktackinteractive.com,1584.4872
nike.com,nike.com,1582.6192
ivymobile.com,ivymobile.com,1582.5823
supercent.io,supercent.io,1579.1361
kindpatches.com,kindpatches.com,1565.7179
p7fa76856.xyz,p7fa76856.xyz,1564.2003
jy39ff3i7.com,jy39ff3i7.com,1551.0171
myntra.com,myntra.com,1547.4912
playdemic.com,playdemic.com,1542.4404
bravestars.com,bravestars.com,1531.943
wooga.com,wooga.com,1528.379
lovoo.com,lovoo.com,1520.1837
gimica.com,gimica.com,1516.1557
jjwin3.com,jjwin3.com,1515.0227
playsimple.in,playsimple.in,1501.2029
www.aliexpress.com,www.aliexpress.com,1500.7619
sportzino.com,sportzino.com,1489.9772
y8w8.x9j8b3u.com,y8w8.x9j8b3u.com,1486.4889
plarium.com,plarium.com,1484.3076
99f222.com,99f222.com,1483.9717
lemanapro.ru,lemanapro.ru,1481.3998
ptbaranggas.com,ptbaranggas.com,1477.8794
easybrain.com,easybrain.com,1477.6803
hardrock.bet,hardrock.bet,1470.8927
fasterserve.com,fasterserve.com,1466.9962
caliente.mx,caliente.mx,1459.9388
majority.com,majority.com,1458.9934
letsplayuno.com,letsplayuno.com,1448.0037
farfetch.com,farfetch.com,1425.491
bancoazteca.com.mx,bancoazteca.com.mx,1423.6432
goodroid.co.jp,goodroid.co.jp,1404.5725
z28.breghd.com,z28.breghd.com,1402.3384
callapp.com,callapp.com,1400.7554
crazymaplestudios.com,crazymaplestudios.com,1398.6218
com.mico,com.mico,1396.234
promotioninmotion.com,promotioninmotion.com,1394.5742
lg.com,lg.com,1390.1444
joinautopilot.com,joinautopilot.com,1389.5943
seagamefun.com,seagamefun.com,1388.9387
paramountplus.com,paramountplus.com,1387.9938
f111bd.com,f111bd.com,1378.1101
sezzle.com,sezzle.com,1377.3615
admiralcasino.co.uk,admiralcasino.co.uk,1377.1079
paramount.com,paramount.com,1376.0099
stargames.de,stargames.de,1370.4062
candivore.io,candivore.io,1358.1169
webtoons.com,webtoons.com,1356.6972
gameduell.com,gameduell.com,1350.8624
yazio.com,yazio.com,1331.4663
mars.com,mars.com,1325.5653
starbucks.com,starbucks.com,1312.7969
wbd.com,wbd.com,1311.943
baitoru.com,baitoru.com,1311.4683
666d.life,666d.life,1310.8885
superbet.bet.br,superbet.bet.br,1310.5969
unibet.co.uk,unibet.co.uk,1302.5255
solitairecash.com,solitairecash.com,1302.3277
com.kiwifun,com.kiwifun,1291.2912
111percent.net,111percent.net,1284.9627
com.neoparty,com.neoparty,1275.5798
vx6lno91huq88.com,vx6lno91huq88.com,1269.7965
goodville.me,goodville.me,1264.1059
hungerstation.com,hungerstation.com,1263.8356
topgamesinc.com,topgamesinc.com,1263.541
display.cjonstyle.com,display.cjonstyle.com,1262.8764
vk21ii2.com,vk21ii2.com,1252.2502
playstudios.com,playstudios.com,1251.8228
actionfit.kr,actionfit.kr,1251.34
allegro.pl,allegro.pl,1249.9606
onmgsim3f.com,onmgsim3f.com,1247.2071
houseoffun.com,houseoffun.com,1244.2932
4399.com,4399.com,1242.3453
peacocktv.com,peacocktv.com,1239.72
yesplay.bet,yesplay.bet,1232.5174
vip.oiytrexz.hair,vip.oiytrexz.hair,1227.1933
zomato.com,zomato.com,1227.1607
help.axlebolt.com,help.axlebolt.com,1226.1809
mirdomovyat.ru,mirdomovyat.ru,1224.6455
trip.com,trip.com,1214.4925
baseballhits.com,baseballhits.com,1210.7295
fattha.com,fattha.com,1210.2916
archpin.co.kr,archpin.co.kr,1209.4976
amazon.ca,amazon.ca,1204.2374
happymeal.com,happymeal.com,1202.6473
bytedance.com,bytedance.com,1199.1664
helenoftroy.com,helenoftroy.com,1193.8023
serasaexperian.com.br,serasaexperian.com.br,1187.4842
avito.ru,avito.ru,1186.4079
didi.com,Didi.com,1180.8151
amazon.es,amazon.es,1180.6525
jjwin.net,jjwin.net,1175.995
netconsumerguide.com,netconsumerguide.com,1172.3707
network.mobile.rakuten.co.jp,network.mobile.rakuten.co.jp,1171.9947
super.com,super.com,1169.3752
amazon.com.br,amazon.com.br,1157.3542
vertexgames.net,vertexgames.net,1157.1783
bingoblitz.com,bingoblitz.com,1156.4668
acebet.com,acebet.com,1148.9456
textnow.com,textnow.com,1145.309
fonbet.kz,fonbet.kz,1142.3985
behefun.com,behefun.com,1135.3933
papaya.com,papaya.com,1134.8093
funplus.com,funplus.com,1133.431
huuugegames.com,huuugegames.com,1132.846
mediaexpert.pl,mediaexpert.pl,1131.9355
nordvpn.com,Nordvpn.com,1130.9597
baba-entertainment.com,baba-entertainment.com,1128.9388
huntingsniper.games,huntingsniper.games,1127.383
gu55.vip,gu55.vip,1123.8688
yasesugi.store,yasesugi.store,1121.4387
mgmplus.com,mgmplus.com,1112.2499
6744304405,6744304405,1110.913
boo.world,boo.world,1107.8901
hoteltonight.com,hoteltonight.com,1107.4841
jackpotcity.ca,jackpotcity.ca,1106.6891
pulsegames.org,pulsegames.org,1104.4335
bradesco.com.br,bradesco.com.br,1102.9162
biagrosa.com,biagrosa.com,1097.1891
zegostudio.com,zegostudio.com,1096.8363
snoonu.com,snoonu.com,1092.1955
azurgames.com,azurgames.com,1092.0314
9234423.com,9234423.com,1089.9545
royalcanin.com,royalcanin.com,1087.688
serasa.com,serasa.com,1085.4154
id.higgsroyaldream.com,id.higgsroyaldream.com,1084.2849
raidshadowlegends.com,raidshadowlegends.com,1081.3968
tbank.ru,tbank.ru,1079.6958
nutrafol.com,nutrafol.com,1075.8968
casumo.com,casumo.com,1075.3129
next.co.uk,next.co.uk,1072.5222
gains.com,gains.com,1063.721
olleyo.com,olleyo.com,1060.9693
lilo.mf-stat.online,lilo.mf-stat.online,1060.7609
com.driti,com.driti,1060.7087
zeta-ai.io,zeta-ai.io,1058.4987
olymptrade.com,olymptrade.com,1057.1613
jp.trip.com,jp.trip.com,1056.204
nexters.com,nexters.com,1055.0856
evgo.com,evgo.com,1051.0478
shopify.com,shopify.com,1050.6971
jusymygame.github.io,jusymygame.github.io,1049.4215
levi.com,levi.com,1047.8493
888casino.com,888casino.com,1046.1819
goldennugget.com,goldennugget.com,1044.8467
gsupport.zrrglobal.com,gsupport.zrrglobal.com,1043.2006
tr.okx.com,tr.okx.com,1036.0966
magmatic.games,magmatic.games,1029.4019
nutrivossen.com,nutrivossen.com,1029.1776
track.linknexapro.com,track.linknexapro.com,1028.3898
yologamestudios.com,yologamestudios.com,1027.9425
higame.com.vn,higame.com.vn,1027.8626
tonybet.com,tonybet.com,1023.8234
krafton.com,krafton.com,1022.2083
4861166.com,4861166.com,1019.1562
joom.ru,joom.ru,1014.6149
peakgames.net,peakgames.net,1013.2012
joom.com,joom.com,1011.6865
golden-hoyeah.com,golden-hoyeah.com,1007.4842
xbox.com,xbox.com,1006.9555
com.cerveceriamodelo.modelonow,com.cerveceriamodelo.modelonow,1006.1268
camelgames.com,camelgames.com,1002.9955
e56dteb.com,e56dteb.com,992.9128
fonbet.by,fonbet.by,983.7501
paters.jp,paters.jp,972.6642
standardpuzzle.com,standardpuzzle.com,971.7962
priceline.com,priceline.com,968.0096
falcongames.com,falcongames.com,963.8152
etoro.com,etoro.com,961.9528
mindscaplay.com,mindscaplay.com,959.9065
185949949.com,185949949.com,959.4488
tsum.ru,tsum.ru,953.7206
com.toki,com.toki,952.7527
afoavpsdiuvnds.website,afoavpsdiuvnds.website,950.8776
1028live.com,1028live.com,949.8035
murka.com,murka.com,946.6787
svipclubapp.net,svipclubapp.net,946.3452
nexon.com,nexon.com,942.1852
megawayscasino.com,megawayscasino.com,938.9766
trading212.com,trading212.com,938.1867
miniclip.com,miniclip.com,936.8506
wonderpeople.com,wonderpeople.com,935.454
ya.ru,ya.ru,931.3832
traveloka.com,traveloka.com,929.6899
instacart.com,instacart.com,926.4207
lego.us,lego.us,924.5673
solitairesmash.com,solitairesmash.com,921.981
williamsinteractive.com,williamsinteractive.com,918.7617
flo.health,flo.health,918.3454
amanotes.com,amanotes.com,917.6325
bubadu.com,bubadu.com,914.5136
mmygame.org,mmygame.org,911.7112
redirecionamentobr3.com,redirecionamentobr3.com,910.8315
spinxgames.com,spinxgames.com,909.188
huuuge.com,huuuge.com,908.3799
casino.borgataonline.com,casino.borgataonline.com,906.9032
novibet.com,novibet.com,906.647
pari-apk.ru,pari-apk.ru,903.5672
victoryapp0.top,victoryapp0.top,903.3559
wolt.com,wolt.com,898.0903
tokopedia.com,tokopedia.com,893.9889
wedobest.com.cn,wedobest.com.cn,893.6961
musically.zhiliaoapp.com,musically.zhiliaoapp.com,891.7206
foodpanda.com,foodpanda.com,890.961
policies.warnerbros.com,policies.warnerbros.com,889.7503
blockout.cc,blockout.cc,888.5918
roblox.com,roblox.com,887.661
wise.com,wise.com,886.4084
revolve.com,revolve.com,883.758
amblegame.ltd,amblegame.ltd,879.9692
auto.ru,auto.ru,879.6987
fashionnova.com,fashionnova.com,878.3201
rynatcapital.com,rynatcapital.com,876.9736
harrypotterhogwartsmystery.com,harrypotterhogwartsmystery.com,874.9572
download1xbet.com,download1xbet.com,869.5021
whif.io,whif.io,869.113
ciciai.com,ciciai.com,866.9275
sportybet.com,sportybet.com,860.7418
perplexity.ai,perplexity.ai,847.4898
com.tigo,com.tigo,846.3259
bgm777.vip,bgm777.vip,844.6078
stone.com,stone.com,844.3866
newpub.co,newpub.co,842.125
x855.us,x855.us,841.2341
com.diamonds,com.diamonds,840.8546
blinkit.com,blinkit.com,838.2456
android.rakuten.co.jp,android.rakuten.co.jp,833.6449
pgb40.top,pgb40.top,833.5497
vpko7t.com,vpko7t.com,831.6449
345win.cc,345win.cc,823.9674
igs.com.tw,igs.com.tw,823.9461
gelighting.com,gelighting.com,818.8701
djgame.co,djgame.co,818.1914
varomoney.com,varomoney.com,816.3603
gu55.my,gu55.my,815.9209
akedo.gg,akedo.gg,815.4152
magnacorvus.ai,magnacorvus.ai,814.2049
dyson.com,dyson.com,813.1851
belbet.by,belbet.by,813.0671
emag.ro,emag.ro,811.7378
ar.shein.com,ar.shein.com,810.6719
playvalve.com,playvalve.com,810.3373
novig.com,novig.com,809.586
keeta-global.com,keeta-global.com,808.0318
afterpay.com,afterpay.com,804.0682
truecaller.com,truecaller.com,800.0453
leroymerlin.ru,leroymerlin.ru,797.3865
foodvisor.io,foodvisor.io,797.2356
coral.co.uk,coral.co.uk,795.8614
uk.trip.com,uk.trip.com,788.9917
c6bank.com.br,c6bank.com.br,785.1681
konami.com,konami.com,783.8102
toptop.jp,toptop.jp,780.8251
prom.ua,prom.ua,778.3351
30842.vip,30842.vip,776.7743
mirrorofember.com,mirrorofember.com,775.5838
playuzu.com,playuzu.com,775.0826
iherb.com,iherb.com,774.1419
se7engamestudio.com,se7engamestudio.com,773.4158
shop.wellaray.com,shop.wellaray.com,771.5517
falabella.cl,falabella.cl,769.9819
cathaypacific.com,cathaypacific.com,763.8715
caitech.co.jp,caitech.co.jp,763.7899
affufasexygame.com,affufasexygame.com,763.44
afxocimvswd.site,afxocimvswd.site,763.2465
dabble.com,dabble.com,762.9131
philips.de,philips.de,757.9614
play.monopolycasino.com,play.monopolycasino.com,755.5903
latamairlines.com,latamairlines.com,755.3734
pkr98.bet,pkr98.bet,755.3317
zzkko.com.zzkko,zzkko.com.zzkko,754.0507
pangugameglobal.com,pangugameglobal.com,752.3314
empfohlen.de,empfohlen.de,745.5885
bestsecret.com,bestsecret.com,744.1908
bonprix.nl,bonprix.nl,743.3846
yandex.com,yandex.com,742.3216
doubletapp.ai,doubletapp.ai,735.0457
softyshield.com,softyshield.com,733.7921
mcdonalds.co.uk,mcdonalds.co.uk,732.8553
hepsiburada.com,hepsiburada.com,729.5233
sports.on.betmgm.ca,sports.on.betmgm.ca,725.6562
mexloan.elaworld.com,mexloan.elaworld.com,724.9868
zendesk.com,zendesk.com,724.2977
com.entropy,com.entropy,720.6439
com.storymatrix.drama,com.storymatrix.drama,720.0657
oisix.com,oisix.com,719.3997
supertreat.net,supertreat.net,711.7452
drama.worldance.com,drama.worldance.com,710.315
vnuteam.store,vnuteam.store,705.7955
whalejoy.net,whalejoy.net,705.2909
g777app.com,g777app.com,704.6609
duracell.com,duracell.com,703.9687
comegamehub.com,comegamehub.com,702.9495
gdsgog.xyz,gdsgog.xyz,699.6559
gloria-jeans.ru,gloria-jeans.ru,697.6497
pokemongo.nianticlabs.com,pokemongo.nianticlabs.com,696.5299
play.google.com,play.google.com,696.1453
tripledotstudios.com,tripledotstudios.com,694.8972
whitebit.com,whitebit.com,694.2145
falabella.com.co,falabella.com.co,693.9179
swagbucks.com,swagbucks.com,692.8775
chewy.com,chewy.com,692.795
e-food.gr,e-food.gr,691.7889
phantom.com,phantom.com,689.1294
zaymer.ru,zaymer.ru,680.127
klook.com,klook.com,678.9234
redken.com,redken.com,678.3313
indrive.com,indrive.com,678.2595
traderepublic.com,traderepublic.com,677.7283
sb-slimore.service-info.jp,sb-slimore.service-info.jp,677.0936
com.chato,com.chato,674.2292
solitairegrandharvest.com,solitairegrandharvest.com,671.885
6566176181,6566176181,671.3745
travel.yandex.ru,travel.yandex.ru,671.0157
sports.nj.betmgm.com,sports.nj.betmgm.com,670.2495
bagelcode.com,bagelcode.com,668.3841
say.games,say.games,667.7972
supercent.com,supercent.com,667.6057
beton.ua,beton.ua,666.3342
toingit.com,toingit.com,665.4512
letsgooo.com,letsgooo.com,665.412
poly-casino.com,poly-casino.com,664.585
stake.com,stake.com,662.0364
clorox.com,clorox.com,662.0121
sb-valan-pan9.service-info.jp,sb-valan-pan9.service-info.jp,661.4337
cepsubesi.garanti.com,cepsubesi.garanti.com,657.4491
syfe.com,syfe.com,654.8252
koboiku.click,koboiku.click,654.0222
abigames.com.vn,abigames.com.vn,653.6485
acorns.com,acorns.com,652.4416
bounce.com.vn,bounce.com.vn,651.2911
innogames.com,innogames.com,650.3686
cedargamestudio.com,cedargamestudio.com,648.4533
fetchrewards.com,fetchrewards.com,647.6249
www.amzboxlucky.com,www.amzboxlucky.com,647.5442
caliente.com,caliente.com,647.2028
doubleucasino.com,doubleucasino.com,646.1092
global.app.mi.com,global.app.mi.com,644.4927
com.funplus,com.funplus,644.1449
www.tryemsense.com,www.tryemsense.com,643.0777
vkusvill.ru,vkusvill.ru,642.0233
www.alibabagroup.com,www.alibabagroup.com,638.6808
playuzu.es,playuzu.es,636.3323
com.shopee.id,com.shopee.id,636.0365
dd10win.com,dd10win.com,636.0311
amzn.to,amzn.to,635.7708
doodlemobile.com,doodlemobile.com,634.9228
baur.de,baur.de,633.2453
xanhsm.com,xanhsm.com,630.7946
thingsbook.com,thingsbook.com,629.2265
watersort.gurugame.ai,watersort.gurugame.ai,628.1301
self.inc,self.inc,628.0171
therockapp.com,therockapp.com,627.3768
top.vpnsakti.com,top.vpnsakti.com,623.944
slotomania.com,slotomania.com,622.7624
ymq715k.com,ymq715k.com,622.1961
actionfit.co.kr,actionfit.co.kr,621.5804
mohegansun.com,mohegansun.com,621.2896
glimmerjoy.net,glimmerjoy.net,621.227
therewardinglocker2.com,therewardinglocker2.com,616.0452
bwin.es,bwin.es,615.5756
gpassport.zenithwalker.com,gpassport.zenithwalker.com,615.5278
go-jek.com,go-jek.com,614.1368
getyourguide.es,getyourguide.es,613.8693
goplaycom.com,goplaycom.com,613.3972
bacanaplay.com,bacanaplay.com,612.9328
naturesway.com,naturesway.com,610.2821
audible.com,audible.com,609.1745
com.curly,com.curly,608.5761
com.zroute.global,com.zroute.global,608.0566
y38teu38.com,y38teu38.com,606.9594
ozon.ru,ozon.ru,606.8392
dailyinnovation.biz,dailyinnovation.biz,606.3756
bissell.com,bissell.com,606.3044
generalmills.com,generalmills.com,606.1298
mytaxi.com,mytaxi.com,606.1275
bidease.com,bidease.com,605.4549
com.pearl,com.pearl,604.4954
chumbacasino.com,chumbacasino.com,604.4526
esupplements.com,esupplements.com,604.2634
defense.tower.run.com,defense.tower.run.com,601.8382
kikoff.com,kikoff.com,600.7671
jarwanapp.com,jarwanapp.com,599.4756
bosbosgames.com,bosbosgames.com,595.4815
gpassport.zrrglobal.com,gpassport.zrrglobal.com,595.0833
coinbase.com,coinbase.com,594.9265
sams.com.mx,sams.com.mx,594.1677
speak.com,speak.com,594.0358
delimobil.ru,delimobil.ru,592.2294
umamusume.com,umamusume.com,590.697
saalt.com,saalt.com,589.9608
hepsiburada.pozitron.com,hepsiburada.pozitron.com,588.7758
fungames-forfree.com,fungames-forfree.com,587.7212
dominioaprovadobr8.com,dominioaprovadobr8.com,587.2096
2gis.ae,2gis.ae,587.2078
lazada.co.th,lazada.co.th,586.6745
mcanvas.com,mcanvas.com,585.2877
com.doki,com.doki,585.1172
helpx.adobe.com,helpx.adobe.com,584.2633
admiralbet.es,admiralbet.es,583.7745
eobuwie.com.pl,eobuwie.com.pl,582.7469
ninjatrader.com,ninjatrader.com,582.6548
ajio.com,ajio.com,580.9454
br.shopee.com,br.shopee.com,579.7553
vetniquelabs.com,vetniquelabs.com,578.498
expressvpn.com,expressvpn.com,578.3711
haegin.kr,haegin.kr,574.1448
americangirl.com,americangirl.com,572.1524
beymen.com,beymen.com,572.0976
cian.ru,cian.ru,571.2423
indshoping.com,indshoping.com,571.175
huawei.com,huawei.com,570.5976
meuponline.com,meuponline.com,568.9635
byoma.com,byoma.com,565.8214
lottoland.co.uk,lottoland.co.uk,565.6674
trustedconsumervoice.com,trustedconsumervoice.com,563.7032
hoff.ru,hoff.ru,563.2577
shopee.id,shopee.id,562.0183
lazada.com.ph,lazada.com.ph,560.66
huuugecasino.com,huuugecasino.com,559.6477
play.cewdf.xyz,play.cewdf.xyz,557.5561
lingokids.com,lingokids.com,557.5459
takealot.com,takealot.com,557.0612
mcdonalds.com,mcdonalds.com,554.9779
wildberries.ru,wildberries.ru,554.5801
cars.com,cars.com,554.5359
casino.nj.betmgm.com,casino.nj.betmgm.com,553.9088
freeplay.io,freeplay.io,553.0642
sports.ladbrokes.com,sports.ladbrokes.com,552.6113
slotscity.ua,slotscity.ua,550.5301
trendyol.sa,trendyol.sa,550.3122
pokerstars.com,pokerstars.com,548.7707
ichiba.rakuten.co.jp,ichiba.rakuten.co.jp,547.8686
higgsgameparty.com,higgsgameparty.com,547.7319
globoplay.globo.com,globoplay.globo.com,547.2516
puprime.com,puprime.com,546.5149
premierprotein.com,premierprotein.com,545.5717
esteelauder.com,esteelauder.com,545.2171
apps.apple.com,apps.apple.com,541.9312
arlo.com,arlo.com,541.1609
lavazza.com,lavazza.com,541.1218
sb-veil.discover-news.tokyo,sb-veil.discover-news.tokyo,541.1113
idealista.it,idealista.it,539.9598
com.winaxis.arionplayandroidapp,com.winaxis.arionplayandroidapp,539.2217
hp.com,hp.com,539.0837
corp.supercent.io,corp.supercent.io,538.9749
stockity.id,stockity.id,538.9583
bingocash.com,bingocash.com,538.1334
laneige.com,laneige.com,538.0835
capcut.com,capcut.com,536.5474
privacypolicies.com,privacypolicies.com,535.5778
tv.kukufm.com,tv.kukufm.com,535.3645
amazon.com.mx,amazon.com.mx,535.2994
7e1qnod2.com,7e1qnod2.com,533.0767
platacard.mx,platacard.mx,532.6842
gojek.io,gojek.io,530.0905
grab.com,grab.com,529.6955
cloverhit.top,cloverhit.top,529.4101
rainbow1.xyz,rainbow1.xyz,526.6053
mazdausa.com,mazdausa.com,526.2859
shopping.naver.com,shopping.naver.com,526.272
ostrovok.ru,ostrovok.ru,525.7402
mixbook.com,mixbook.com,524.5023
sutochno.ru,sutochno.ru,521.7666
7mq2xk9.com,7mq2xk9.com,521.5809
kiddopia.com,kiddopia.com,521.2334
ko.7xkngee.com,ko.7xkngee.com,520.8897
cropp.com,cropp.com,520.7326
mobile.mexcglobal.www,mobile.mexcglobal.www,520.2781
firedragongame.com,firedragongame.com,518.2244
moboreader.com,moboreader.com,517.6633
britbox.com,britbox.com,517.2771
klab.com,klab.com,517.0007
dabble.com.au,dabble.com.au,515.2519
healthycell.com,healthycell.com,514.9037
bonprix.fr,bonprix.fr,514.3204
qatarairways.com,qatarairways.com,514.0577
games.atlasreality.com,games.atlasreality.com,512.577
homagames.com,homagames.com,512.3002
moultrie.com,moultrie.com,512.1944
doubledowncasino.com,doubledowncasino.com,511.5686
youtube.com,youtube.com,511.2091
betrivers.com,betrivers.com,509.7689
mrbit.ro,mrbit.ro,509.0401
foodpanda.hk,foodpanda.hk,508.4138
jacklinks.com,jacklinks.com,508.0159
bidease.com_150625,bidease.com_150625,507.4403
bralyvn.com,bralyvn.com,507.349
dodobrands.io,dodobrands.io,505.2335
345win6.com,345win6.com,505.0589
comcast.com,comcast.com,501.3309
fuseboxgames.com,fuseboxgames.com,501.2345
step.com,step.com,500.7034
note.com,note.com,500.3386
privacy.twomerge.com,privacy.twomerge.com,500.3307
