account_id,blocked_categories
5b975fcedc73276356309362,"[""V1-1"", ""V1-11"", ""V1-12"", ""V1-13"", ""V1-14"", ""V1-2"", ""V1-4"", ""V1-5"", ""V1-6"", ""V1-7"", ""V1-9"", ""V2-11"", ""V2-13"", ""V2-15"", ""V2-16"", ""V2-21""]"
561e8d936b8d90f61a000455,"[""V1-1"", ""V1-10"", ""V1-11"", ""V1-12"", ""V1-13"", ""V1-14"", ""V1-2"", ""V1-4"", ""V1-5"", ""V1-7"", ""V1-9"", ""V2-13"", ""V2-18"", ""V2-2"", ""V2-21"", ""V2-3""]"
57d1b461ae2b57d903000027,"[""V1-1"", ""V1-10"", ""V1-11"", ""V1-12"", ""V1-13"", ""V1-14"", ""V1-2"", ""V1-4"", ""V1-5"", ""V1-6"", ""V1-7"", ""V1-9"", ""V2-15"", ""V2-21"", ""V2-3""]"
622b9915ac4bf1001715b790,"[""V1-1"", ""V1-10"", ""V1-11"", ""V1-12"", ""V1-13"", ""V1-14"", ""V1-2"", ""V1-4"", ""V1-5"", ""V1-6"", ""V1-9"", ""V2-21"", ""V2-3""]"
6297c4bc012073001b3df035,"[""V1-1"", ""V1-10"", ""V1-11"", ""V1-12"", ""V1-13"", ""V1-14"", ""V1-2"", ""V1-4"", ""V1-5"", ""V1-9""]"
67c01767cc8ae200116e5d00,"[""V1-1"", ""V1-10"", ""V1-11"", ""V1-12"", ""V1-13"", ""V1-14"", ""V1-2"", ""V1-4"", ""V1-5"", ""V1-6"", ""V1-7"", ""V1-9""]"
6107c3b4abaef100175b9029,"[""V1-1"", ""V1-10"", ""V1-11"", ""V1-12"", ""V1-13"", ""V1-14"", ""V1-2"", ""V1-4"", ""V1-5"", ""V1-6"", ""V1-7"", ""V1-9"", ""V2-16""]"
575d1c861295e1447c0000e5,"[""V1-1"", ""V1-10"", ""V1-11"", ""V1-12"", ""V1-13"", ""V1-14"", ""V1-2"", ""V1-4"", ""V1-5"", ""V1-9""]"
5c05196699e4374b87bda3b9,"[""V1-1"", ""V1-10"", ""V1-11"", ""V1-12"", ""V1-13"", ""V1-14"", ""V1-2"", ""V1-4"", ""V1-5"", ""V1-9"", ""V2-1"", ""V2-16"", ""V2-21""]"
56c3a378adccd1cb7e00000a,"[""V1-1"", ""V1-10"", ""V1-11"", ""V1-12"", ""V1-13"", ""V1-14"", ""V1-2"", ""V1-4"", ""V1-5"", ""V1-9""]"
67b5bff30471850011443643,"[""V1-1"", ""V1-10"", ""V1-11"", ""V1-12"", ""V1-13"", ""V1-14"", ""V1-2"", ""V1-4"", ""V1-5"", ""V1-7"", ""V1-9""]"
69379d46192ce0aadaecc874,"[""V1-1"", ""V1-10"", ""V1-11"", ""V1-12"", ""V1-13"", ""V1-14"", ""V1-2"", ""V1-4"", ""V1-5"", ""V1-7"", ""V1-9""]"
68799f38babc2000110fe539,"[""V1-1"", ""V1-10"", ""V1-11"", ""V1-12"", ""V1-13"", ""V1-14"", ""V1-2"", ""V1-4"", ""V1-5"", ""V1-6"", ""V1-7"", ""V1-9"", ""V2-13"", ""V2-14"", ""V2-15"", ""V2-16"", ""V2-17"", ""V2-18"", ""V2-19"", ""V2-21"", ""V2-3"", ""V2-4""]"
59baf611f2287a750a0034c2,"[""V1-1"", ""V1-11"", ""V1-13"", ""V1-14"", ""V1-2"", ""V1-3"", ""V1-5"", ""V1-7"", ""V1-9"", ""V2-13""]"
650360eb0950ee00114dc484,"[""V1-1"", ""V1-10"", ""V1-11"", ""V1-12"", ""V1-13"", ""V1-14"", ""V1-2"", ""V1-4"", ""V1-5"", ""V1-9"", ""V2-16""]"
579643ec6c081adf5c00004c,"[""V1-1"", ""V1-10"", ""V1-11"", ""V1-12"", ""V1-13"", ""V1-14"", ""V1-2"", ""V1-4"", ""V1-5"", ""V1-7"", ""V1-9"", ""V2-11"", ""V2-13"", ""V2-16"", ""V2-21"", ""V2-3""]"
622a3f10c690c40013e4728e,"[""V1-1"", ""V1-10"", ""V1-11"", ""V1-12"", ""V1-13"", ""V1-14"", ""V1-2"", ""V1-4"", ""V1-5"", ""V1-9""]"
561e8d976b8d90f61a0045d7,"[""V1-1"", ""V1-10"", ""V1-11"", ""V1-12"", ""V1-13"", ""V1-14"", ""V1-2"", ""V1-4"", ""V1-5"", ""V1-9"", ""V2-12"", ""V2-13"", ""V2-14"", ""V2-15"", ""V2-17"", ""V2-18"", ""V2-19"", ""V2-21"", ""V2-3"", ""V2-5"", ""V2-8""]"
685efaf2892f9d0011d7b87f,"[""V1-1"", ""V1-10"", ""V1-11"", ""V1-12"", ""V1-13"", ""V1-14"", ""V1-2"", ""V1-4"", ""V1-5"", ""V1-6"", ""V1-7"", ""V1-9"", ""V2-16""]"
698a6771eea67583ba0bada3,"[""V1-1"", ""V1-10"", ""V1-11"", ""V1-12"", ""V1-13"", ""V1-14"", ""V1-2"", ""V1-4"", ""V1-5"", ""V1-7"", ""V1-9""]"
56d55c72562b9c353800000d,"[""V1-1"", ""V1-10"", ""V1-11"", ""V1-12"", ""V1-13"", ""V1-14"", ""V1-2"", ""V1-4"", ""V1-5"", ""V1-7"", ""V1-9"", ""V2-11"", ""V2-16""]"
5b2aad55ec47af23be0124fc,"[""V1-11"", ""V1-14"", ""V1-4"", ""V1-7"", ""V2-16""]"
658a2fc2ab2b4800112923f1,"[""V1-1"", ""V1-10"", ""V1-11"", ""V1-13"", ""V1-14"", ""V1-2"", ""V1-4"", ""V1-5"", ""V1-7"", ""V1-9"", ""V2-11"", ""V2-12"", ""V2-16"", ""V2-3""]"
6247027c20721a0018bb6528,"[""V1-13"", ""V1-14"", ""V1-4""]"
5fc671cbba624b0015a61bf1,"[""V1-1"", ""V1-10"", ""V1-11"", ""V1-12"", ""V1-14"", ""V1-2"", ""V1-4"", ""V1-5"", ""V1-7""]"
64afadea4da41800114faaeb,"[""V1-1"", ""V1-10"", ""V1-11"", ""V1-12"", ""V1-13"", ""V1-14"", ""V1-2"", ""V1-4"", ""V1-5"", ""V1-7"", ""V1-9""]"
66f36da16f113e0011999ff8,"[""V1-1"", ""V1-10"", ""V1-11"", ""V1-12"", ""V1-13"", ""V1-14"", ""V1-2"", ""V1-4"", ""V1-5"", ""V1-6"", ""V1-7"", ""V1-9"", ""V2-11"", ""V2-16""]"
5d3a5de9ddc71000189c7a84,"[""V1-11"", ""V1-13"", ""V1-14"", ""V1-2"", ""V1-6""]"
568b8cb3bb2089a80600000a,"[""V1-1"", ""V1-10"", ""V1-11"", ""V1-12"", ""V1-13"", ""V1-14"", ""V1-2"", ""V1-4"", ""V1-5"", ""V1-9""]"
5e96c1b29704720015d9f4ae,"[""V1-10"", ""V1-12"", ""V1-14"", ""V1-9""]"
5b1526a7de961d3317b1d475,"[""V1-1"", ""V1-10"", ""V1-11"", ""V1-12"", ""V1-13"", ""V1-14"", ""V1-2"", ""V1-4"", ""V1-5"", ""V1-6"", ""V1-7"", ""V1-9"", ""V2-13"", ""V2-14"", ""V2-16"", ""V2-18"", ""V2-21"", ""V2-9""]"
67e22d64b039580011378f33,"[""V1-1"", ""V1-10"", ""V1-11"", ""V1-12"", ""V1-13"", ""V1-14"", ""V1-2"", ""V1-4"", ""V1-5"", ""V1-7"", ""V1-9""]"
670cfa366f113e00119a799f,"[""V1-1"", ""V1-10"", ""V1-11"", ""V1-12"", ""V1-13"", ""V1-14"", ""V1-2"", ""V1-4"", ""V1-5"", ""V1-6"", ""V1-7"", ""V1-9"", ""V2-1"", ""V2-11"", ""V2-16"", ""V2-21""]"
561e8d966b8d90f61a0033c4,"[""V1-1"", ""V1-10"", ""V1-11"", ""V1-12"", ""V1-13"", ""V1-14"", ""V1-2"", ""V1-4"", ""V1-5"", ""V1-6"", ""V1-7"", ""V1-9"", ""V2-13"", ""V2-16"", ""V2-19"", ""V2-21"", ""V2-3""]"
674d6cfd2f5be200113e4217,"[""V1-1"", ""V1-10"", ""V1-11"", ""V1-12"", ""V1-13"", ""V1-14"", ""V1-2"", ""V1-4"", ""V1-5"", ""V1-7"", ""V1-9""]"
6862932aaff9d800114174ac,"[""V1-1"", ""V1-10"", ""V1-11"", ""V1-12"", ""V1-13"", ""V1-14"", ""V1-2"", ""V1-4"", ""V1-5"", ""V1-7"", ""V1-9""]"
66d6b6896f113e001198b89c,"[""V1-1"", ""V1-10"", ""V1-11"", ""V1-12"", ""V1-13"", ""V1-14"", ""V1-2"", ""V1-4"", ""V1-5"", ""V1-7"", ""V1-9""]"
619b548fc9c9c1001796f1f6,"[""V1-1"", ""V1-10"", ""V1-11"", ""V1-12"", ""V1-14"", ""V1-2"", ""V1-5"", ""V1-7"", ""V1-9""]"
668545a239a54a0011299e6e,"[""V1-1"", ""V1-10"", ""V1-11"", ""V1-12"", ""V1-13"", ""V1-14"", ""V1-2"", ""V1-4"", ""V1-5"", ""V1-7"", ""V1-9"", ""V2-16""]"
5f064bf93191d60018f0fd5a,"[""V1-1"", ""V1-10"", ""V1-11"", ""V1-12"", ""V1-13"", ""V1-14"", ""V1-2"", ""V1-4"", ""V1-5"", ""V1-9"", ""V2-21""]"
5d76031d57ec4f0017743734,"[""V1-14"", ""V1-7""]"
6021599b8b3e5600159fcc76,"[""V1-1"", ""V1-10"", ""V1-11"", ""V1-12"", ""V1-13"", ""V1-14"", ""V1-2"", ""V1-4"", ""V1-5"", ""V1-9""]"
684c3af4806ba9001147f9cd,"[""V1-13"", ""V1-14"", ""V1-4"", ""V1-6"", ""V1-9"", ""V2-16""]"
67d0848db62d6b0011ccb35e,"[""V1-1"", ""V1-10"", ""V1-11"", ""V1-12"", ""V1-13"", ""V1-14"", ""V1-2"", ""V1-4"", ""V1-5"", ""V1-6"", ""V1-7"", ""V1-9"", ""V2-1"", ""V2-10"", ""V2-12"", ""V2-13"", ""V2-14"", ""V2-15"", ""V2-16"", ""V2-17"", ""V2-18"", ""V2-2"", ""V2-21"", ""V2-3"", ""V2-5"", ""V2-8"", ""V2-9""]"
5fc618102e8dd2001579b65d,"[""V1-1"", ""V1-10"", ""V1-11"", ""V1-12"", ""V1-13"", ""V1-14"", ""V1-2"", ""V1-4"", ""V1-5"", ""V1-9""]"
68ed0a0c4cac2a9dc3250a10,"[""V1-1"", ""V1-11"", ""V1-12"", ""V1-13"", ""V1-14"", ""V1-2"", ""V1-4"", ""V1-5"", ""V1-7"", ""V1-9"", ""V2-16"", ""V2-2"", ""V2-3""]"
65f02b00af81650011344521,"[""V1-1"", ""V1-10"", ""V1-11"", ""V1-12"", ""V1-13"", ""V1-14"", ""V1-2"", ""V1-4"", ""V1-5"", ""V1-7"", ""V1-9""]"
6649f6de557b6e0011539536,"[""V1-1"", ""V1-10"", ""V1-11"", ""V1-12"", ""V1-13"", ""V1-14"", ""V1-2"", ""V1-4"", ""V1-5"", ""V1-7"", ""V1-9""]"
634d301fa3774b001b7c0dbc,"[""V1-1"", ""V1-10"", ""V1-11"", ""V1-12"", ""V1-13"", ""V1-14"", ""V1-2"", ""V1-4"", ""V1-5"", ""V1-7"", ""V1-9""]"
64c3551f1e5137001122d418,"[""V1-13"", ""V1-3"", ""V1-6""]"
62b9ac4282628b001b5ab74a,"[""V1-1"", ""V1-10"", ""V1-11"", ""V1-12"", ""V1-13"", ""V1-14"", ""V1-2"", ""V1-4"", ""V1-5"", ""V1-9""]"
5fe2fafd6013fb0015208652,"[""V1-13"", ""V1-14""]"
5af5b8f9e408f136156e7cae,"[""V1-1"", ""V1-10"", ""V1-11"", ""V1-12"", ""V1-13"", ""V1-14"", ""V1-2"", ""V1-4"", ""V1-5"", ""V1-9"", ""V2-2""]"
5b69051b3a5ab61db2c22189,"[""V1-1"", ""V1-10"", ""V1-11"", ""V1-12"", ""V1-13"", ""V1-14"", ""V1-2"", ""V1-4"", ""V1-5"", ""V1-7"", ""V1-9""]"
629f58df585252001b83d5f1,"[""V1-1"", ""V1-10"", ""V1-11"", ""V1-12"", ""V1-13"", ""V1-14"", ""V1-2"", ""V1-4"", ""V1-5"", ""V1-6"", ""V1-7"", ""V1-9"", ""V2-1"", ""V2-12"", ""V2-13"", ""V2-15"", ""V2-16"", ""V2-21"", ""V2-5"", ""V2-9""]"
66bf1c62ddea6f0011b313a9,"[""V1-1"", ""V1-10"", ""V1-11"", ""V1-12"", ""V1-13"", ""V1-14"", ""V1-2"", ""V1-4"", ""V1-5"", ""V1-7"", ""V1-9""]"
63f725cfaa034900149db38c,"[""V1-1"", ""V1-10"", ""V1-11"", ""V1-12"", ""V1-13"", ""V1-14"", ""V1-2"", ""V1-5"", ""V1-6"", ""V1-7"", ""V1-9"", ""V2-1"", ""V2-13"", ""V2-17"", ""V2-21""]"
58737456236d8f446400071c,"[""V1-1"", ""V1-13""]"
5aafdd4a0520357fabf54aa6,"[""V1-1"", ""V1-10"", ""V1-11"", ""V1-12"", ""V1-13"", ""V1-14"", ""V1-2"", ""V1-4"", ""V1-5"", ""V1-6"", ""V1-7"", ""V1-9"", ""V2-16""]"
561e8d966b8d90f61a003414,"[""V1-1"", ""V1-10"", ""V1-11"", ""V1-12"", ""V1-13"", ""V1-14"", ""V1-2"", ""V1-4"", ""V1-5"", ""V1-7"", ""V1-9"", ""V2-15"", ""V2-21"", ""V2-3"", ""V2-5""]"
6920858f3fcd392133e22a59,"[""V1-1"", ""V1-10"", ""V1-11"", ""V1-12"", ""V1-13"", ""V1-14"", ""V1-2"", ""V1-4"", ""V1-5"", ""V1-6"", ""V1-7"", ""V1-9"", ""V2-11"", ""V2-15"", ""V2-16"", ""V2-3""]"
65532f6b6cdf5900118d1f51,"[""V1-14"", ""V1-6"", ""V2-15""]"
5bccfdfc02937a3064660fb7,"[""V1-1"", ""V1-10"", ""V1-11"", ""V1-12"", ""V1-13"", ""V1-14"", ""V1-2"", ""V1-4"", ""V1-5"", ""V1-9""]"
64803209bfd9aa0011593484,"[""V1-1"", ""V1-10"", ""V1-13"", ""V1-14"", ""V1-2"", ""V1-5""]"
59e4bb543f0fa9a20900afa3,"[""V1-1"", ""V1-10"", ""V1-11"", ""V1-12"", ""V1-13"", ""V1-14"", ""V1-2"", ""V1-4"", ""V1-5"", ""V1-7"", ""V1-9""]"
561e8d936b8d90f61a000ade,"[""V1-13"", ""V1-14"", ""V1-6""]"
561e8d946b8d90f61a001509,"[""V1-1"", ""V1-10"", ""V1-11"", ""V1-12"", ""V1-13"", ""V1-14"", ""V1-2"", ""V1-4"", ""V1-5"", ""V1-7"", ""V1-9""]"
664e27f28ffbbf0011f1d3b8,"[""V1-13"", ""V1-14""]"
6570788bee73b50011dbb6f6,"[""V1-1"", ""V1-10"", ""V1-11"", ""V1-12"", ""V1-13"", ""V1-14"", ""V1-2"", ""V1-4"", ""V1-5"", ""V1-9"", ""V2-11"", ""V2-16"", ""V2-21""]"
5f73ab8ec84db80016b354bb,"[""V1-10"", ""V1-11"", ""V1-12"", ""V1-13"", ""V1-14"", ""V1-2"", ""V1-4"", ""V1-5"", ""V1-7"", ""V1-9""]"
5ce32f41e15f77001148e36d,"[""V1-1"", ""V1-10"", ""V1-11"", ""V1-12"", ""V1-13"", ""V1-14"", ""V1-2"", ""V1-4"", ""V1-5"", ""V1-9""]"
561e8d926b8d90f61a00013e,"[""V1-13"", ""V1-14""]"
638badabfc61bb001443e715,"[""V1-1"", ""V1-10"", ""V1-11"", ""V1-12"", ""V1-13"", ""V1-14"", ""V1-2"", ""V1-4"", ""V1-5"", ""V1-7"", ""V1-9""]"
69c2321c4bae0d5981c00b17,"[""V1-1"", ""V1-10"", ""V1-11"", ""V1-12"", ""V1-13"", ""V1-14"", ""V1-2"", ""V1-4"", ""V1-5"", ""V1-7"", ""V1-9""]"
561e8d976b8d90f61a00418e,"[""V1-1"", ""V1-10"", ""V1-11"", ""V1-12"", ""V1-13"", ""V1-14"", ""V1-2"", ""V1-4"", ""V1-5"", ""V1-7"", ""V1-9"", ""V2-16""]"
5a57133a3610bbb671016ff3,"[""V1-1"", ""V1-10"", ""V1-11"", ""V1-12"", ""V1-13"", ""V1-14"", ""V1-2"", ""V1-3"", ""V1-4"", ""V1-5"", ""V1-6"", ""V1-7"", ""V1-9"", ""V2-21""]"
68fa0d672fef766b2dac5f75,"[""V1-1"", ""V1-10"", ""V1-11"", ""V1-12"", ""V1-13"", ""V1-14"", ""V1-2"", ""V1-4"", ""V1-5"", ""V1-7"", ""V1-9""]"
5bb6123fa4ae3604537ad781,"[""V1-1"", ""V1-13"", ""V1-14""]"
58b91be73e5caab04b000296,"[""V1-1"", ""V1-10"", ""V1-11"", ""V1-12"", ""V1-13"", ""V1-14"", ""V1-2"", ""V1-4"", ""V1-5"", ""V1-9""]"
683bc1bb4c15ca0011ad2b91,"[""V1-1"", ""V1-10"", ""V1-11"", ""V1-12"", ""V1-13"", ""V1-14"", ""V1-2"", ""V1-4"", ""V1-5"", ""V1-7"", ""V1-9""]"
5b0fc58f19829714e5ad0d2f,"[""V1-1"", ""V1-11"", ""V1-12"", ""V1-13"", ""V1-14"", ""V1-2"", ""V1-4"", ""V1-5"", ""V1-6"", ""V1-7"", ""V1-9"", ""V2-1"", ""V2-10"", ""V2-11"", ""V2-13"", ""V2-16"", ""V2-17"", ""V2-18"", ""V2-21"", ""V2-3""]"
67b5b2c077bd1c00117b9adc,"[""V1-1"", ""V1-10"", ""V1-11"", ""V1-12"", ""V1-13"", ""V1-14"", ""V1-2"", ""V1-4"", ""V1-5"", ""V1-6"", ""V1-9""]"
5af2ae1e0f25612233aa2819,"[""V1-1"", ""V1-10"", ""V1-11"", ""V1-12"", ""V1-13"", ""V1-14"", ""V1-2"", ""V1-4"", ""V1-5"", ""V1-9""]"
607d46752ca90f00153876e8,"[""V1-1"", ""V1-10"", ""V1-13"", ""V1-14"", ""V1-4"", ""V1-9""]"
64075f57d6da1900141e5aba,"[""V1-1"", ""V1-10"", ""V1-11"", ""V1-12"", ""V1-13"", ""V1-14"", ""V1-2"", ""V1-4"", ""V1-5"", ""V1-6"", ""V1-7"", ""V1-9"", ""V2-16"", ""V2-3"", ""V2-5""]"
561e8d936b8d90f61a0014d2,"[""V1-1"", ""V1-10"", ""V1-11"", ""V1-12"", ""V1-13"", ""V1-14"", ""V1-2"", ""V1-4"", ""V1-5"", ""V1-9"", ""V2-21""]"
622f25f89bc0cb0014c6c06f,"[""V1-1"", ""V1-10"", ""V1-11"", ""V1-12"", ""V1-13"", ""V1-14"", ""V1-2"", ""V1-4"", ""V1-5"", ""V1-9""]"
5f687c6436ca1e0016d5fd6d,"[""V1-1"", ""V1-10"", ""V1-11"", ""V1-12"", ""V1-13"", ""V1-14"", ""V1-2"", ""V1-4"", ""V1-5"", ""V1-6"", ""V1-9""]"
697702c10199fcad0554f955,"[""V1-1"", ""V1-10"", ""V1-11"", ""V1-12"", ""V1-13"", ""V1-14"", ""V1-2"", ""V1-4"", ""V1-5"", ""V1-7"", ""V1-9""]"
561e8d946b8d90f61a002087,"[""V1-1"", ""V1-10"", ""V1-11"", ""V1-12"", ""V1-13"", ""V1-14"", ""V1-2"", ""V1-4"", ""V1-5"", ""V1-7"", ""V1-9"", ""V2-16"", ""V2-21""]"
561e8d976b8d90f61a003fcf,"[""V1-1"", ""V1-12"", ""V1-13"", ""V1-14"", ""V1-2"", ""V1-3"", ""V1-5"", ""V1-7"", ""V1-9"", ""V2-16"", ""V2-3""]"
68b15a7cc3df44b6b016cb9f,"[""V1-1"", ""V1-10"", ""V1-11"", ""V1-12"", ""V1-13"", ""V1-14"", ""V1-2"", ""V1-4"", ""V1-5"", ""V1-7"", ""V1-9""]"
655c62f25942160011cb5305,"[""V1-1"", ""V1-10"", ""V1-11"", ""V1-12"", ""V1-13"", ""V1-14"", ""V1-2"", ""V1-4"", ""V1-5"", ""V1-9""]"
561e8d936b8d90f61a0006b6,"[""V1-1"", ""V1-10"", ""V1-11"", ""V1-12"", ""V1-13"", ""V1-14"", ""V1-2"", ""V1-4"", ""V1-5"", ""V1-6"", ""V1-9"", ""V2-3""]"
6698b45b60e2ea00114aa807,"[""V1-1"", ""V1-10"", ""V1-11"", ""V1-12"", ""V1-13"", ""V1-14"", ""V1-2"", ""V1-4"", ""V1-5"", ""V1-9"", ""V2-16""]"
56b2844d24342c3622000032,"[""V1-1"", ""V1-10"", ""V1-11"", ""V1-12"", ""V1-13"", ""V1-14"", ""V1-2"", ""V1-4"", ""V1-5"", ""V1-6"", ""V1-9""]"
59650c95a4e548f217000ead,"[""V1-1"", ""V1-10"", ""V1-11"", ""V1-12"", ""V1-13"", ""V1-14"", ""V1-2"", ""V1-4"", ""V1-5"", ""V1-9""]"
69a816c2814b9fb75404bc85,"[""V1-1"", ""V1-10"", ""V1-11"", ""V1-12"", ""V1-13"", ""V1-14"", ""V1-2"", ""V1-5"", ""V1-9""]"
5efeed113191d60018f0f4e0,"[""V1-1"", ""V1-10"", ""V1-11"", ""V1-12"", ""V1-13"", ""V1-14"", ""V1-2"", ""V1-4"", ""V1-5"", ""V1-6"", ""V1-9"", ""V2-13""]"
624fcf9241887a0018618c00,"[""V1-1"", ""V1-10"", ""V1-11"", ""V1-12"", ""V1-13"", ""V1-14"", ""V1-2"", ""V1-4"", ""V1-5"", ""V1-9""]"
62f4b9c1a0cd3e00172cfe1c,"[""V1-1"", ""V1-10"", ""V1-11"", ""V1-12"", ""V1-13"", ""V1-14"", ""V1-2"", ""V1-4"", ""V1-5"", ""V1-7"", ""V1-9""]"
63c7b6b2f22ae3001457f1fb,"[""V1-1"", ""V1-10"", ""V1-11"", ""V1-12"", ""V1-13"", ""V1-14"", ""V1-2"", ""V1-4"", ""V1-5"", ""V1-9""]"
6276c973f70e7c001895be79,"[""V1-1"", ""V1-10"", ""V1-11"", ""V1-12"", ""V1-13"", ""V1-14"", ""V1-2"", ""V1-4"", ""V1-5"", ""V1-6"", ""V1-9"", ""V2-16""]"
6641b3748ffbbf0011f15c05,"[""V1-1"", ""V1-10"", ""V1-11"", ""V1-12"", ""V1-13"", ""V1-14"", ""V1-2"", ""V1-4"", ""V1-5"", ""V1-7"", ""V1-9""]"
5c52bd6ffbeb402419bef87d,"[""V1-10"", ""V1-13"", ""V1-14"", ""V1-2"", ""V1-4"", ""V1-6"", ""V2-16"", ""V2-3""]"
696df09b3eafeed3e7b21d7e,"[""V1-1"", ""V1-10"", ""V1-11"", ""V1-12"", ""V1-13"", ""V1-14"", ""V1-2"", ""V1-4"", ""V1-5"", ""V1-7"", ""V1-9""]"
69fa1edb63ed3b5eefe8c177,"[""V1-1"", ""V1-10"", ""V1-11"", ""V1-12"", ""V1-13"", ""V1-14"", ""V1-2"", ""V1-4"", ""V1-5"", ""V1-9""]"
561e8d946b8d90f61a002019,"[""V1-1"", ""V1-10"", ""V1-11"", ""V1-12"", ""V1-13"", ""V1-14"", ""V1-2"", ""V1-4"", ""V1-5"", ""V1-9""]"
680748860437920011951532,"[""V1-13"", ""V1-14"", ""V1-6"", ""V1-9""]"
6364b12e3ad6c7001711d812,"[""V1-1"", ""V1-10"", ""V1-11"", ""V1-12"", ""V1-13"", ""V1-14"", ""V1-2"", ""V1-4"", ""V1-5"", ""V1-9""]"
5bec0018c9af0a7962a96f4a,"[""V1-13"", ""V1-14""]"
6315b8713c59f7001bacf8fb,"[""V1-1"", ""V1-10"", ""V1-11"", ""V1-12"", ""V1-13"", ""V1-14"", ""V1-2"", ""V1-4"", ""V1-5"", ""V1-6"", ""V1-7"", ""V1-9"", ""V2-13"", ""V2-14"", ""V2-15"", ""V2-16"", ""V2-19"", ""V2-21"", ""V2-3"", ""V2-4"", ""V2-5"", ""V2-8""]"
67078359be02e20011a686ec,"[""V1-1"", ""V1-10"", ""V1-11"", ""V1-12"", ""V1-13"", ""V1-14"", ""V1-2"", ""V1-4"", ""V1-5"", ""V1-9""]"
643d1561e09b08001442e672,"[""V1-10"", ""V1-14"", ""V1-2"", ""V1-6"", ""V2-3""]"
5fc0a33dcb32b5001563f9dc,"[""V1-1"", ""V1-10"", ""V1-11"", ""V1-12"", ""V1-13"", ""V1-14"", ""V1-2"", ""V1-4"", ""V1-5"", ""V1-9""]"
662686e7216c0b00118aef81,"[""V1-1"", ""V1-10"", ""V1-11"", ""V1-12"", ""V1-13"", ""V1-14"", ""V1-2"", ""V1-4"", ""V1-5"", ""V1-7"", ""V1-9""]"
626a9cd05d54fa0018b746b3,"[""V1-1"", ""V1-10"", ""V1-11"", ""V1-12"", ""V1-13"", ""V1-14"", ""V1-2"", ""V1-4"", ""V1-5"", ""V1-6"", ""V1-7"", ""V1-9"", ""V2-1"", ""V2-11"", ""V2-12"", ""V2-13"", ""V2-14"", ""V2-15"", ""V2-16"", ""V2-17"", ""V2-18"", ""V2-19"", ""V2-21"", ""V2-3"", ""V2-4"", ""V2-5"", ""V2-8"", ""V2-9""]"
66c45f2c053da00011d69728,"[""V1-1"", ""V1-10"", ""V1-11"", ""V1-12"", ""V1-13"", ""V1-14"", ""V1-2"", ""V1-4"", ""V1-5"", ""V1-7"", ""V1-9""]"
58910f6a5f5e338431000675,"[""V1-1"", ""V1-10"", ""V1-11"", ""V1-12"", ""V1-13"", ""V1-14"", ""V1-2"", ""V1-4"", ""V1-5"", ""V1-9""]"
63857a9148202e00149fcb08,"[""V1-1"", ""V1-10"", ""V1-11"", ""V1-12"", ""V1-13"", ""V1-14"", ""V1-2"", ""V1-4"", ""V1-5"", ""V1-9""]"
638b3f012fb066001b8262d1,"[""V1-1"", ""V1-10"", ""V1-11"", ""V1-12"", ""V1-13"", ""V1-14"", ""V1-2"", ""V1-4"", ""V1-5"", ""V1-9""]"
676405dff3fa5d00114fee22,"[""V1-13"", ""V1-14"", ""V1-9"", ""V2-16""]"
6159d295979b9a001749fd59,"[""V1-1"", ""V1-10"", ""V1-11"", ""V1-12"", ""V1-13"", ""V1-14"", ""V1-2"", ""V1-3"", ""V1-4"", ""V1-5"", ""V1-9""]"
61c991a5fe4ec600172e5e08,"[""V1-1"", ""V1-10"", ""V1-11"", ""V1-12"", ""V1-13"", ""V1-14"", ""V1-2"", ""V1-4"", ""V1-5"", ""V1-7"", ""V1-9"", ""V2-16""]"
6863fe9df000940011f80bcb,"[""V1-1"", ""V1-10"", ""V1-11"", ""V1-12"", ""V1-13"", ""V1-14"", ""V1-2"", ""V1-4"", ""V1-5"", ""V1-6"", ""V1-7"", ""V1-9"", ""V2-1"", ""V2-11"", ""V2-13"", ""V2-14"", ""V2-16"", ""V2-19"", ""V2-20"", ""V2-21"", ""V2-3"", ""V2-5"", ""V2-8""]"
627b73f7023d420018e2f038,"[""V1-13"", ""V1-14"", ""V1-9""]"
69dca1d80e0891e59aa248e0,"[""V1-1"", ""V1-10"", ""V1-11"", ""V1-12"", ""V1-13"", ""V1-14"", ""V1-2"", ""V1-4"", ""V1-5"", ""V1-7"", ""V1-9""]"
5f45fb2f150074001547df11,"[""V1-1"", ""V1-10"", ""V1-11"", ""V1-12"", ""V1-13"", ""V1-14"", ""V1-2"", ""V1-4"", ""V1-5"", ""V1-6"", ""V1-7"", ""V1-9""]"
62f234d9f81a3c001bde7c25,"[""V1-1"", ""V1-10"", ""V1-11"", ""V1-12"", ""V1-13"", ""V1-14"", ""V1-2"", ""V1-4"", ""V1-5"", ""V1-9"", ""V2-16""]"
6666afb99ec3300011cdf91d,"[""V1-1"", ""V1-10"", ""V1-11"", ""V1-12"", ""V1-13"", ""V1-14"", ""V1-2"", ""V1-4"", ""V1-5"", ""V1-7"", ""V1-9""]"
561e8d936b8d90f61a001412,"[""V1-1"", ""V1-10"", ""V1-11"", ""V1-12"", ""V1-13"", ""V1-14"", ""V1-2"", ""V1-3"", ""V1-4"", ""V1-5"", ""V1-6"", ""V1-7"", ""V1-9"", ""V2-1"", ""V2-12"", ""V2-13"", ""V2-14"", ""V2-15"", ""V2-16"", ""V2-18"", ""V2-19"", ""V2-21"", ""V2-5"", ""V2-9""]"
6489c502a6bfa20014cb8ca7,"[""V1-1"", ""V1-10"", ""V1-11"", ""V1-12"", ""V1-13"", ""V1-14"", ""V1-2"", ""V1-4"", ""V1-5"", ""V1-9""]"
6808dbeef6158900110477ca,"[""V1-1"", ""V1-10"", ""V1-11"", ""V1-12"", ""V1-13"", ""V1-14"", ""V1-2"", ""V1-4"", ""V1-5"", ""V1-7"", ""V1-9""]"
60f059faaf96d700177d115f,"[""V1-1"", ""V1-10"", ""V1-13"", ""V1-14"", ""V1-2""]"
5d53cf81ff5bd700186c5f35,"[""V1-1"", ""V1-10"", ""V1-11"", ""V1-12"", ""V1-14"", ""V1-2"", ""V1-4"", ""V1-5"", ""V1-7""]"
60c319e160f8540017a53701,"[""V1-1"", ""V1-10"", ""V1-11"", ""V1-12"", ""V1-13"", ""V1-14"", ""V1-2"", ""V1-4"", ""V1-5"", ""V1-9""]"
65d4907595c34900110c9204,"[""V1-1"", ""V1-10"", ""V1-11"", ""V1-12"", ""V1-13"", ""V1-14"", ""V1-2"", ""V1-4"", ""V1-5"", ""V1-7"", ""V1-9""]"
561e8d976b8d90f61a003d3f,"[""V1-1"", ""V1-10"", ""V1-11"", ""V1-12"", ""V1-13"", ""V1-14"", ""V1-2"", ""V1-4"", ""V1-5"", ""V1-6"", ""V1-9"", ""V2-21""]"
5b84c65ca73f7a027c553f4a,"[""V1-1"", ""V1-10"", ""V1-11"", ""V1-12"", ""V1-13"", ""V1-14"", ""V1-2"", ""V1-4"", ""V1-5"", ""V1-7"", ""V1-9""]"
59d49801fa5a566117002fd5,"[""V1-1"", ""V1-10"", ""V1-11"", ""V1-12"", ""V1-13"", ""V1-14"", ""V1-2"", ""V1-4"", ""V1-5"", ""V1-9""]"
609cb17937f3bf001593dd55,"[""V1-1"", ""V1-10"", ""V1-11"", ""V1-12"", ""V1-13"", ""V1-14"", ""V1-2"", ""V1-4"", ""V1-5"", ""V1-7"", ""V1-9""]"
58adf6988e52ab4d320004d1,"[""V1-1"", ""V1-10"", ""V1-11"", ""V1-12"", ""V1-13"", ""V1-14"", ""V1-2"", ""V1-4"", ""V1-5"", ""V1-9"", ""V2-1"", ""V2-16"", ""V2-18""]"
630dd09a2334a0001b28ad73,"[""V1-1"", ""V1-10"", ""V1-11"", ""V1-12"", ""V1-13"", ""V1-14"", ""V1-2"", ""V1-4"", ""V1-5"", ""V1-9""]"
561e8d956b8d90f61a003069,"[""V1-1"", ""V1-10"", ""V1-11"", ""V1-12"", ""V1-13"", ""V1-14"", ""V1-2"", ""V1-4"", ""V1-5"", ""V1-9""]"
573c1e4c69d550c903000024,"[""V1-1"", ""V1-10"", ""V1-11"", ""V1-12"", ""V1-13"", ""V1-14"", ""V1-2"", ""V1-4"", ""V1-5"", ""V1-9""]"
619cc4d31a366f0017fe8d06,"[""V1-1"", ""V1-10"", ""V1-11"", ""V1-12"", ""V1-13"", ""V1-14"", ""V1-2"", ""V1-4"", ""V1-5"", ""V1-9""]"
677cecb33b9ea20011273987,"[""V1-1"", ""V1-10"", ""V1-11"", ""V1-12"", ""V1-13"", ""V1-14"", ""V1-2"", ""V1-4"", ""V1-5"", ""V1-6"", ""V1-7"", ""V1-9"", ""V2-16""]"
64678a9ed7125400115d9869,"[""V1-11"", ""V1-13"", ""V1-14"", ""V1-4"", ""V1-5"", ""V1-6"", ""V1-9"", ""V2-16""]"
646dd642f8642700116df383,"[""V1-1"", ""V1-10"", ""V1-11"", ""V1-12"", ""V1-13"", ""V1-14"", ""V1-2"", ""V1-4"", ""V1-5"", ""V1-9""]"
64b77ab3d634830011209287,"[""V1-1"", ""V1-10"", ""V1-11"", ""V1-12"", ""V1-13"", ""V1-14"", ""V1-2"", ""V1-4"", ""V1-5"", ""V1-9""]"
624fd55d426bbc0011d5578d,"[""V1-1"", ""V1-10"", ""V1-11"", ""V1-12"", ""V1-13"", ""V1-14"", ""V1-2"", ""V1-4"", ""V1-5"", ""V1-9""]"
685a4add8cccbe0011f6c96c,"[""V1-1"", ""V1-10"", ""V1-11"", ""V1-12"", ""V1-13"", ""V1-14"", ""V1-2"", ""V1-4"", ""V1-5"", ""V1-7"", ""V1-9""]"
5ec6f4dbdae5f50015c2980b,"[""V1-7""]"
62664065ca13b50011fb00a2,"[""V1-1"", ""V1-10"", ""V1-11"", ""V1-12"", ""V1-13"", ""V1-14"", ""V1-2"", ""V1-3"", ""V1-4"", ""V1-5"", ""V1-6"", ""V1-7"", ""V1-9""]"
64131058280ea30014b0ed99,"[""V1-1"", ""V1-10"", ""V1-11"", ""V1-12"", ""V1-13"", ""V1-14"", ""V1-2"", ""V1-4"", ""V1-5"", ""V1-9"", ""V2-16""]"
6a26737de6f5b8e17bdcb8df,"[""V1-1"", ""V1-10"", ""V1-11"", ""V1-12"", ""V1-13"", ""V1-14"", ""V1-2"", ""V1-4"", ""V1-5"", ""V1-7"", ""V1-9""]"
677bd16443e94a0011b752b2,"[""V1-1"", ""V1-10"", ""V1-11"", ""V1-12"", ""V1-13"", ""V1-14"", ""V1-2"", ""V1-4"", ""V1-5"", ""V1-7"", ""V1-9""]"
641d8986be2b36001370ca2a,"[""V1-13"", ""V1-4"", ""V1-6""]"
561e8d936b8d90f61a000662,"[""V1-1"", ""V1-10"", ""V1-11"", ""V1-12"", ""V1-13"", ""V1-14"", ""V1-2"", ""V1-3"", ""V1-4"", ""V1-5"", ""V1-6"", ""V1-7"", ""V1-9""]"
674445ddd02cf30011f20eea,"[""V1-1"", ""V1-10"", ""V1-11"", ""V1-12"", ""V1-13"", ""V1-14"", ""V1-2"", ""V1-4"", ""V1-5"", ""V1-7"", ""V1-9""]"
5dcf09394f6eed0018145e58,"[""V1-1"", ""V1-10"", ""V1-11"", ""V1-12"", ""V1-13"", ""V1-14"", ""V1-2"", ""V1-4"", ""V1-5"", ""V1-9""]"
561e8d956b8d90f61a0027d2,"[""V1-1"", ""V1-10"", ""V1-11"", ""V1-12"", ""V1-13"", ""V1-14"", ""V1-2"", ""V1-4"", ""V1-5"", ""V1-9""]"
696a2d72a3f5d61ac707c85a,"[""V1-1"", ""V1-10"", ""V1-11"", ""V1-12"", ""V1-13"", ""V1-14"", ""V1-2"", ""V1-4"", ""V1-5"", ""V1-7"", ""V1-9""]"
643c740fc34c0300130c743e,"[""V1-1"", ""V1-10"", ""V1-11"", ""V1-12"", ""V1-13"", ""V1-14"", ""V1-2"", ""V1-4"", ""V1-5"", ""V1-7"", ""V1-9""]"
6406dc222ecde6001489f995,"[""V1-11"", ""V1-12"", ""V1-14""]"
63465886049244001b5accb2,"[""V1-1"", ""V1-10"", ""V1-11"", ""V1-12"", ""V1-13"", ""V1-14"", ""V1-2"", ""V1-4"", ""V1-5"", ""V1-9""]"
5c77abceef995c60fecc3f39,"[""V1-1"", ""V1-10"", ""V1-11"", ""V1-12"", ""V1-13"", ""V1-14"", ""V1-2"", ""V1-4"", ""V1-5"", ""V1-9""]"
60112a3ed3c4a000156a31d9,"[""V1-1"", ""V1-10"", ""V1-11"", ""V1-12"", ""V1-13"", ""V1-14"", ""V1-2"", ""V1-4"", ""V1-5"", ""V1-7"", ""V1-9""]"
5ce21c80d788b30012b31658,"[""V1-1"", ""V1-10"", ""V1-11"", ""V1-12"", ""V1-13"", ""V1-14"", ""V1-2"", ""V1-4"", ""V1-5"", ""V1-9""]"
567acc79dea141ea32000008,"[""V1-1"", ""V1-10"", ""V1-11"", ""V1-12"", ""V1-13"", ""V1-14"", ""V1-2"", ""V1-3"", ""V1-4"", ""V1-5"", ""V1-7"", ""V1-9""]"
69c343956cffa56c03badbb0,"[""V1-1"", ""V1-10"", ""V1-11"", ""V1-12"", ""V1-13"", ""V1-14"", ""V1-2"", ""V1-4"", ""V1-5"", ""V1-7"", ""V1-9""]"
630d8dbfb1095d001bb0f04a,"[""V1-1"", ""V1-10"", ""V1-11"", ""V1-12"", ""V1-13"", ""V1-14"", ""V1-2"", ""V1-4"", ""V1-5"", ""V1-6"", ""V1-7"", ""V1-9"", ""V2-13"", ""V2-16"", ""V2-19"", ""V2-3""]"
561e8d936b8d90f61a001260,"[""V1-1"", ""V1-10"", ""V1-11"", ""V1-12"", ""V1-13"", ""V1-14"", ""V1-2"", ""V1-4"", ""V1-5"", ""V1-6"", ""V1-7"", ""V1-9"", ""V2-1"", ""V2-16"", ""V2-21""]"
6908648bf5a7288c87f52a5b,"[""V1-1"", ""V1-10"", ""V1-11"", ""V1-12"", ""V1-13"", ""V1-14"", ""V1-2"", ""V1-4"", ""V1-5"", ""V1-7"", ""V1-9""]"
61825d0b78e35800177c13f0,"[""V1-1"", ""V1-10"", ""V1-11"", ""V1-12"", ""V1-13"", ""V1-14"", ""V1-2"", ""V1-4"", ""V1-5"", ""V1-9""]"
59bbfb5389df7b9d3b000840,"[""V1-1"", ""V1-10"", ""V1-12"", ""V1-13"", ""V1-14"", ""V1-2"", ""V1-4"", ""V1-5"", ""V1-6"", ""V1-7"", ""V1-9"", ""V2-13"", ""V2-16"", ""V2-21""]"
6556edd16cdf5900118d56ce,"[""V1-1"", ""V1-10"", ""V1-11"", ""V1-12"", ""V1-13"", ""V1-14"", ""V1-2"", ""V1-4"", ""V1-5"", ""V1-9""]"
655377ea6cdf5900118d252a,"[""V1-1"", ""V1-12"", ""V1-13"", ""V1-14"", ""V1-2"", ""V1-4"", ""V1-5"", ""V1-6"", ""V1-7"", ""V1-9"", ""V2-11"", ""V2-13"", ""V2-15"", ""V2-16"", ""V2-21""]"
5981a22bcf89a5b87f001edf,"[""V1-1"", ""V1-10"", ""V1-11"", ""V1-12"", ""V1-13"", ""V1-14"", ""V1-2"", ""V1-4"", ""V1-5"", ""V1-9""]"
65d36866a3d8e10011925549,"[""V1-1"", ""V1-10"", ""V1-11"", ""V1-12"", ""V1-13"", ""V1-14"", ""V1-2"", ""V1-4"", ""V1-5"", ""V1-9"", ""V2-1"", ""V2-11"", ""V2-13""]"
670153ce6f113e00119a0fad,"[""V1-10"", ""V1-11"", ""V1-12"", ""V1-13"", ""V1-14"", ""V1-2"", ""V1-9""]"
561e8d936b8d90f61a0014ca,"[""V1-1"", ""V1-10"", ""V1-11"", ""V1-12"", ""V1-13"", ""V1-14"", ""V1-2"", ""V1-4"", ""V1-5"", ""V1-6"", ""V1-7"", ""V1-9""]"
5d3a10eeddc71000189c7a37,"[""V1-1"", ""V1-10"", ""V1-11"", ""V1-12"", ""V1-13"", ""V1-14"", ""V1-2"", ""V1-4"", ""V1-5"", ""V1-9""]"
62e85e3836ed04001b6d0adb,"[""V1-1"", ""V1-10"", ""V1-11"", ""V1-12"", ""V1-13"", ""V1-14"", ""V1-2"", ""V1-4"", ""V1-5"", ""V1-9""]"
664372d48ffbbf0011f17452,"[""V1-1"", ""V1-10"", ""V1-11"", ""V1-12"", ""V1-13"", ""V1-14"", ""V1-2"", ""V1-4"", ""V1-5"", ""V1-9""]"
68b57bc85828fa59037e71c3,"[""V1-1"", ""V1-10"", ""V1-11"", ""V1-12"", ""V1-13"", ""V1-14"", ""V1-2"", ""V1-4"", ""V1-5"", ""V1-7"", ""V1-9""]"
63e0726b0dce2900138bf123,"[""V1-1"", ""V1-10"", ""V1-11"", ""V1-12"", ""V1-13"", ""V1-14"", ""V1-2"", ""V1-4"", ""V1-5"", ""V1-6"", ""V1-9"", ""V2-13"", ""V2-15"", ""V2-19"", ""V2-3""]"
6823ff6a9886e60011610e2b,"[""V1-1"", ""V1-10"", ""V1-11"", ""V1-12"", ""V1-13"", ""V1-14"", ""V1-2"", ""V1-4"", ""V1-5"", ""V1-7"", ""V1-9""]"
679afd4877bd1c00117aaefd,"[""V1-1"", ""V1-10"", ""V1-11"", ""V1-12"", ""V1-13"", ""V1-14"", ""V1-2"", ""V1-4"", ""V1-5"", ""V1-7"", ""V1-9""]"
69c62dd58cf790e099c02480,"[""V1-1"", ""V1-10"", ""V1-11"", ""V1-12"", ""V1-13"", ""V1-14"", ""V1-2"", ""V1-4"", ""V1-5"", ""V1-7"", ""V1-9""]"
604ec2ae5a93950016a63fdd,"[""V1-13"", ""V1-14"", ""V1-6""]"
561e8d936b8d90f61a00046c,"[""V1-1"", ""V1-10"", ""V1-11"", ""V1-12"", ""V1-13"", ""V1-14"", ""V1-2"", ""V1-4"", ""V1-5"", ""V1-7"", ""V1-9""]"
693a98f538cf425060b4c773,"[""V1-1"", ""V1-10"", ""V1-11"", ""V1-12"", ""V1-13"", ""V1-14"", ""V1-2"", ""V1-3"", ""V1-4"", ""V1-5"", ""V1-6"", ""V1-7"", ""V1-9"", ""V2-1"", ""V2-10"", ""V2-11"", ""V2-13"", ""V2-16"", ""V2-2"", ""V2-3""]"
688b3725c446f77fe6eaaff8,"[""V1-1"", ""V1-10"", ""V1-11"", ""V1-12"", ""V1-13"", ""V1-14"", ""V1-2"", ""V1-4"", ""V1-5"", ""V1-7"", ""V1-9""]"
5dcc0df6a4305a00173b9cf8,"[""V1-1"", ""V1-10"", ""V1-11"", ""V1-13"", ""V1-14"", ""V1-2"", ""V1-4"", ""V1-5"", ""V1-6"", ""V1-7"", ""V1-9"", ""V2-16""]"
561e8d946b8d90f61a00170a,"[""V1-1"", ""V1-10"", ""V1-11"", ""V1-12"", ""V1-13"", ""V1-14"", ""V1-2"", ""V1-4"", ""V1-5""]"
65c3655fa3d8e100119171ba,"[""V1-1"", ""V1-10"", ""V1-11"", ""V1-12"", ""V1-13"", ""V1-14"", ""V1-2"", ""V1-4"", ""V1-5"", ""V1-7"", ""V1-9""]"
673afd953fa40700118c0ff2,"[""V1-1"", ""V1-10"", ""V1-11"", ""V1-12"", ""V1-13"", ""V1-14"", ""V1-2"", ""V1-4"", ""V1-5"", ""V1-7"", ""V1-9""]"
62223b5eb6858a001bb4e17c,"[""V1-1"", ""V1-10"", ""V1-11"", ""V1-12"", ""V1-13"", ""V1-14"", ""V1-2"", ""V1-4"", ""V1-5"", ""V1-9""]"
6834f4309886e6001161ae5e,"[""V1-1"", ""V1-10"", ""V1-11"", ""V1-12"", ""V1-13"", ""V1-14"", ""V1-2"", ""V1-4"", ""V1-5"", ""V1-7"", ""V1-9""]"
6788b18b06da640011023eaf,"[""V1-1"", ""V1-10"", ""V1-11"", ""V1-12"", ""V1-13"", ""V1-14"", ""V1-2"", ""V1-4"", ""V1-5"", ""V1-7"", ""V1-9""]"
624fd1d81bad4b0011a0d52c,"[""V1-1"", ""V1-10"", ""V1-11"", ""V1-12"", ""V1-13"", ""V1-14"", ""V1-2"", ""V1-4"", ""V1-5"", ""V1-7"", ""V1-9""]"
6a38fde93ccf56e7838442b5,"[""V1-1"", ""V1-10"", ""V1-11"", ""V1-12"", ""V1-13"", ""V1-14"", ""V1-2"", ""V1-4"", ""V1-5"", ""V1-7"", ""V1-9""]"
5ce6bee4142941540d1c9d36,"[""V1-1"", ""V1-10"", ""V1-11"", ""V1-12"", ""V1-13"", ""V1-14"", ""V1-2"", ""V1-4"", ""V1-5"", ""V1-7"", ""V1-9""]"
5ec639e58150da0015b5c467,"[""V1-1"", ""V1-10"", ""V1-11"", ""V1-12"", ""V1-13"", ""V1-14"", ""V1-2"", ""V1-4"", ""V1-5"", ""V1-7"", ""V1-9""]"
64ba3523d63483001120ba5e,"[""V1-1"", ""V1-10"", ""V1-11"", ""V1-12"", ""V1-13"", ""V1-14"", ""V1-2"", ""V1-4"", ""V1-5"", ""V1-7"", ""V1-9""]"
682b575afc11e60011201e88,"[""V1-1"", ""V1-10"", ""V1-11"", ""V1-12"", ""V1-13"", ""V1-14"", ""V1-2"", ""V1-4"", ""V1-5"", ""V1-6"", ""V1-7"", ""V1-9""]"
561e8d956b8d90f61a003365,"[""V1-1"", ""V1-10"", ""V1-11"", ""V1-12"", ""V1-13"", ""V1-14"", ""V1-2"", ""V1-4"", ""V1-5"", ""V1-6"", ""V1-7"", ""V1-9"", ""V2-13"", ""V2-21""]"
621e7a3f257d5f001422669b,"[""V1-1"", ""V1-10"", ""V1-11"", ""V1-12"", ""V1-13"", ""V1-14"", ""V1-2"", ""V1-4"", ""V1-5"", ""V1-7"", ""V1-9""]"
59f943ef3f415d7d580076a0,"[""V1-1"", ""V1-10"", ""V1-11"", ""V1-12"", ""V1-13"", ""V1-14"", ""V1-2"", ""V1-4"", ""V1-5"", ""V1-7"", ""V1-9""]"
668fb233514c00001146f038,"[""V1-1"", ""V1-10"", ""V1-11"", ""V1-12"", ""V1-13"", ""V1-14"", ""V1-2"", ""V1-4"", ""V1-5"", ""V1-6"", ""V1-7"", ""V1-9"", ""V2-16""]"
65b2753cc0bb0b00110566e7,"[""V1-1"", ""V1-10"", ""V1-11"", ""V1-12"", ""V1-13"", ""V1-14"", ""V1-2"", ""V1-4"", ""V1-5"", ""V1-7"", ""V1-9""]"
561e8d956b8d90f61a003219,"[""V1-13"", ""V1-14""]"
5efd8ef70165690015e8b224,"[""V1-13"", ""V1-14""]"
5d8880f1444f7200181b5e1d,"[""V1-1"", ""V1-10"", ""V1-11"", ""V1-12"", ""V1-13"", ""V1-14"", ""V1-2"", ""V1-4"", ""V1-5"", ""V1-6"", ""V1-9""]"
645db622ff6cc50014413271,"[""V1-1"", ""V1-10"", ""V1-11"", ""V1-12"", ""V1-13"", ""V1-14"", ""V1-2"", ""V1-4"", ""V1-5"", ""V1-9""]"
56cb43391ba696884900000a,"[""V1-13"", ""V1-14""]"
647deb456149810011be5192,"[""V1-1"", ""V1-10"", ""V1-11"", ""V1-12"", ""V1-13"", ""V1-14"", ""V1-2"", ""V1-4"", ""V1-5"", ""V1-9"", ""V2-6""]"
69db7b997dbb2c94758de027,"[""V1-1"", ""V1-10"", ""V1-11"", ""V1-12"", ""V1-13"", ""V1-14"", ""V1-2"", ""V1-4"", ""V1-5"", ""V1-7"", ""V1-9""]"
561e8d936b8d90f61a0014bb,"[""V1-1"", ""V1-10"", ""V1-11"", ""V1-12"", ""V1-13"", ""V1-14"", ""V1-2"", ""V1-4"", ""V1-5"", ""V1-6"", ""V1-7"", ""V1-9"", ""V2-16"", ""V2-21"", ""V2-3""]"
561e8d936b8d90f61a000d42,"[""V1-1"", ""V1-10"", ""V1-11"", ""V1-12"", ""V1-13"", ""V1-14"", ""V1-2"", ""V1-4"", ""V1-5"", ""V1-9"", ""V2-16""]"
561e8d976b8d90f61a003d96,"[""V1-1"", ""V1-10"", ""V1-13""]"
6991423beea67583ba0c1965,"[""V1-1"", ""V1-10"", ""V1-11"", ""V1-12"", ""V1-13"", ""V1-14"", ""V1-2"", ""V1-4"", ""V1-5"", ""V1-7"", ""V1-9""]"
64684dd7d7125400115d9e39,"[""V1-1"", ""V1-10"", ""V1-11"", ""V1-12"", ""V1-13"", ""V1-14"", ""V1-2"", ""V1-4"", ""V1-5"", ""V1-7"", ""V1-9""]"
6866251bdd4af80011a68567,"[""V1-1"", ""V1-10"", ""V1-11"", ""V1-12"", ""V1-13"", ""V1-14"", ""V1-2"", ""V1-4"", ""V1-5"", ""V1-7"", ""V1-9""]"
6540ac3b1ad27200118e909d,"[""V1-1"", ""V1-10"", ""V1-11"", ""V1-12"", ""V1-13"", ""V1-14"", ""V1-2"", ""V1-4"", ""V1-5"", ""V1-7"", ""V1-9""]"
66aafef7514c00001147c0c9,"[""V1-1"", ""V1-10"", ""V1-11"", ""V1-12"", ""V1-13"", ""V1-14"", ""V1-2"", ""V1-4"", ""V1-5"", ""V1-6"", ""V1-7"", ""V1-9""]"
66cd942b3db5f70011e66947,"[""V1-1"", ""V1-10"", ""V1-11"", ""V1-12"", ""V1-13"", ""V1-14"", ""V1-2"", ""V1-4"", ""V1-5"", ""V1-7"", ""V1-9""]"
5c530ada487e8c31b1ba7791,"[""V1-1"", ""V1-10"", ""V1-11"", ""V1-12"", ""V1-13"", ""V1-14"", ""V1-2"", ""V1-4"", ""V1-5"", ""V1-7"", ""V1-9""]"
5c81002b9eeed542aa90f233,"[""V1-1"", ""V1-10"", ""V1-11"", ""V1-12"", ""V1-13"", ""V1-14"", ""V1-2"", ""V1-4"", ""V1-5"", ""V1-9""]"
5898dc668d35674f40000046,"[""V1-1"", ""V1-10"", ""V1-11"", ""V1-12"", ""V1-13"", ""V1-14"", ""V1-2"", ""V1-4"", ""V1-5"", ""V1-7"", ""V1-9""]"
561e8d946b8d90f61a001514,"[""V1-1"", ""V1-10"", ""V1-11"", ""V1-12"", ""V1-13"", ""V1-14"", ""V1-2"", ""V1-4"", ""V1-5"", ""V1-7"", ""V1-9""]"
61e93624cf7a710017932586,"[""V1-1"", ""V1-10"", ""V1-11"", ""V1-12"", ""V1-13"", ""V1-14"", ""V1-2"", ""V1-4"", ""V1-5"", ""V1-9""]"
67c057525a9de100115b66ec,"[""V1-1"", ""V1-10"", ""V1-11"", ""V1-12"", ""V1-13"", ""V1-14"", ""V1-2"", ""V1-4"", ""V1-5"", ""V1-7"", ""V1-9""]"
5a53889945eaab512501251e,"[""V1-1"", ""V1-10"", ""V1-11"", ""V1-12"", ""V1-13"", ""V1-14"", ""V1-2"", ""V1-4"", ""V1-5"", ""V1-9""]"
561e8d976b8d90f61a004735,"[""V1-1"", ""V1-13""]"
622f2440e19c1e00147fc083,"[""V1-1"", ""V1-10"", ""V1-11"", ""V1-12"", ""V1-13"", ""V1-14"", ""V1-2"", ""V1-4"", ""V1-5"", ""V1-6"", ""V1-9"", ""V2-16""]"
577a61dcda179a9c3f000089,"[""V1-1"", ""V1-10"", ""V1-11"", ""V1-12"", ""V1-13"", ""V1-14"", ""V1-2"", ""V1-4"", ""V1-5"", ""V1-7"", ""V1-9""]"
5fc7301f7a7f0200153979c7,"[""V1-6"", ""V1-7""]"
5e835e2eff9aca0015e0fd03,"[""V1-13"", ""V1-14""]"
561e8d946b8d90f61a00183b,"[""V1-1"", ""V1-10"", ""V1-11"", ""V1-12"", ""V1-13"", ""V1-14"", ""V1-2"", ""V1-3"", ""V1-4"", ""V1-5"", ""V1-6"", ""V1-7"", ""V1-9"", ""V2-16"", ""V2-21"", ""V2-3""]"
5ed15ca4662ff10016409214,"[""V1-1"", ""V1-10"", ""V1-11"", ""V1-12"", ""V1-13"", ""V1-14"", ""V1-2"", ""V1-4"", ""V1-5"", ""V1-7"", ""V1-9""]"
561e8d936b8d90f61a0014bd,"[""V1-1"", ""V1-10"", ""V1-11"", ""V1-12"", ""V1-13"", ""V1-14"", ""V1-2"", ""V1-4"", ""V1-5"", ""V1-9""]"
65241b8db3ff7d001153bca8,"[""V1-1"", ""V1-10"", ""V1-11"", ""V1-12"", ""V1-13"", ""V1-14"", ""V1-2"", ""V1-3"", ""V1-4"", ""V1-5"", ""V1-7"", ""V1-9"", ""V2-1"", ""V2-11"", ""V2-16"", ""V2-2"", ""V2-7""]"
64b7f29fcca9af0011fd585d,"[""V1-1"", ""V1-10"", ""V1-11"", ""V1-12"", ""V1-13"", ""V1-14"", ""V1-2"", ""V1-4"", ""V1-5"", ""V1-6"", ""V1-7"", ""V1-9""]"
663c90f772fce00011b7f353,"[""V1-1"", ""V1-10"", ""V1-13"", ""V1-14"", ""V1-2"", ""V1-4"", ""V1-6"", ""V1-9"", ""V2-14"", ""V2-16"", ""V2-3"", ""V2-9""]"
6375b18dfdfa75001bf507e2,"[""V1-1"", ""V1-10"", ""V1-11"", ""V1-12"", ""V1-13"", ""V1-14"", ""V1-2"", ""V1-4"", ""V1-5"", ""V1-9""]"
561e8d956b8d90f61a0026fb,"[""V1-1"", ""V1-10"", ""V1-12"", ""V1-13"", ""V1-14"", ""V1-2"", ""V1-4"", ""V1-5"", ""V1-6"", ""V1-9"", ""V2-15"", ""V2-16"", ""V2-3"", ""V2-4""]"
68c149fb167d908cf140905e,"[""V1-1"", ""V1-10"", ""V1-11"", ""V1-12"", ""V1-13"", ""V1-14"", ""V1-2"", ""V1-4"", ""V1-5"", ""V1-7"", ""V1-9""]"
66e0182c82571e00117d2acb,"[""V1-13""]"
617916e8f3ef190017a83854,"[""V1-10"", ""V1-13"", ""V1-14"", ""V1-4"", ""V1-9""]"
5cdc50a461a35300113a8971,"[""V1-1"", ""V1-10"", ""V1-11"", ""V1-12"", ""V1-13"", ""V1-14"", ""V1-2"", ""V1-3"", ""V1-4"", ""V1-5"", ""V1-6"", ""V1-7"", ""V1-9"", ""V2-16""]"
6108e61a892d1200173b458c,"[""V1-1"", ""V1-10"", ""V1-11"", ""V1-12"", ""V1-13"", ""V1-14"", ""V1-2"", ""V1-4"", ""V1-5"", ""V1-9""]"
62a1815d11112f001a291752,"[""V1-1"", ""V1-10"", ""V1-11"", ""V1-13"", ""V1-14"", ""V1-2"", ""V1-6"", ""V1-9""]"
5e3692d21cd3cb0018dd4329,"[""V1-1"", ""V1-10"", ""V1-11"", ""V1-12"", ""V1-13"", ""V1-14"", ""V1-2"", ""V1-4"", ""V1-5"", ""V1-6"", ""V1-9"", ""V2-16""]"
5b1f351e3eddeb10ce7fa54c,"[""V1-1"", ""V1-10"", ""V1-11"", ""V1-12"", ""V1-13"", ""V1-14"", ""V1-2"", ""V1-4"", ""V1-5"", ""V1-6"", ""V1-9""]"
63059267cf2375001ae03848,"[""V1-1"", ""V1-10"", ""V1-11"", ""V1-12"", ""V1-13"", ""V1-14"", ""V1-2"", ""V1-4"", ""V1-5"", ""V1-7"", ""V1-9""]"
612549a07d54b700104c6ae3,"[""V1-1"", ""V1-10"", ""V1-11"", ""V1-12"", ""V1-13"", ""V1-14"", ""V1-2"", ""V1-4"", ""V1-5"", ""V1-9""]"
659e4bc13d46f600110781db,"[""V1-1"", ""V1-10"", ""V1-11"", ""V1-12"", ""V1-13"", ""V1-14"", ""V1-2"", ""V1-4"", ""V1-5"", ""V1-7"", ""V1-9""]"
681c05e62331ea0011439df0,"[""V1-1"", ""V1-10"", ""V1-11"", ""V1-12"", ""V1-13"", ""V1-14"", ""V1-2"", ""V1-4"", ""V1-5"", ""V1-7""]"
5f0c183af52f8e001b9cc198,"[""V1-1"", ""V1-10"", ""V1-11"", ""V1-12"", ""V1-13"", ""V1-14"", ""V1-2"", ""V1-4"", ""V1-5"", ""V1-9""]"
69a2f4704c0d69d44ce44e6d,"[""V1-1"", ""V1-10"", ""V1-11"", ""V1-12"", ""V1-13"", ""V1-14"", ""V1-2"", ""V1-4"", ""V1-5"", ""V1-7"", ""V1-9""]"
5c99bb9a419bc70011bbebcd,"[""V1-14""]"
63fc7f1c3ad98c0014e9d076,"[""V1-1"", ""V1-10"", ""V1-11"", ""V1-12"", ""V1-13"", ""V1-14"", ""V1-2"", ""V1-4"", ""V1-5"", ""V1-7"", ""V1-9""]"
57e3bb936c2966b53500009f,"[""V1-1"", ""V1-10"", ""V1-11"", ""V1-12"", ""V1-13"", ""V1-14"", ""V1-2"", ""V1-4"", ""V1-5"", ""V1-7"", ""V1-9""]"
602ad40427689c0015fb2d9e,"[""V1-13"", ""V1-14"", ""V1-2"", ""V1-4"", ""V1-6"", ""V1-9"", ""V2-16""]"
62fc92193e90d2001bf7eb00,"[""V1-1"", ""V1-10"", ""V1-11"", ""V1-12"", ""V1-13"", ""V1-14"", ""V1-2"", ""V1-4"", ""V1-5"", ""V1-7"", ""V1-9""]"
694a7a072325f894f1e4e141,"[""V1-1"", ""V1-10"", ""V1-11"", ""V1-12"", ""V1-13"", ""V1-14"", ""V1-2"", ""V1-4"", ""V1-5"", ""V1-7"", ""V1-9""]"
65ca6ad44e9fff0011d273b7,"[""V1-1"", ""V1-10"", ""V1-11"", ""V1-12"", ""V1-13"", ""V1-14"", ""V1-2"", ""V1-4"", ""V1-5"", ""V1-7"", ""V1-9""]"
674ae9323800780011af68ca,"[""V1-1"", ""V1-10"", ""V1-11"", ""V1-12"", ""V1-13"", ""V1-14"", ""V1-2"", ""V1-4"", ""V1-5"", ""V1-7"", ""V1-9""]"
642fcca2b04a200010798b74,"[""V1-1"", ""V1-10"", ""V1-11"", ""V1-12"", ""V1-13"", ""V1-14"", ""V1-2"", ""V1-4"", ""V1-5"", ""V1-7"", ""V1-9""]"
6438b601943a92001427793d,"[""V1-1"", ""V1-10"", ""V1-11"", ""V1-12"", ""V1-13"", ""V1-14"", ""V1-2"", ""V1-4"", ""V1-5"", ""V1-7"", ""V1-9""]"
6a213e2e2e7e292a6e52dc9a,"[""V1-1"", ""V1-10"", ""V1-11"", ""V1-12"", ""V1-13"", ""V1-14"", ""V1-2"", ""V1-4"", ""V1-5"", ""V1-7"", ""V1-9""]"
68f9f5db75ceafc7a8ee6155,"[""V1-1"", ""V1-10"", ""V1-11"", ""V1-12"", ""V1-13"", ""V1-14"", ""V1-2"", ""V1-4"", ""V1-5"", ""V1-6"", ""V1-7"", ""V1-9""]"
6647d1649965a7001157bc8a,"[""V1-1"", ""V1-10"", ""V1-11"", ""V1-12"", ""V1-13"", ""V1-14"", ""V1-2"", ""V1-4"", ""V1-5"", ""V1-7"", ""V1-9""]"
69ead3c0a33b05d61de6186b,"[""V1-1"", ""V1-10"", ""V1-11"", ""V1-12"", ""V1-13"", ""V1-14"", ""V1-2"", ""V1-4"", ""V1-5"", ""V1-7"", ""V1-9""]"
561e8d946b8d90f61a002092,"[""V1-1"", ""V1-10"", ""V1-11"", ""V1-12"", ""V1-13"", ""V1-14"", ""V1-2"", ""V1-4"", ""V1-5"", ""V1-7"", ""V1-9"", ""V2-3""]"
6936de53192ce0aadaecc0c6,"[""V1-1"", ""V1-10"", ""V1-11"", ""V1-12"", ""V1-13"", ""V1-14"", ""V1-2"", ""V1-4"", ""V1-5"", ""V1-7"", ""V1-9""]"
58371a2bafd6eb8b130001ca,"[""V1-1"", ""V1-10"", ""V1-11"", ""V1-12"", ""V1-13"", ""V1-14"", ""V1-2"", ""V1-4"", ""V1-5"", ""V1-9""]"
61e5debc97db9400178b0529,"[""V1-1"", ""V1-10"", ""V1-11"", ""V1-12"", ""V1-13"", ""V1-14"", ""V1-2"", ""V1-4"", ""V1-5"", ""V1-9""]"
64ecb0b0006b5a0011e57f9a,"[""V1-10"", ""V1-11"", ""V1-12"", ""V1-13"", ""V1-14"", ""V1-2"", ""V1-4"", ""V1-5"", ""V1-7"", ""V1-9"", ""V2-13"", ""V2-16"", ""V2-19"", ""V2-3""]"
6940fbf7aa92acbac5362ff8,"[""V1-1"", ""V1-10"", ""V1-11"", ""V1-12"", ""V1-13"", ""V1-14"", ""V1-2"", ""V1-4"", ""V1-5"", ""V1-7"", ""V1-9"", ""V2-16""]"
61f942f0ba92d00017cd7a43,"[""V1-1"", ""V1-10"", ""V1-11"", ""V1-12"", ""V1-13"", ""V1-14"", ""V1-2"", ""V1-4"", ""V1-5"", ""V1-9""]"
63230fa0d6e567001b15e305,"[""V1-1"", ""V1-10"", ""V1-11"", ""V1-12"", ""V1-13"", ""V1-14"", ""V1-2"", ""V1-4"", ""V1-5"", ""V1-7"", ""V1-9""]"
67a971203635740011a99501,"[""V1-1"", ""V1-10"", ""V1-11"", ""V1-12"", ""V1-13"", ""V1-14"", ""V1-2"", ""V1-4"", ""V1-5"", ""V1-7"", ""V1-9""]"
65d1b497a3d8e10011923d10,"[""V1-1"", ""V1-10"", ""V1-11"", ""V1-12"", ""V1-13"", ""V1-14"", ""V1-2"", ""V1-4"", ""V1-5"", ""V1-6"", ""V1-7"", ""V1-9"", ""V2-13"", ""V2-14"", ""V2-16"", ""V2-2""]"
67e466df11985900110edd85,"[""V1-1"", ""V1-10"", ""V1-11"", ""V1-12"", ""V1-13"", ""V1-14"", ""V1-2"", ""V1-4"", ""V1-5"", ""V1-6"", ""V1-7"", ""V1-9"", ""V2-13"", ""V2-16"", ""V2-3""]"
6875f522babc2000110fb14e,"[""V1-1"", ""V1-10"", ""V1-11"", ""V1-12"", ""V1-13"", ""V1-14"", ""V1-2"", ""V1-4"", ""V1-5"", ""V1-7"", ""V1-9""]"
5e05c0a26057ae0017e7d51c,"[""V1-13"", ""V1-14"", ""V1-2"", ""V1-7"", ""V2-3""]"
5d9454a0a212f000180a7d7b,"[""V1-1"", ""V1-10"", ""V1-11"", ""V1-12"", ""V1-13"", ""V1-14"", ""V1-2"", ""V1-4"", ""V1-5"", ""V1-7"", ""V1-9""]"
65de2ed395c34900110d36bb,"[""V1-1"", ""V1-10"", ""V1-11"", ""V1-12"", ""V1-13"", ""V1-14"", ""V1-2"", ""V1-4"", ""V1-5"", ""V1-7"", ""V1-9""]"
681c54531d9e25001144b6b4,"[""V1-1"", ""V1-10"", ""V1-11"", ""V1-12"", ""V1-13"", ""V1-14"", ""V1-2"", ""V1-4"", ""V1-5"", ""V1-6"", ""V1-7"", ""V1-9"", ""V2-12"", ""V2-13"", ""V2-16"", ""V2-21"", ""V2-3""]"
561e8d976b8d90f61a00418f,"[""V1-1"", ""V1-10"", ""V1-11"", ""V1-12"", ""V1-13"", ""V1-14"", ""V1-2"", ""V1-4"", ""V1-5"", ""V1-9""]"
5e01b8af1a0f960017f9603e,"[""V1-1"", ""V1-10"", ""V1-11"", ""V1-12"", ""V1-13"", ""V1-14"", ""V1-2"", ""V1-4"", ""V1-5"", ""V1-9""]"
69986b1e026acf48a90fdd4b,"[""V1-1"", ""V1-10"", ""V1-11"", ""V1-12"", ""V1-13"", ""V1-14"", ""V1-2"", ""V1-4"", ""V1-5"", ""V1-7"", ""V1-9""]"
561e8d946b8d90f61a0017d9,"[""V1-1"", ""V1-10"", ""V1-11"", ""V1-12"", ""V1-13"", ""V1-14"", ""V1-2"", ""V1-4"", ""V1-5"", ""V1-9""]"
561e8d976b8d90f61a003e81,"[""V1-1"", ""V1-10"", ""V1-11"", ""V1-12"", ""V1-13"", ""V1-14"", ""V1-2"", ""V1-4"", ""V1-5"", ""V1-9""]"
69fb02a08f95e24c6f99ed31,"[""V1-1"", ""V1-10"", ""V1-11"", ""V1-12"", ""V1-13"", ""V1-14"", ""V1-2"", ""V1-4"", ""V1-5"", ""V1-7"", ""V1-9"", ""V2-16""]"
561e8d946b8d90f61a001f18,"[""V1-1"", ""V1-10"", ""V1-11"", ""V1-12"", ""V1-13"", ""V1-14"", ""V1-2"", ""V1-4"", ""V1-5"", ""V1-7"", ""V1-9""]"
5cda78f561a35300113a86ab,"[""V1-1"", ""V1-10"", ""V1-11"", ""V1-12"", ""V1-13"", ""V1-14"", ""V1-2"", ""V1-4"", ""V1-5"", ""V1-9""]"
561e8d936b8d90f61a00059f,"[""V1-1"", ""V1-10"", ""V1-11"", ""V1-12"", ""V1-13"", ""V1-14"", ""V1-2"", ""V1-3"", ""V1-4"", ""V1-5"", ""V1-7"", ""V1-9"", ""V2-1"", ""V2-13"", ""V2-21""]"
65d47091444f8f0011416ee7,"[""V1-1"", ""V1-10"", ""V1-11"", ""V1-12"", ""V1-13"", ""V1-14"", ""V1-2"", ""V1-4"", ""V1-5"", ""V1-7"", ""V1-9""]"
561e8d946b8d90f61a0016d5,"[""V1-1"", ""V1-10"", ""V1-11"", ""V1-12"", ""V1-13"", ""V1-14"", ""V1-2"", ""V1-4"", ""V1-5"", ""V1-9""]"
6943c0c727e1a44402a2712f,"[""V1-1"", ""V1-10"", ""V1-11"", ""V1-12"", ""V1-13"", ""V1-14"", ""V1-2"", ""V1-4"", ""V1-5"", ""V1-7"", ""V1-9""]"
5bf769c9efdc0d7c5359f96c,"[""V1-1"", ""V1-10"", ""V1-11"", ""V1-12"", ""V1-13"", ""V1-14"", ""V1-2"", ""V1-4"", ""V1-5"", ""V1-9""]"
5db900fd7ffee000177e2348,"[""V1-14""]"
58665aa0444a4aeb0d000130,"[""V1-1"", ""V1-10"", ""V1-11"", ""V1-12"", ""V1-13"", ""V1-14"", ""V1-2"", ""V1-4"", ""V1-5"", ""V1-7"", ""V1-9""]"
628613f18fd8f10017157a48,"[""V1-12"", ""V1-14""]"
69a33528e458622da39fd9d8,"[""V1-1"", ""V1-10"", ""V1-11"", ""V1-12"", ""V1-13"", ""V1-14"", ""V1-2"", ""V1-4"", ""V1-7"", ""V1-9"", ""V2-11"", ""V2-16""]"
647064a3001eb40011826210,"[""V1-1"", ""V1-10"", ""V1-11"", ""V1-12"", ""V1-14"", ""V1-2"", ""V1-4"", ""V1-5""]"
661d55e1a81a0e0011db7a84,"[""V1-1"", ""V1-10"", ""V1-11"", ""V1-12"", ""V1-13"", ""V1-14"", ""V1-2"", ""V1-4"", ""V1-5"", ""V1-7"", ""V1-9"", ""V2-16""]"
6925ce915b68cb80b689803c,"[""V1-1"", ""V1-10"", ""V1-11"", ""V1-12"", ""V1-13"", ""V1-14"", ""V1-2"", ""V1-4"", ""V1-5"", ""V1-7"", ""V1-9""]"
5b5ec3e8337f272131edc824,"[""V1-1"", ""V1-10"", ""V1-11"", ""V1-12"", ""V1-13"", ""V1-14"", ""V1-2"", ""V1-4"", ""V1-5"", ""V1-7"", ""V1-9""]"
6376f00f3d02dc001b2940b6,"[""V1-1"", ""V1-10"", ""V1-11"", ""V1-12"", ""V1-13"", ""V1-14"", ""V1-2"", ""V1-3"", ""V1-5"", ""V1-6"", ""V1-9"", ""V2-11"", ""V2-3""]"
686e09cb49fa94001121cd60,"[""V1-1"", ""V1-10"", ""V1-11"", ""V1-12"", ""V1-13"", ""V1-14"", ""V1-2"", ""V1-4"", ""V1-5"", ""V1-7"", ""V1-9""]"
5f226465dd6eb70015f90d44,"[""V1-1"", ""V1-10"", ""V1-11"", ""V1-12"", ""V1-13"", ""V1-14"", ""V1-2"", ""V1-4"", ""V1-5"", ""V1-9""]"
628dd078e4d67500147c6cc2,"[""V1-1"", ""V1-10"", ""V1-11"", ""V1-12"", ""V1-13"", ""V1-14"", ""V1-2"", ""V1-4"", ""V1-5"", ""V1-9""]"
698a14ac910ce7b2f1f5662b,"[""V1-1"", ""V1-10"", ""V1-11"", ""V1-12"", ""V1-13"", ""V1-14"", ""V1-2"", ""V1-4"", ""V1-5"", ""V1-7"", ""V1-9""]"
6698d32f7c55ea0011aabb4f,"[""V1-1"", ""V1-10"", ""V1-11"", ""V1-12"", ""V1-13"", ""V1-14"", ""V1-2"", ""V1-4"", ""V1-5"", ""V1-7"", ""V1-9""]"
68f4da512fef766b2dac1581,"[""V1-1"", ""V1-10"", ""V1-11"", ""V1-12"", ""V1-13"", ""V1-14"", ""V1-2"", ""V1-4"", ""V1-5"", ""V1-7"", ""V1-9""]"
6228871f2435180014928c15,"[""V1-1"", ""V1-10"", ""V1-11"", ""V1-12"", ""V1-13"", ""V1-14"", ""V1-2"", ""V1-4"", ""V1-5"", ""V1-6"", ""V1-7"", ""V1-9"", ""V2-16""]"
6756d5101e787500114ab99c,"[""V1-1"", ""V1-10"", ""V1-11"", ""V1-12"", ""V1-13"", ""V1-14"", ""V1-2"", ""V1-4"", ""V1-5"", ""V1-7"", ""V1-9""]"
5f3414f3b421040016eb5132,"[""V1-1"", ""V1-10"", ""V1-11"", ""V1-12"", ""V1-13"", ""V1-14"", ""V1-2"", ""V1-4"", ""V1-5"", ""V1-7"", ""V1-9""]"
5bd009e27e1105796809759b,"[""V1-1"", ""V1-13"", ""V1-14"", ""V1-9"", ""V2-16""]"
595cb8330ceef66964001700,"[""V1-1"", ""V1-10"", ""V1-11"", ""V1-12"", ""V1-13"", ""V1-14"", ""V1-2"", ""V1-4"", ""V1-5"", ""V1-9""]"
561e8d936b8d90f61a000838,"[""V1-13"", ""V1-14""]"
59fb487bbe77065f5800afc3,"[""V1-1"", ""V1-10"", ""V1-11"", ""V1-12"", ""V1-13"", ""V1-14"", ""V1-2"", ""V1-4"", ""V1-5"", ""V1-7"", ""V1-9"", ""V2-2""]"
6256ab6a408c570018e1ef24,"[""V1-1"", ""V1-10"", ""V1-11"", ""V1-12"", ""V1-13"", ""V1-14"", ""V1-2"", ""V1-4"", ""V1-5"", ""V1-7"", ""V1-9""]"
6298c12ee18acf001be07064,"[""V1-1"", ""V1-10"", ""V1-11"", ""V1-12"", ""V1-13"", ""V1-14"", ""V1-2"", ""V1-4"", ""V1-5"", ""V1-7"", ""V1-9""]"
6570e082214fbe001194ec3e,"[""V1-1"", ""V1-10"", ""V1-13"", ""V1-14"", ""V1-2""]"
645f83ad1aec7f0014e29dbb,"[""V1-1"", ""V1-10"", ""V1-11"", ""V1-12"", ""V1-13"", ""V1-14"", ""V1-2"", ""V1-4"", ""V1-5"", ""V1-9""]"
5fadec8fd8ff880015e844d9,"[""V1-1"", ""V1-10"", ""V1-11"", ""V1-12"", ""V1-13"", ""V1-14"", ""V1-2"", ""V1-4"", ""V1-5"", ""V1-7"", ""V1-9""]"
561e8d956b8d90f61a002f2c,"[""V1-1"", ""V1-10"", ""V1-11"", ""V1-12"", ""V1-14"", ""V1-2"", ""V1-4"", ""V1-5"", ""V1-9"", ""V2-21""]"
6708be1b66b8da0011c36828,"[""V1-1"", ""V1-10"", ""V1-11"", ""V1-12"", ""V1-13"", ""V1-14"", ""V1-2"", ""V1-4"", ""V1-5"", ""V1-6"", ""V1-7"", ""V1-9"", ""V2-11"", ""V2-16"", ""V2-4""]"
68b71eb3d7cac5dae6e2a61f,"[""V1-13"", ""V1-2""]"
5dee0fe5eb22e8001714f2dc,"[""V1-1"", ""V1-10"", ""V1-11"", ""V1-12"", ""V1-13"", ""V1-14"", ""V1-2"", ""V1-4"", ""V1-5"", ""V1-9""]"
605332ccfc1a6f00150aab5d,"[""V1-1"", ""V1-10"", ""V1-11"", ""V1-12"", ""V1-13"", ""V1-14"", ""V1-2"", ""V1-4"", ""V1-5"", ""V1-7"", ""V1-9""]"
63340ea7b82cec00137c42f8,"[""V1-1"", ""V1-10"", ""V1-11"", ""V1-12"", ""V1-13"", ""V1-14"", ""V1-2"", ""V1-4"", ""V1-5"", ""V1-7"", ""V1-9""]"
69de35d17dbb2c94758e086d,"[""V1-1"", ""V1-10"", ""V1-11"", ""V1-12"", ""V1-13"", ""V1-14"", ""V1-2"", ""V1-4"", ""V1-5"", ""V1-7"", ""V1-9""]"
66c8631b3db5f70011e64805,"[""V1-1"", ""V1-10"", ""V1-11"", ""V1-12"", ""V1-13"", ""V1-14"", ""V1-2"", ""V1-4"", ""V1-5"", ""V1-7"", ""V1-9""]"
5fbcac40ba624b0015a61709,"[""V1-1"", ""V1-10"", ""V1-11"", ""V1-12"", ""V1-13"", ""V1-14"", ""V1-2"", ""V1-4"", ""V1-5"", ""V1-9"", ""V2-16""]"
65fa476ea576f30011b05d36,"[""V1-1"", ""V1-10"", ""V1-11"", ""V1-12"", ""V1-13"", ""V1-14"", ""V1-2"", ""V1-4"", ""V1-5"", ""V1-7"", ""V1-9""]"
67bc0dade07afc0011689ab9,"[""V1-1"", ""V1-10"", ""V1-11"", ""V1-12"", ""V1-13"", ""V1-14"", ""V1-2"", ""V1-4"", ""V1-5"", ""V1-7"", ""V1-9""]"
67e409397b1b830011800180,"[""V1-1"", ""V1-10"", ""V1-11"", ""V1-12"", ""V1-13"", ""V1-14"", ""V1-2"", ""V1-4"", ""V1-5"", ""V1-7"", ""V1-9""]"
5cc173c6d788b30012b2ff51,"[""V1-1"", ""V1-10"", ""V1-11"", ""V1-12"", ""V1-13"", ""V1-14"", ""V1-2"", ""V1-4"", ""V1-5"", ""V1-9""]"
5eb4c67d5e6ebc00166b8d04,"[""V1-1"", ""V1-10"", ""V1-11"", ""V1-12"", ""V1-13"", ""V1-14"", ""V1-2"", ""V1-4"", ""V1-5"", ""V1-9""]"
66e545690f05bd0011e185b8,"[""V1-1"", ""V1-10"", ""V1-11"", ""V1-12"", ""V1-13"", ""V1-14"", ""V1-2"", ""V1-4"", ""V1-5"", ""V1-7"", ""V1-9""]"
604a7ccb4f898b00151e2797,"[""V1-1"", ""V1-10"", ""V1-11"", ""V1-12"", ""V1-13"", ""V1-14"", ""V1-2"", ""V1-4"", ""V1-5"", ""V1-7"", ""V1-9""]"
5ac42fbc4ef24f72ce45d5e7,"[""V1-1"", ""V1-10"", ""V1-11"", ""V1-12"", ""V1-13"", ""V1-14"", ""V1-2"", ""V1-4"", ""V1-5"", ""V1-9""]"
561e8d946b8d90f61a001e51,"[""V1-1"", ""V1-10"", ""V1-11"", ""V1-12"", ""V1-13"", ""V1-14"", ""V1-2"", ""V1-4"", ""V1-5"", ""V1-7"", ""V1-9""]"
66489a52557b6e0011538fab,"[""V1-1"", ""V1-10"", ""V1-11"", ""V1-12"", ""V1-13"", ""V1-14"", ""V1-2"", ""V1-4"", ""V1-5"", ""V1-7"", ""V1-9""]"
693ff17dacc6e5cd2311ae4b,"[""V1-1"", ""V1-10"", ""V1-11"", ""V1-12"", ""V1-13"", ""V1-14"", ""V1-2"", ""V1-4"", ""V1-5"", ""V1-7"", ""V1-9""]"
5cd2a8723b1ebe0018ed251b,"[""V1-1"", ""V1-10"", ""V1-11"", ""V1-12"", ""V1-13"", ""V1-14"", ""V1-2"", ""V1-4"", ""V1-5"", ""V1-9""]"
561e8d946b8d90f61a001853,"[""V1-1"", ""V1-10"", ""V1-11"", ""V1-12"", ""V1-13"", ""V1-14"", ""V1-2"", ""V1-4"", ""V1-5"", ""V1-9""]"
5f58b1ac675b0600157e7105,"[""V1-1"", ""V1-10"", ""V1-11"", ""V1-12"", ""V1-13"", ""V1-14"", ""V1-2"", ""V1-4"", ""V1-5"", ""V1-9""]"
65950837ab2b48001129b412,"[""V1-1"", ""V1-10"", ""V1-11"", ""V1-12"", ""V1-13"", ""V1-14"", ""V1-2"", ""V1-4"", ""V1-5"", ""V1-9""]"
66d849c60514b700113ccef3,"[""V1-1"", ""V1-10"", ""V1-11"", ""V1-12"", ""V1-13"", ""V1-14"", ""V1-2"", ""V1-4"", ""V1-5"", ""V1-7"", ""V1-9""]"
5c0f52afec6d3545c59ee54e,"[""V1-1"", ""V1-10"", ""V1-11"", ""V1-12"", ""V1-13"", ""V1-14"", ""V1-2"", ""V1-4"", ""V1-5"", ""V1-9""]"
61b39b8ac33ab1001726cb2d,"[""V1-1"", ""V1-10"", ""V1-11"", ""V1-12"", ""V1-13"", ""V1-14"", ""V1-2"", ""V1-4"", ""V1-5"", ""V1-9""]"
66e148cb6c51490011ca574a,"[""V1-1"", ""V1-10"", ""V1-11"", ""V1-12"", ""V1-13"", ""V1-14"", ""V1-2"", ""V1-4"", ""V1-5"", ""V1-7"", ""V1-9""]"
68ca90f7cdcaeb20374f5716,"[""V1-1"", ""V1-10"", ""V1-11"", ""V1-12"", ""V1-13"", ""V1-14"", ""V1-2"", ""V1-4"", ""V1-5"", ""V1-7"", ""V1-9""]"
57d2eef0e719d7871d00006e,"[""V1-1"", ""V1-10"", ""V1-11"", ""V1-12"", ""V1-13"", ""V1-14"", ""V1-2"", ""V1-4"", ""V1-5"", ""V1-9""]"
610a97385335b40017097b19,"[""V1-1"", ""V1-10"", ""V1-11"", ""V1-12"", ""V1-13"", ""V1-14"", ""V1-2"", ""V1-4"", ""V1-5"", ""V1-7"", ""V1-9"", ""V2-16"", ""V2-3""]"
691f18db3fcd392133e21961,"[""V1-1"", ""V1-10"", ""V1-11"", ""V1-12"", ""V1-13"", ""V1-14"", ""V1-2"", ""V1-4"", ""V1-5"", ""V1-7"", ""V1-9""]"
66682afd3c533100115dea8e,"[""V1-1"", ""V1-10"", ""V1-11"", ""V1-12"", ""V1-13"", ""V1-14"", ""V1-2"", ""V1-4"", ""V1-5"", ""V1-7"", ""V1-9""]"
62ea666c62b76e001b3eca4f,"[""V1-1"", ""V1-10"", ""V1-11"", ""V1-12"", ""V1-13"", ""V1-14"", ""V1-2"", ""V1-4"", ""V1-5"", ""V1-6"", ""V1-7"", ""V1-9"", ""V2-6""]"
5c6a96f373ca3d6bbe3fff38,"[""V1-1"", ""V1-10"", ""V1-11"", ""V1-12"", ""V1-13"", ""V1-14"", ""V1-2"", ""V1-4"", ""V1-5"", ""V1-7"", ""V1-9""]"
62d1322c42406e001be69514,"[""V1-1"", ""V1-10"", ""V1-11"", ""V1-12"", ""V1-13"", ""V1-14"", ""V1-2"", ""V1-4"", ""V1-5"", ""V1-7"", ""V1-9""]"
561e8d946b8d90f61a001541,"[""V1-1"", ""V1-10"", ""V1-11"", ""V1-12"", ""V1-13"", ""V1-14"", ""V1-2"", ""V1-4"", ""V1-5"", ""V1-7"", ""V1-9""]"
693cdc3aaa92acbac5360f24,"[""V1-1"", ""V1-10"", ""V1-11"", ""V1-12"", ""V1-13"", ""V1-14"", ""V1-2"", ""V1-4"", ""V1-5"", ""V1-7"", ""V1-9""]"
561e8d976b8d90f61a00409c,"[""V1-1"", ""V1-10"", ""V1-11"", ""V1-12"", ""V1-13"", ""V1-14"", ""V1-2"", ""V1-4"", ""V1-5"", ""V1-7"", ""V1-9""]"
5886afcdac910ac331000015,"[""V1-1"", ""V1-10"", ""V1-11"", ""V1-12"", ""V1-13"", ""V1-14"", ""V1-2"", ""V1-4"", ""V1-5"", ""V1-9""]"
5e072f709b72ee0018763bc3,"[""V1-1"", ""V1-10"", ""V1-11"", ""V1-12"", ""V1-13"", ""V1-14"", ""V1-2"", ""V1-4"", ""V1-5"", ""V1-7"", ""V1-9""]"
66cc1f476f113e00119863ee,"[""V1-1"", ""V1-10"", ""V1-11"", ""V1-12"", ""V1-13"", ""V1-14"", ""V1-2"", ""V1-4"", ""V1-5"", ""V1-7"", ""V1-9""]"
5e5381e2bd20d800170948e8,"[""V1-1"", ""V1-10"", ""V1-11"", ""V1-12"", ""V1-13"", ""V1-14"", ""V1-2"", ""V1-4"", ""V1-5"", ""V1-7"", ""V1-9""]"
67a71a4dce727c001181b80d,"[""V1-1"", ""V1-10"", ""V1-11"", ""V1-12"", ""V1-13"", ""V1-14"", ""V1-2"", ""V1-4"", ""V1-5"", ""V1-7"", ""V1-9""]"
686c8b9cf56dd70011f46f36,"[""V1-1"", ""V1-10"", ""V1-11"", ""V1-12"", ""V1-13"", ""V1-14"", ""V1-2"", ""V1-3"", ""V1-4"", ""V1-5"", ""V1-6"", ""V1-7"", ""V1-9"", ""V2-10"", ""V2-12"", ""V2-13"", ""V2-14"", ""V2-15"", ""V2-16"", ""V2-17"", ""V2-5"", ""V2-9""]"
67a2e105ce727c001181897c,"[""V1-1"", ""V1-10"", ""V1-11"", ""V1-12"", ""V1-13"", ""V1-14"", ""V1-2"", ""V1-4"", ""V1-5"", ""V1-7"", ""V1-9""]"
5d130cdf37472100170775e1,"[""V1-1"", ""V1-10"", ""V1-11"", ""V1-12"", ""V1-13"", ""V1-14"", ""V1-2"", ""V1-3"", ""V1-4"", ""V1-5"", ""V1-6"", ""V1-7"", ""V1-9"", ""V2-1"", ""V2-12"", ""V2-13"", ""V2-14"", ""V2-15"", ""V2-16"", ""V2-18"", ""V2-19"", ""V2-21"", ""V2-5"", ""V2-9""]"
654511291f514a0011d49c74,"[""V1-1"", ""V1-10"", ""V1-11"", ""V1-12"", ""V1-13"", ""V1-14"", ""V1-2"", ""V1-4"", ""V1-5"", ""V1-7"", ""V1-9""]"
6155ad11120d4a0017386a18,"[""V1-1"", ""V1-10"", ""V1-11"", ""V1-12"", ""V1-13"", ""V1-14"", ""V1-2"", ""V1-5"", ""V1-9""]"
668f645b39a54a001129efc1,"[""V1-1"", ""V1-10"", ""V1-11"", ""V1-12"", ""V1-13"", ""V1-14"", ""V1-2"", ""V1-4"", ""V1-5"", ""V1-7"", ""V1-9""]"
62ed34b9c7573a0017012671,"[""V1-1"", ""V1-10"", ""V1-11"", ""V1-12"", ""V1-13"", ""V1-14"", ""V1-2"", ""V1-4"", ""V1-5"", ""V1-7"", ""V1-9""]"
63f2d8738495cb0015019d7e,"[""V1-13""]"
62bfddc4553335001b671041,"[""V1-1"", ""V1-10"", ""V1-11"", ""V1-12"", ""V1-13"", ""V1-14"", ""V1-2"", ""V1-4"", ""V1-5"", ""V1-7"", ""V1-9""]"
571e02473fcc597c3900003b,"[""V1-1"", ""V1-10"", ""V1-11"", ""V1-12"", ""V1-14"", ""V1-2"", ""V1-4"", ""V1-5"", ""V1-9""]"
666abf90cbf9b5001145b243,"[""V1-1"", ""V1-10"", ""V1-11"", ""V1-12"", ""V1-13"", ""V1-14"", ""V1-2"", ""V1-4"", ""V1-5"", ""V1-7"", ""V1-9""]"
561e8d936b8d90f61a0013cf,"[""V1-1"", ""V1-10"", ""V1-11"", ""V1-12"", ""V1-13"", ""V1-14"", ""V1-2"", ""V1-3"", ""V1-4"", ""V1-5"", ""V1-7"", ""V1-9"", ""V2-13"", ""V2-15"", ""V2-16"", ""V2-19"", ""V2-5"", ""V2-9""]"
679868362d6d8a00115eb04b,"[""V1-1"", ""V1-10"", ""V1-11"", ""V1-12"", ""V1-13"", ""V1-14"", ""V1-2"", ""V1-4"", ""V1-5"", ""V1-7"", ""V1-9""]"
561e8d966b8d90f61a0039ab,"[""V1-1"", ""V1-10"", ""V1-11"", ""V1-12"", ""V1-13"", ""V1-14"", ""V1-2"", ""V1-4"", ""V1-5"", ""V1-9""]"
5f6830b5352f2900152f8a5a,"[""V1-1"", ""V1-10"", ""V1-11"", ""V1-12"", ""V1-13"", ""V1-14"", ""V1-2"", ""V1-4"", ""V1-5"", ""V1-6"", ""V1-7"", ""V1-9""]"
59baf14999eaaa880a002c38,"[""V1-1"", ""V1-10"", ""V1-13"", ""V1-14"", ""V1-2"", ""V1-9""]"
69539cc1215711e3530d17f8,"[""V1-1"", ""V1-10"", ""V1-11"", ""V1-12"", ""V1-13"", ""V1-14"", ""V1-2"", ""V1-4"", ""V1-5"", ""V1-7"", ""V1-9""]"
630ef0afa06121001bbb55a9,"[""V1-1"", ""V1-10"", ""V1-11"", ""V1-12"", ""V1-13"", ""V1-14"", ""V1-2"", ""V1-4"", ""V1-5"", ""V1-7"", ""V1-9""]"
65f1ab3f0ab4250011ef36b5,"[""V1-1"", ""V1-10"", ""V1-11"", ""V1-12"", ""V1-13"", ""V1-14"", ""V1-2"", ""V1-4"", ""V1-5"", ""V1-7"", ""V1-9""]"
5746d3108e99b7da740000ad,"[""V1-1"", ""V1-10"", ""V1-11"", ""V1-12"", ""V1-13"", ""V1-14"", ""V1-2"", ""V1-4"", ""V1-5"", ""V1-6"", ""V1-7"", ""V1-9"", ""V2-10"", ""V2-13"", ""V2-16"", ""V2-21"", ""V2-3""]"
57fb4876297c8ce634000039,"[""V1-1"", ""V1-10"", ""V1-11"", ""V1-12"", ""V1-13"", ""V1-14"", ""V1-2"", ""V1-3"", ""V1-4"", ""V1-5"", ""V1-6"", ""V1-7"", ""V1-9""]"
610a5420abaef100175b924d,"[""V1-1"", ""V1-10"", ""V1-11"", ""V1-12"", ""V1-13"", ""V1-14"", ""V1-2"", ""V1-3"", ""V1-4"", ""V1-5"", ""V1-6"", ""V1-7"", ""V1-9"", ""V2-14""]"
5a1aede25cc4979d7400c935,"[""V1-1"", ""V1-10"", ""V1-11"", ""V1-12"", ""V1-13"", ""V1-14"", ""V1-2"", ""V1-4"", ""V1-5"", ""V1-9"", ""V2-16""]"
57c05f735b2bd4fa24000030,"[""V1-1"", ""V1-10"", ""V1-11"", ""V1-12"", ""V1-13"", ""V1-14"", ""V1-2"", ""V1-4"", ""V1-5"", ""V1-6"", ""V1-7"", ""V1-9"", ""V2-16"", ""V2-3""]"
691300ff50bffb2bb3a10d66,"[""V1-1"", ""V1-10"", ""V1-11"", ""V1-12"", ""V1-13"", ""V1-14"", ""V1-2"", ""V1-4"", ""V1-5"", ""V1-7"", ""V1-9""]"
60afcdd4407e6d0018810836,"[""V1-1"", ""V1-10"", ""V1-11"", ""V1-12"", ""V1-13"", ""V1-14"", ""V1-2"", ""V1-4"", ""V1-5"", ""V1-9""]"
6264fcbf56d5fd0011a66a2e,"[""V1-1"", ""V1-10"", ""V1-11"", ""V1-12"", ""V1-13"", ""V1-14"", ""V1-2"", ""V1-4"", ""V1-5"", ""V1-9""]"
5c4698f387314c74d39455da,"[""V1-1"", ""V1-10"", ""V1-11"", ""V1-12"", ""V1-13"", ""V1-14"", ""V1-2"", ""V1-4"", ""V1-5"", ""V1-7"", ""V1-9""]"
614d6b2d47bd8d00170030ca,"[""V1-1"", ""V1-10"", ""V1-11"", ""V1-12"", ""V1-13"", ""V1-14"", ""V1-2"", ""V1-4"", ""V1-5"", ""V1-7"", ""V1-9""]"
67af94af2d6d8a00115f77e7,"[""V1-1"", ""V1-10"", ""V1-11"", ""V1-12"", ""V1-13"", ""V1-14"", ""V1-2"", ""V1-4"", ""V1-5"", ""V1-7"", ""V1-9""]"
5b513c3a8050575da717f52a,"[""V1-10"", ""V1-11"", ""V1-12"", ""V1-14"", ""V1-2""]"
64fece6f27f7020011a8b65f,"[""V1-1"", ""V1-10"", ""V1-11"", ""V1-12"", ""V1-13"", ""V1-14"", ""V1-2"", ""V1-4"", ""V1-5"", ""V1-7"", ""V1-9""]"
6140b93df325530017ebcca3,"[""V1-1"", ""V1-10"", ""V1-11"", ""V1-12"", ""V1-13"", ""V1-14"", ""V1-2"", ""V1-3"", ""V1-4"", ""V1-5"", ""V1-6"", ""V1-7"", ""V1-9""]"
649dcc52cc1081001190a228,"[""V1-1"", ""V1-10"", ""V1-11"", ""V1-12"", ""V1-13"", ""V1-14"", ""V1-2"", ""V1-4"", ""V1-5"", ""V1-7"", ""V1-9""]"
60c71d9d6b22ac0017d0bca4,"[""V1-1"", ""V1-10"", ""V1-11"", ""V1-12"", ""V1-13"", ""V1-14"", ""V1-2"", ""V1-3"", ""V1-4"", ""V1-5"", ""V1-6"", ""V1-7"", ""V1-9"", ""V2-1"", ""V2-13"", ""V2-14"", ""V2-16"", ""V2-18"", ""V2-21"", ""V2-3""]"
606b29ab14eb890015bd2f01,"[""V1-1"", ""V1-10"", ""V1-13"", ""V1-14"", ""V1-2"", ""V1-4"", ""V1-9""]"
6915398050bffb2bb3a12605,"[""V1-1"", ""V1-10"", ""V1-11"", ""V1-12"", ""V1-13"", ""V1-14"", ""V1-2"", ""V1-4"", ""V1-5"", ""V1-7"", ""V1-9""]"
680b0906f615890011048c59,"[""V1-1"", ""V1-10"", ""V1-11"", ""V1-12"", ""V1-13"", ""V1-14"", ""V1-2"", ""V1-4"", ""V1-5"", ""V1-7"", ""V1-9""]"
561e8d936b8d90f61a000c29,"[""V1-1"", ""V1-10"", ""V1-11"", ""V1-12"", ""V1-13"", ""V1-14"", ""V1-2"", ""V1-4"", ""V1-5"", ""V1-6"", ""V1-9""]"
645382d9ff6cc5001440b5a1,"[""V1-1"", ""V1-10"", ""V1-11"", ""V1-12"", ""V1-13"", ""V1-14"", ""V1-2"", ""V1-4"", ""V1-5"", ""V1-7"", ""V1-9""]"
695dd01f2334b471dc1dec59,"[""V1-1"", ""V1-10"", ""V1-11"", ""V1-12"", ""V1-13"", ""V1-14"", ""V1-2"", ""V1-4"", ""V1-5"", ""V1-7"", ""V1-9""]"
63d229657d9fc60014b1afdf,"[""V1-1"", ""V1-10"", ""V1-11"", ""V1-12"", ""V1-13"", ""V1-14"", ""V1-2"", ""V1-4"", ""V1-5"", ""V1-9""]"
61a48b142787820017b43e27,"[""V1-1"", ""V1-10"", ""V1-11"", ""V1-12"", ""V1-13"", ""V1-14"", ""V1-2"", ""V1-4"", ""V1-5"", ""V1-7"", ""V1-9""]"
6093fd75b33a50001533d418,"[""V1-1"", ""V1-10"", ""V1-11"", ""V1-12"", ""V1-13"", ""V1-14"", ""V1-2"", ""V1-4"", ""V1-5"", ""V1-7"", ""V1-9"", ""V2-2""]"
684804f4806ba900114788aa,"[""V1-1"", ""V1-10"", ""V1-11"", ""V1-12"", ""V1-13"", ""V1-14"", ""V1-2"", ""V1-4"", ""V1-5"", ""V1-7"", ""V1-9""]"
67347bc8d694410011b7e2ef,"[""V1-1"", ""V1-10"", ""V1-11"", ""V1-12"", ""V1-13"", ""V1-14"", ""V1-2"", ""V1-4"", ""V1-5"", ""V1-7"", ""V1-9""]"
56cff4d39deefe246000001d,"[""V1-1"", ""V1-10"", ""V1-11"", ""V1-12"", ""V1-13"", ""V1-14"", ""V1-2"", ""V1-4"", ""V1-5"", ""V1-9""]"
5c2e46140360b14200b6259c,"[""V1-1"", ""V1-10"", ""V1-11"", ""V1-12"", ""V1-13"", ""V1-14"", ""V1-2"", ""V1-4"", ""V1-5"", ""V1-9""]"
68b95a589a39b4828a65a39e,"[""V1-1"", ""V1-10"", ""V1-11"", ""V1-12"", ""V1-13"", ""V1-14"", ""V1-2"", ""V1-4"", ""V1-5"", ""V1-7"", ""V1-9""]"
695f2ae70199fcad0553cb4d,"[""V1-1"", ""V1-10"", ""V1-11"", ""V1-12"", ""V1-13"", ""V1-14"", ""V1-2"", ""V1-4"", ""V1-5"", ""V1-7"", ""V1-9""]"
6582b6cb32ddea0011e06caf,"[""V1-1"", ""V1-10"", ""V1-11"", ""V1-12"", ""V1-13"", ""V1-14"", ""V1-2"", ""V1-4"", ""V1-5"", ""V1-7"", ""V1-9""]"
6422c3cb80513f00143dca6e,"[""V1-1"", ""V1-10"", ""V1-11"", ""V1-12"", ""V1-13"", ""V1-14"", ""V1-2"", ""V1-4"", ""V1-5"", ""V1-7"", ""V1-9""]"
5de9e38ecca8210018d5923b,"[""V1-1"", ""V1-10"", ""V1-11"", ""V1-12"", ""V1-13"", ""V1-14"", ""V1-2"", ""V1-4"", ""V1-5"", ""V1-9""]"
680ef700e2291a001165c3eb,"[""V1-1"", ""V1-10"", ""V1-11"", ""V1-12"", ""V1-13"", ""V1-14"", ""V1-2"", ""V1-4"", ""V1-5"", ""V1-6"", ""V1-7"", ""V1-9"", ""V2-10"", ""V2-11"", ""V2-13"", ""V2-16"", ""V2-2"", ""V2-3"", ""V2-9""]"
67b440da04718500114423f1,"[""V1-1"", ""V1-10"", ""V1-11"", ""V1-12"", ""V1-13"", ""V1-14"", ""V1-2"", ""V1-4"", ""V1-5"", ""V1-7"", ""V1-9""]"
6096c425afa24b0015e74f6f,"[""V1-1"", ""V1-10"", ""V1-11"", ""V1-12"", ""V1-13"", ""V1-14"", ""V1-2"", ""V1-4"", ""V1-5"", ""V1-7"", ""V1-9""]"
653b61bc1f514a0011d4160d,"[""V1-1"", ""V1-10"", ""V1-11"", ""V1-12"", ""V1-13"", ""V1-14"", ""V1-2"", ""V1-4"", ""V1-5"", ""V1-7"", ""V1-9""]"
65d8443ea3d8e1001192a39d,"[""V1-1"", ""V1-10"", ""V1-11"", ""V1-12"", ""V1-13"", ""V1-14"", ""V1-2"", ""V1-4"", ""V1-5"", ""V1-7"", ""V1-9""]"
6489be1351d9b2001171762b,"[""V1-1"", ""V1-10"", ""V1-11"", ""V1-12"", ""V1-13"", ""V1-14"", ""V1-2"", ""V1-4"", ""V1-5"", ""V1-7"", ""V1-9""]"
68cd1ed00f90835398be25f1,"[""V1-1"", ""V1-10"", ""V1-11"", ""V1-12"", ""V1-13"", ""V1-14"", ""V1-2"", ""V1-4"", ""V1-5"", ""V1-7"", ""V1-9""]"
5fb606d23069cd0015df7a85,"[""V1-1"", ""V1-10"", ""V1-11"", ""V1-12"", ""V1-13"", ""V1-14"", ""V1-2"", ""V1-4"", ""V1-5"", ""V1-9""]"
6486da2ba6bfa20014cb5d31,"[""V1-1"", ""V1-10"", ""V1-11"", ""V1-12"", ""V1-13"", ""V1-14"", ""V1-2"", ""V1-4"", ""V1-5"", ""V1-7"", ""V1-9""]"
69930b23eea67583ba0c3092,"[""V1-1"", ""V1-10"", ""V1-11"", ""V1-12"", ""V1-13"", ""V1-14"", ""V1-2"", ""V1-4"", ""V1-5"", ""V1-7"", ""V1-9""]"
65e71ba517069f0011a36cfa,"[""V1-1"", ""V1-10"", ""V1-11"", ""V1-12"", ""V1-13"", ""V1-14"", ""V1-2"", ""V1-4"", ""V1-5"", ""V1-6"", ""V1-7"", ""V1-9"", ""V2-16"", ""V2-21"", ""V2-3""]"
561e8d956b8d90f61a0030cf,"[""V1-1"", ""V1-10"", ""V1-11"", ""V1-12"", ""V1-13"", ""V1-14"", ""V1-2"", ""V1-4"", ""V1-5"", ""V1-6"", ""V1-9"", ""V2-13"", ""V2-16""]"
561e8d976b8d90f61a0045d9,"[""V1-1"", ""V1-10"", ""V1-11"", ""V1-12"", ""V1-13"", ""V1-14"", ""V1-2"", ""V1-4"", ""V1-5"", ""V1-9""]"
69834b2ea3ac73e99b7077db,"[""V1-1"", ""V1-10"", ""V1-11"", ""V1-12"", ""V1-13"", ""V1-14"", ""V1-2"", ""V1-4"", ""V1-5"", ""V1-6"", ""V1-7"", ""V1-9"", ""V2-16""]"
629d92e3affdb4001b645f5a,"[""V1-1"", ""V1-10"", ""V1-11"", ""V1-12"", ""V1-13"", ""V1-14"", ""V1-2"", ""V1-4"", ""V1-5"", ""V1-7"", ""V1-9""]"
5b4f0f700aa32c4f543a8b82,"[""V1-1"", ""V1-10"", ""V1-11"", ""V1-12"", ""V1-13"", ""V1-14"", ""V1-2"", ""V1-4"", ""V1-5"", ""V1-9""]"
65b10d6ad5f847001168a1ea,"[""V1-1"", ""V1-10"", ""V1-11"", ""V1-12"", ""V1-13"", ""V1-14"", ""V1-2"", ""V1-4"", ""V1-5"", ""V1-9""]"
