pub_account,pub_account_id,region,am_name,pub_app,pub_app_id,pub_market_id,pub_daily_spend,total_combos,exempted_combo_count,missing_combo_count,missing_combos,dk_app_daily_spend_exempted,exempted_combo_network_daily,missing_combo_network_daily,dk_combo_network_daily_total,penetration_rate,est_uplift_missed_daily
Mattel163 Limited,5b0fc58f19829714e5ad0d2f,APAC,Aria Gao,Phase 10 iOS,5d81c924bf4aa20017e95920,1463509237,2148.0516,10,6,4,"Combo3,Combo4,Combo6,Combo7",175.8492,28372.1576,14254.4743,42626.6319,0.00412534,58.8045
OAKEVER GAMES PTE LTD,5b975fcedc73276356309362,APAC,Aria Gao,Arrows GO! iOS,69c2954b7c25f96d75ccd5f2,6758326278,2911.1141,10,2,8,"Combo3,Combo4,Combo5,Combo6,Combo7,Combo8,Combo9,Combo10",82.7754,22824.9941,19801.6378,42626.6319,0.00194187,38.4522
Skywork AI PTELTD,67c01767cc8ae200116e5d00,APAC,Ronald Long,dramawave-安卓,67c0237dee9356aafba1ccdb,com.dramawave.app,23919.9714,10,6,4,"Combo5,Combo8,Combo9,Combo10",175.7501,37079.4684,5547.1635,42626.6319,0.00412301,22.871
Scopely,561e8d966b8d90f61a003414,Americas,Natalie Kenyon,Scrabble Go,59e7db9b598ece421700ded4,1215933788,6051.7925,10,8,2,"Combo4,Combo7",121.1704,37570.8181,5055.8138,42626.6319,0.0028426,14.3716
Voodoo,56d55c72562b9c353800000d,EMEA,Hadil Salameh,Mob Control,60994b96c5d1524132e8e1a7,1562817072,1920.8751,10,8,2,"Combo4,Combo7",120.6636,37570.8181,5055.8138,42626.6319,0.00283071,14.3115
Bluetile Games,64803209bfd9aa0011593484,EMEA,Tori Edwards,Solitaire - Card Game,64a41edf830ec394da0090b7,com.playvalve.solitaire,815.1386,10,6,4,"Combo3,Combo4,Combo6,Combo7",33.4532,28372.1576,14254.4743,42626.6319,0.0007848,11.1869
Mattel163 Limited,5b0fc58f19829714e5ad0d2f,APAC,Aria Gao,Skip-Bo iOS,60891c6075dd9017131842c0,1538912205,663.0106,10,6,4,"Combo3,Combo4,Combo6,Combo7",32.5177,28372.1576,14254.4743,42626.6319,0.00076285,10.874
Bluetile Games,64803209bfd9aa0011593484,EMEA,Tori Edwards,Spades Stars,65ba16acd5857e078ac1c087,6467129657,581.0344,10,6,4,"Combo3,Combo4,Combo6,Combo7",25.6423,28372.1576,14254.4743,42626.6319,0.00060156,8.5749
FARSUN PTE LTD,66aafef7514c00001147c0c9,APAC,Harper Zhang,FlickReels,66ac9c873343191babdad3e8,com.zyhwplatform.shortplay,1012.3075,10,4,6,"Combo4,Combo5,Combo7,Combo8,Combo9,Combo10",32.1061,32023.6546,10602.9773,42626.6319,0.00075319,7.9861
Bluetile Games,64803209bfd9aa0011593484,EMEA,Tori Edwards,Water Sortpuz,64e4c1ec575deb9efd61dafb,1615960653,594.5179,10,6,4,"Combo3,Combo4,Combo6,Combo7",22.1799,28372.1576,14254.4743,42626.6319,0.00052033,7.417
Bluetile Games,64803209bfd9aa0011593484,EMEA,Tori Edwards,Word Search - Word Puzzle Game,64a41f5638325e04da4db2f3,com.playvalve.wsjourney,698.0834,10,6,4,"Combo3,Combo4,Combo6,Combo7",18.933,28372.1576,14254.4743,42626.6319,0.00044416,6.3313
INJOY TECHNOLOGY PTE.LTD.,5f687c6436ca1e0016d5fd6d,APAC,Seven Tu,SHAREit,64db6180d4592a1f1c806bde,725215120,1482.4063,10,4,6,"Combo4,Combo5,Combo7,Combo8,Combo9,Combo10",24.1867,32023.6546,10602.9773,42626.6319,0.00056741,6.0162
Bluetile Games,64803209bfd9aa0011593484,EMEA,Tori Edwards,Solitaire - The #1 Card Game,6526703e4168a1c19383dcff,1578681725,719.1781,10,6,4,"Combo3,Combo4,Combo6,Combo7",16.8703,28372.1576,14254.4743,42626.6319,0.00039577,5.6415
X-FLOW LTD,5b1526a7de961d3317b1d475,EMEA,Kseniia Fesenko,Happy Color iOS (NEW),603cf6d080c4a228357168ea,1407852246,13623.4338,10,6,4,"Combo5,Combo8,Combo9,Combo10",40.5245,37079.4684,5547.1635,42626.6319,0.00095069,5.2736
Skywork AI PTELTD,67c01767cc8ae200116e5d00,APAC,Ronald Long,FreeReels-iOS,6970c7fe73c0a231fff79cc7,6738081517,3320.4948,10,6,4,"Combo5,Combo8,Combo9,Combo10",37.1674,37079.4684,5547.1635,42626.6319,0.00087193,4.8367
Scopely,561e8d966b8d90f61a003414,Americas,Natalie Kenyon,Wheel of Fortune - iOS,579c0497be7334703a000072,898040123,657.6067,10,8,2,"Combo4,Combo7",40.2407,37570.8181,5055.8138,42626.6319,0.00094403,4.7728
Bluetile Games,64803209bfd9aa0011593484,EMEA,Tori Edwards,Dominoes Master: Classic Game,66cd6740334673785d02ece9,6467129396,683.7022,10,6,4,"Combo3,Combo4,Combo6,Combo7",13.5521,28372.1576,14254.4743,42626.6319,0.00031793,4.5319
Bluetile Games,64803209bfd9aa0011593484,EMEA,Tori Edwards,Yatzy - Fun Classic Dice Game,649fd139847c940a560e47aa,com.playvalve.yatzy,730.9495,10,6,4,"Combo3,Combo4,Combo6,Combo7",13.088,28372.1576,14254.4743,42626.6319,0.00030704,4.3767
HITAPPS GAMES LTD,6021599b8b3e5600159fcc76,EMEA,Beth Taylor-Lowen,Connect Word iOS,66ed44a4f909844620b79258,6692629257,1069.3365,10,6,4,"Combo3,Combo4,Combo6,Combo7",12.987,28372.1576,14254.4743,42626.6319,0.00030467,4.3429
Aged Studio Limited,5fc7301f7a7f0200153979c7,APAC,Seven Tu,Aged_Solitaire_IOS,65a909094b4b5121d92d9993,1482887935,943.5261,10,8,2,"Combo4,Combo7",35.9109,37570.8181,5055.8138,42626.6319,0.00084245,4.2593
HIGAME Jsc,62664065ca13b50011fb00a2,APAC,Nam Trinh,Milk Tea iDrink Joke,666979901c5137fed0edf34e,6444123306,1551.55,10,2,8,"Combo3,Combo4,Combo5,Combo6,Combo7,Combo8,Combo9,Combo10",8.4468,22824.9941,19801.6378,42626.6319,0.00019816,3.9238
Bluetile Games,64803209bfd9aa0011593484,EMEA,Tori Edwards,Dominoes Masters,66166d8dc0c070078a977c88,com.playvalve.dominoes,801.3498,10,6,4,"Combo3,Combo4,Combo6,Combo7",11.4281,28372.1576,14254.4743,42626.6319,0.0002681,3.8216
Voodoo,56d55c72562b9c353800000d,EMEA,Hadil Salameh,Epic Plane Evolution,66b0c2e2e33c9a548741f773,6504122823,936.4398,10,8,2,"Combo4,Combo7",27.0801,37570.8181,5055.8138,42626.6319,0.00063529,3.2119
Bluetile Games,64803209bfd9aa0011593484,EMEA,Tori Edwards,Yatzy - Dice Game,649eeab39018de0fbec588f6,1602149052,506.2068,10,6,4,"Combo3,Combo4,Combo6,Combo7",9.1582,28372.1576,14254.4743,42626.6319,0.00021485,3.0625
Playsimple Games,568b8cb3bb2089a80600000a,Americas,Rutvij Jadav,Word Search Explorer,625d3d93b090bdfbd3c527c0,in.playsimple.wordsearch,1639.7783,10,8,2,"Combo4,Combo7",25.7923,37570.8181,5055.8138,42626.6319,0.00060507,3.0591
Voodoo,56d55c72562b9c353800000d,EMEA,Hadil Salameh,Aquapark.io,5cd9793d9ccc2b0012438b7c,1453989822,710.5107,10,8,2,"Combo4,Combo7",24.2863,37570.8181,5055.8138,42626.6319,0.00056974,2.8805
Scopely,561e8d966b8d90f61a003414,Americas,Natalie Kenyon,New YAHTZEE® With Buddies – Fun Game for Friends,591539d970abb44126000394,com.scopely.yux,649.5941,10,8,2,"Combo4,Combo7",23.8124,37570.8181,5055.8138,42626.6319,0.00055863,2.8243
FARSUN PTE LTD,66aafef7514c00001147c0c9,APAC,Harper Zhang,FlickReels,66ab1f501ea687af3dc00e4e,6514312894,893.8792,10,8,2,"Combo4,Combo7",23.3949,37570.8181,5055.8138,42626.6319,0.00054883,2.7748
Playsimple Games,568b8cb3bb2089a80600000a,Americas,Rutvij Jadav,Daily Themed Crossword - A Fun crossword Android,5af5545d8e03cf7acee13a66,in.crossy.daily_crossword,926.4727,10,8,2,"Combo4,Combo7",19.855,37570.8181,5055.8138,42626.6319,0.00046579,2.3549
Gamebasics BV,561e8d936b8d90f61a000c29,,Sales Ops,Online Soccer Manager - iOS,6130d1b1e4bcd916bfa188d5,400201466,564.0222,10,4,6,"Combo4,Combo5,Combo7,Combo8,Combo9,Combo10",5.0294,32023.6546,10602.9773,42626.6319,0.00011799,1.251
Skywork AI PTELTD,67c01767cc8ae200116e5d00,APAC,Ronald Long,FreeReels-安卓,689b0fdef369593cb0e287e9,com.freereels.app,35620.5561,10,6,4,"Combo5,Combo8,Combo9,Combo10",8.9785,37079.4684,5547.1635,42626.6319,0.00021063,1.1684
Playsimple Games,568b8cb3bb2089a80600000a,Americas,Rutvij Jadav,Crossword Explorer,61fbd43bbb5dc5ef7a216388,1512407890,534.354,10,8,2,"Combo4,Combo7",9.1448,37570.8181,5055.8138,42626.6319,0.00021453,1.0846
SmartNews,67d0848db62d6b0011ccb35e,Americas,Lisa Tolentino,SmartNews iOS,67d272dadc73e19db732c198,579581125,13606.7959,10,6,4,"Combo5,Combo8,Combo9,Combo10",7.5467,37079.4684,5547.1635,42626.6319,0.00017704,0.9821
Mattel163 Limited,5b0fc58f19829714e5ad0d2f,APAC,Aria Gao,UNO!™,5b14f1027ea39141340a6ada,1344700142,2895.2487,10,6,4,"Combo3,Combo4,Combo6,Combo7",1.2032,28372.1576,14254.4743,42626.6319,2.823e-05,0.4024
Sliide,643d1561e09b08001442e672,EMEA,Beth Taylor-Lowen,T-Mobile Play,68d40d4f63e6cee0292ae24b,com.tmobile.m1,1119.1264,10,9,1,Combo4,4.1311,38796.1317,3830.5002,42626.6319,9.691e-05,0.3712
Easybrain Ltd,57d1b461ae2b57d903000027,EMEA,Dina Eraksan,Crossword Master GP,661556bb5b2dea6d39bb0063,com.easybrain.crossword.puzzles,8061.9121,10,6,4,"Combo3,Combo4,Combo6,Combo7",0.9285,28372.1576,14254.4743,42626.6319,2.178e-05,0.3105
Gravity Labs,677cecb33b9ea20011273987,APAC,Ives Cui,Moneywalk_iOS,677cf457a18672e70722b88f,1638253339,1417.9879,10,6,4,"Combo5,Combo8,Combo9,Combo10",1.937,37079.4684,5547.1635,42626.6319,4.544e-05,0.2521
Aged Studio Limited,5fc7301f7a7f0200153979c7,APAC,Seven Tu,Aged Solitaire GP,67d553af916355d36b9391fc,com.agedstudio.card.solitaire.klondike,771.6683,10,4,6,"Combo4,Combo5,Combo7,Combo8,Combo9,Combo10",0.8705,32023.6546,10602.9773,42626.6319,2.042e-05,0.2165
GeoTechnologies Inc.,5f45fb2f150074001547df11,APAC,Nam Trinh,トリマ-移動するだけでポイントが貯まる,5f45ffa82f1f7c000130fe19,1502193377,2510.4773,10,4,6,"Combo4,Combo5,Combo7,Combo8,Combo9,Combo10",0.4449,32023.6546,10602.9773,42626.6319,1.044e-05,0.1107
OAKEVER GAMES PTE LTD,5b975fcedc73276356309362,APAC,Aria Gao,Vita Mahjong Android,659e1333a5c8c578aac410f0,com.vitastudio.mahjong,69445.7427,10,6,4,"Combo3,Combo4,Combo6,Combo7",0.2068,28372.1576,14254.4743,42626.6319,4.85e-06,0.0692
Easybrain Ltd,57d1b461ae2b57d903000027,EMEA,Dina Eraksan,Backgammon GP,615dd65a5e0f3b245d50aa97,com.easybrain.backgammon.board.games,1609.4442,10,8,2,"Combo4,Combo7",0.3289,37570.8181,5055.8138,42626.6319,7.72e-06,0.039
Easybrain Ltd,57d1b461ae2b57d903000027,EMEA,Dina Eraksan,Jigsaw Puzzles Android,5cb99eb2e520d93f2a43c588,com.easybrain.jigsaw.puzzles,3278.9761,10,8,2,"Combo4,Combo7",0.1991,37570.8181,5055.8138,42626.6319,4.67e-06,0.0236
Easybrain Ltd,57d1b461ae2b57d903000027,EMEA,Dina Eraksan,Solitaire Spider GP,5ebc16f75ebede000128445b,com.easybrain.spider.solitaire,513.6172,10,8,2,"Combo4,Combo7",0.0863,37570.8181,5055.8138,42626.6319,2.02e-06,0.0102
Easybrain Ltd,57d1b461ae2b57d903000027,EMEA,Dina Eraksan,Sudoku - Classic Logic Puzzle Game,59d39cbfef6627a809002d5b,com.easybrain.sudoku.android,4265.0582,10,8,2,"Combo4,Combo7",0.0405,37570.8181,5055.8138,42626.6319,9.5e-07,0.0048
SmartNews,67d0848db62d6b0011ccb35e,Americas,Lisa Tolentino,SmartNews,67d272b5dc73e19db732c193,jp.gocro.smartnews.android,2759.772,10,6,4,"Combo5,Combo8,Combo9,Combo10",0.0214,37079.4684,5547.1635,42626.6319,5e-07,0.0028
Easybrain Ltd,57d1b461ae2b57d903000027,EMEA,Dina Eraksan,Blockudoku GP,5dc290cf1051eb0012a6b214,com.easybrain.block.puzzle.games,2959.6395,10,8,2,"Combo4,Combo7",0.0015,37570.8181,5055.8138,42626.6319,4e-08,0.0002
OAKEVER GAMES PTE LTD,5b975fcedc73276356309362,APAC,Aria Gao,Meowdoku And,69e0a7d4b6a93be17be97116,com.oakever.meowdoku,6974.7269,10,2,8,"Combo3,Combo4,Combo5,Combo6,Combo7,Combo8,Combo9,Combo10",0.0,22824.9941,19801.6378,42626.6319,0.0,0.0
SuperSonic Studios,5e3692d21cd3cb0018dd4329,EMEA,Beth Taylor-Lowen,Going Balls,5fa029b49f4c0275a7cf1372,1499081620,771.2801,10,4,6,"Combo4,Combo5,Combo7,Combo8,Combo9,Combo10",0.0,32023.6546,10602.9773,42626.6319,0.0,0.0
Gametion,561e8d956b8d90f61a0026fb,Americas,Rutvij Jadav,Ludo King,57bfce9a3ce6f97623000025,com.ludo.king,802.8256,10,4,6,"Combo4,Combo5,Combo7,Combo8,Combo9,Combo10",0.0,32023.6546,10602.9773,42626.6319,0.0,0.0
Voodoo,56d55c72562b9c353800000d,EMEA,Hadil Salameh,Paper.io 2,5b99403f45e58040ccdd7177,io.voodoo.paper2,3814.5932,10,4,6,"Combo4,Combo5,Combo7,Combo8,Combo9,Combo10",0.0,32023.6546,10602.9773,42626.6319,0.0,0.0
SmartNews,67d0848db62d6b0011ccb35e,Americas,Lisa Tolentino,SmartNews for docomo,69680f5935536525d31e36b2,com.nttdocomo.android.mymagazine,802.949,10,6,4,"Combo5,Combo8,Combo9,Combo10",0.0,37079.4684,5547.1635,42626.6319,0.0,0.0
Easybrain Ltd,57d1b461ae2b57d903000027,EMEA,Dina Eraksan,Number Match IOS,5fdfae0fc5d4c9ab8efa6701,1545567989,7299.1855,10,6,4,"Combo3,Combo4,Combo6,Combo7",0.0,28372.1576,14254.4743,42626.6319,0.0,0.0
Gametion,561e8d956b8d90f61a0026fb,Americas,Rutvij Jadav,Ludo King,57bd636e47a977322200001a,993090598,806.2307,10,4,6,"Combo4,Combo5,Combo7,Combo8,Combo9,Combo10",0.0,32023.6546,10602.9773,42626.6319,0.0,0.0
Voodoo,56d55c72562b9c353800000d,EMEA,Hadil Salameh,Ball Blast,5af56c332803314ab33837f0,1383187127,829.4025,10,4,6,"Combo4,Combo5,Combo7,Combo8,Combo9,Combo10",0.0,32023.6546,10602.9773,42626.6319,0.0,0.0
LOTUM Media GmbH,561e8d936b8d90f61a0014ca,EMEA,Hadil Salameh,4 Pics 1 Word Android,515aff900964d0f21f00000e,de.lotum.whatsinthefoto.us,850.5224,10,6,4,"Combo5,Combo8,Combo9,Combo10",0.0,37079.4684,5547.1635,42626.6319,0.0,0.0
Voodoo,56d55c72562b9c353800000d,EMEA,Hadil Salameh,Flappy Dunk,5950d4eef493bbec54002184,1235581326,901.4023,10,4,6,"Combo4,Combo5,Combo7,Combo8,Combo9,Combo10",0.0,32023.6546,10602.9773,42626.6319,0.0,0.0
IEC Global Pty Ltd.,5b1f351e3eddeb10ce7fa54c,APAC,Nam Trinh,Water Sort Puzzle iOS,5f2d0c03f503650001351c59,1514542157,916.6048,10,2,8,"Combo3,Combo4,Combo5,Combo6,Combo7,Combo8,Combo9,Combo10",0.0,22824.9941,19801.6378,42626.6319,0.0,0.0
Easybrain Ltd,57d1b461ae2b57d903000027,EMEA,Dina Eraksan,Number Sums IOS,64de05bdabb23eee2a179c21,6449427809,917.2234,10,8,2,"Combo4,Combo7",0.0,37570.8181,5055.8138,42626.6319,0.0,0.0
FALCON GLOBAL LTD.,5a57133a3610bbb671016ff3,APAC,Nam Trinh,Cake Sort - Color Puzzle Game IOS PM D2M,64781b96dac1393f38b604ca,6448392144,892.843,10,2,8,"Combo3,Combo4,Combo5,Combo6,Combo7,Combo8,Combo9,Combo10",0.0,22824.9941,19801.6378,42626.6319,0.0,0.0
Scopely,561e8d966b8d90f61a003414,Americas,Natalie Kenyon,New YAHTZEE® With Buddies,5915396ce3b1195326000413,1206967173,705.3155,10,4,6,"Combo4,Combo5,Combo7,Combo8,Combo9,Combo10",0.0,32023.6546,10602.9773,42626.6319,0.0,0.0
LLC East-Games,62ea666c62b76e001b3eca4f,EMEA,Kseniia Fesenko,Tanks Blitz,62f1051ffaf12b2a7ad9a1d1,com.tanksblitz,739.3919,10,4,6,"Combo4,Combo5,Combo7,Combo8,Combo9,Combo10",0.0,32023.6546,10602.9773,42626.6319,0.0,0.0
Code Dish GmbH,64075f57d6da1900141e5aba,EMEA,Hadil Salameh,PiggyKingdom,65802019356fbd1f45ff6c6f,com.olleyo.piggy.king.free,732.502,10,6,4,"Combo5,Combo8,Combo9,Combo10",0.0,37079.4684,5547.1635,42626.6319,0.0,0.0
Ketchapp,561e8d956b8d90f61a0030cf,EMEA,Hadil Salameh,Rider,590b5df4004ccfdd3b000a35,1229618961,517.3778,10,4,6,"Combo4,Combo5,Combo7,Combo8,Combo9,Combo10",0.0,32023.6546,10602.9773,42626.6319,0.0,0.0
Scopely,561e8d966b8d90f61a003414,Americas,Natalie Kenyon,Stumble Guys,6413698f6e7664ba85e052b5,1541153375,555.163,10,4,6,"Combo4,Combo5,Combo7,Combo8,Combo9,Combo10",0.0,32023.6546,10602.9773,42626.6319,0.0,0.0
INJOY TECHNOLOGY PTE.LTD.,5f687c6436ca1e0016d5fd6d,APAC,Seven Tu,Shareit Lite,65016fb65946c49eb49f6691,shareit.lite,559.5803,10,4,6,"Combo4,Combo5,Combo7,Combo8,Combo9,Combo10",0.0,32023.6546,10602.9773,42626.6319,0.0,0.0
Easybrain Ltd,57d1b461ae2b57d903000027,EMEA,Dina Eraksan,Sudoku - Classic Sudoku Puzzle Game,592fc29cc10833a4760012c6,1193508329,13380.144,10,6,4,"Combo3,Combo4,Combo6,Combo7",0.0,28372.1576,14254.4743,42626.6319,0.0,0.0
Severex,57c05f735b2bd4fa24000030,,Sales Ops,figgerits,63246d89d3a73abffd99d98b,1636821805,595.6902,10,4,6,"Combo4,Combo5,Combo7,Combo8,Combo9,Combo10",0.0,32023.6546,10602.9773,42626.6319,0.0,0.0
Playsimple Games,568b8cb3bb2089a80600000a,Americas,Rutvij Jadav,PlaySimple Cryptogram,66e16cd7d7770a6a369725c3,in.playsimple.cryptogram,614.3112,10,4,6,"Combo4,Combo5,Combo7,Combo8,Combo9,Combo10",0.0,32023.6546,10602.9773,42626.6319,0.0,0.0
Dots,561e8d976b8d90f61a004735,EMEA,Louis Wallworth,Twdots Android,5b7c63748734f02f83929e90,com.weplaydots.twodotsandroid,635.4355,10,4,6,"Combo4,Combo5,Combo7,Combo8,Combo9,Combo10",0.0,32023.6546,10602.9773,42626.6319,0.0,0.0
OAKEVER GAMES PTE LTD,5b975fcedc73276356309362,APAC,Aria Gao,Arrows GO! Android,69845ea1e6f73fe2b5840739,com.oakever.arrows,13278.6625,10,2,8,"Combo3,Combo4,Combo5,Combo6,Combo7,Combo8,Combo9,Combo10",0.0,22824.9941,19801.6378,42626.6319,0.0,0.0
Voodoo,56d55c72562b9c353800000d,EMEA,Hadil Salameh,Paper.io 2,5b83e2f3ebcb4a0f62d80e85,1423046460,13243.7217,10,8,2,"Combo4,Combo7",0.0,37570.8181,5055.8138,42626.6319,0.0,0.0
HITAPPS GAMES LTD,6021599b8b3e5600159fcc76,EMEA,Beth Taylor-Lowen,Connect Words Android,66101aeac0c070078a9775cf,com.hitappsgames.connectwords,665.0986,10,4,6,"Combo4,Combo5,Combo7,Combo8,Combo9,Combo10",0.0,32023.6546,10602.9773,42626.6319,0.0,0.0
Puzzle1Studio,5d130cdf37472100170775e1,APAC,Ives Cui,Bubble Pop Origin! Puzzle Game,5de4583d2510a20017316fb9,1487907763,679.9213,10,4,6,"Combo4,Combo5,Combo7,Combo8,Combo9,Combo10",0.0,32023.6546,10602.9773,42626.6319,0.0,0.0
OAKEVER GAMES PTE LTD,5b975fcedc73276356309362,APAC,Aria Gao,Meowdoku iOS,69e0a6fab6a93be17be970f3,6761760135,15211.7956,10,2,8,"Combo3,Combo4,Combo5,Combo6,Combo7,Combo8,Combo9,Combo10",0.0,22824.9941,19801.6378,42626.6319,0.0,0.0
Lihuhu,5d8880f1444f7200181b5e1d,APAC,Nam Trinh,Match Triple,61405fa047e8ae6d60071605,1530876832,698.5963,10,4,6,"Combo3,Combo4,Combo6,Combo7,Combo9,Combo10",0.0,27469.0506,15157.5813,42626.6319,0.0,0.0
FALCON GLOBAL LTD.,5a57133a3610bbb671016ff3,APAC,Nam Trinh,Goods Sorting: Match 3 Puzzle iOS PM_1945,661898f2c0c070078a977fb4,6482849843,6385.6497,10,2,8,"Combo3,Combo4,Combo5,Combo6,Combo7,Combo8,Combo9,Combo10",0.0,22824.9941,19801.6378,42626.6319,0.0,0.0
X-FLOW LTD,5b1526a7de961d3317b1d475,EMEA,Kseniia Fesenko,Happy Color Android - Paint by Number,5a777f42d76bfe102f007091,com.pixel.art.coloring.color.number,7674.6411,10,6,4,"Combo5,Combo8,Combo9,Combo10",0.0,37079.4684,5547.1635,42626.6319,0.0,0.0
INJOY TECHNOLOGY PTE.LTD.,5f687c6436ca1e0016d5fd6d,APAC,Seven Tu,Shareit Android,64f7008818744ab0e0841919,com.lenovo.anyshare.gps,6390.6848,10,4,6,"Combo4,Combo5,Combo7,Combo8,Combo9,Combo10",0.0,32023.6546,10602.9773,42626.6319,0.0,0.0
Easybrain Ltd,57d1b461ae2b57d903000027,EMEA,Dina Eraksan,Hidden Spots,6672d811429c14443ac5fb6d,com.easybrain.hidden.spots,1078.6017,10,4,6,"Combo4,Combo5,Combo7,Combo8,Combo9,Combo10",0.0,32023.6546,10602.9773,42626.6319,0.0,0.0
Mattel163 Limited,5b0fc58f19829714e5ad0d2f,APAC,Aria Gao,Skip-Bo Android,60891d3bc6ed3ae6ebd0cf3a,com.mattel163.skipbo,963.685,10,4,6,"Combo3,Combo4,Combo6,Combo7,Combo9,Combo10",0.0,27469.0506,15157.5813,42626.6319,0.0,0.0
Gravity Labs,677cecb33b9ea20011273987,APAC,Ives Cui,moneywalk_AOS,677e35a5d7a0b145879b00a7,com.tracerofficial,2237.4241,10,6,4,"Combo5,Combo8,Combo9,Combo10",0.0,37079.4684,5547.1635,42626.6319,0.0,0.0
Easybrain Ltd,57d1b461ae2b57d903000027,EMEA,Dina Eraksan,Nonogram Android,5d406c47cf18f200178643cf,com.easybrain.nonogram,1897.2346,10,4,6,"Combo3,Combo4,Combo6,Combo7,Combo9,Combo10",0.0,27469.0506,15157.5813,42626.6319,0.0,0.0
Easybrain Ltd,57d1b461ae2b57d903000027,EMEA,Dina Eraksan,Solitaire – Classic Card Game,59c0bfe44b342c7f280015fe,1190849728,1907.0377,10,8,2,"Combo4,Combo7",0.0,37570.8181,5055.8138,42626.6319,0.0,0.0
SYBO Games,5c52bd6ffbeb402419bef87d,EMEA,Louis Wallworth,Subway Surfers (Non-COPPA),5e4e66ea60ce6a001791d156,512939461,4182.4116,10,6,4,"Combo3,Combo4,Combo6,Combo7",0.0,28372.1576,14254.4743,42626.6319,0.0,0.0
OAKEVER GAMES PTE LTD,5b975fcedc73276356309362,APAC,Aria Gao,Jigsawcard iOS,69154b0b1de7be35146a52bd,6754900673,2000.8595,10,2,8,"Combo3,Combo4,Combo5,Combo6,Combo7,Combo8,Combo9,Combo10",0.0,22824.9941,19801.6378,42626.6319,0.0,0.0
Easybrain Ltd,57d1b461ae2b57d903000027,EMEA,Dina Eraksan,Pixel Art: Create by Number,5b61c1d3a5eacf3ee67a792c,com.europosit.pixelcoloring,2173.309,10,4,6,"Combo4,Combo5,Combo7,Combo8,Combo9,Combo10",0.0,32023.6546,10602.9773,42626.6319,0.0,0.0
SYBO Games,5c52bd6ffbeb402419bef87d,EMEA,Louis Wallworth,Subway Surfers (Non-COPPA),5e4e6838246d020018f1e653,com.kiloo.subwaysurf,2143.2636,10,4,6,"Combo3,Combo4,Combo6,Combo7,Combo9,Combo10",0.0,27469.0506,15157.5813,42626.6319,0.0,0.0
Easybrain Ltd,57d1b461ae2b57d903000027,EMEA,Dina Eraksan,Art Puzzle - iOS,5ef316979c3a0300015b0a03,1519174001,2211.0834,10,4,6,"Combo4,Combo5,Combo7,Combo8,Combo9,Combo10",0.0,32023.6546,10602.9773,42626.6319,0.0,0.0
FALCON GLOBAL LTD.,5a57133a3610bbb671016ff3,APAC,Nam Trinh,Goods Sorting: Match 3 Puzzle PM_1945,660a20c0c5f237ebf7b4ac68,com.fc.goods.sort.matching.puzzle.triplemaster,2243.5693,10,2,8,"Combo3,Combo4,Combo5,Combo6,Combo7,Combo8,Combo9,Combo10",0.0,22824.9941,19801.6378,42626.6319,0.0,0.0
Code Dish GmbH,64075f57d6da1900141e5aba,EMEA,Hadil Salameh,Dream Island - Match 3 Games,647dbe0bb7a4c97fb3997264,com.dream.free.games.match3,2227.9975,10,6,4,"Combo5,Combo8,Combo9,Combo10",0.0,37079.4684,5547.1635,42626.6319,0.0,0.0
Easybrain Ltd,57d1b461ae2b57d903000027,EMEA,Dina Eraksan,Art Puzzle GP,5f33efea7aae9f000162155d,com.easybrain.art.puzzle,4962.1386,10,4,6,"Combo4,Combo5,Combo7,Combo8,Combo9,Combo10",0.0,32023.6546,10602.9773,42626.6319,0.0,0.0
Easybrain Ltd,57d1b461ae2b57d903000027,EMEA,Dina Eraksan,Easy Words GP,64f9e2ac8fb8ac04ca897cd1,com.easybrain.word.puzzle.game,2316.8434,10,4,6,"Combo4,Combo5,Combo7,Combo8,Combo9,Combo10",0.0,32023.6546,10602.9773,42626.6319,0.0,0.0
Pocket Entertainment Services LLC,6315b8713c59f7001bacf8fb,Americas,Rutvij Jadav,PocketFM Android,6315b8bb85b5a14b0bbc9454,com.radio.pocketfm,2377.0222,10,6,4,"Combo3,Combo4,Combo6,Combo7",0.0,28372.1576,14254.4743,42626.6319,0.0,0.0
Easybrain Ltd,57d1b461ae2b57d903000027,EMEA,Dina Eraksan,Nonogram IOS,5c88efab1c2e1f6eb4ca10cc,1452992954,2522.3054,10,6,4,"Combo3,Combo4,Combo6,Combo7",0.0,28372.1576,14254.4743,42626.6319,0.0,0.0
Vinted,670cfa366f113e00119a799f,EMEA,Dumitru Cazacu,Vinted Android,671654af58450cca797bb25d,fr.vinted,4170.9759,10,4,6,"Combo4,Combo5,Combo7,Combo8,Combo9,Combo10",0.0,32023.6546,10602.9773,42626.6319,0.0,0.0
RobTop Games AB,6276c973f70e7c001895be79,EMEA,Louis Wallworth,Geometry Dash Lite Android,6295ff7c3987b19e74b43c3e,com.robtopx.geometryjumplite,2971.0927,10,6,4,"Combo5,Combo8,Combo9,Combo10",0.0,37079.4684,5547.1635,42626.6319,0.0,0.0
Code Dish GmbH,64075f57d6da1900141e5aba,EMEA,Hadil Salameh,Tile Match - Match Puzzle Game,63b7bf0fa928816f6c42effc,com.tile.match.blockpuzzle,3248.3204,10,6,4,"Combo5,Combo8,Combo9,Combo10",0.0,37079.4684,5547.1635,42626.6319,0.0,0.0
Easybrain Ltd,57d1b461ae2b57d903000027,EMEA,Dina Eraksan,Blockudoku IOS,5c9c7a04d13ede0012e22ff2,1452227871,4177.5385,10,6,4,"Combo3,Combo4,Combo6,Combo7",0.0,28372.1576,14254.4743,42626.6319,0.0,0.0
Pocket Entertainment Services LLC,6315b8713c59f7001bacf8fb,Americas,Rutvij Jadav,PocketFM IOS,6345c091c17e333ca212effc,1538433480,3447.9015,10,6,4,"Combo3,Combo4,Combo6,Combo7",0.0,28372.1576,14254.4743,42626.6319,0.0,0.0
GeoTechnologies Inc.,5f45fb2f150074001547df11,APAC,Nam Trinh,トリマ-移動するだけでポイントが貯まる,5f45ffd8256e1b0001a4189a,jp.co.incrementp.milemobile,1808.1312,10,4,6,"Combo4,Combo5,Combo7,Combo8,Combo9,Combo10",0.0,32023.6546,10602.9773,42626.6319,0.0,0.0
LOTUM Media GmbH,561e8d936b8d90f61a0014ca,EMEA,Hadil Salameh,4 Pics 1 Word iOS,5130b34aff10712a34000051,595558452,1732.9825,10,6,4,"Combo5,Combo8,Combo9,Combo10",0.0,37079.4684,5547.1635,42626.6319,0.0,0.0
Easybrain Ltd,57d1b461ae2b57d903000027,EMEA,Dina Eraksan,Pixel Art - Color by Number,5a167dd1d0d008d90400a61d,1274972321,1640.7307,10,4,6,"Combo4,Combo5,Combo7,Combo8,Combo9,Combo10",0.0,32023.6546,10602.9773,42626.6319,0.0,0.0
Playsimple Games,568b8cb3bb2089a80600000a,Americas,Rutvij Jadav,Tile Match -Triple puzzle game,64ee188a4ca99f72ba7c5d70,in.playsimple.triple.tile.matchgame.pair.three.puzzle.object.royale,1639.763,10,4,6,"Combo4,Combo5,Combo7,Combo8,Combo9,Combo10",0.0,32023.6546,10602.9773,42626.6319,0.0,0.0
Code Dish GmbH,64075f57d6da1900141e5aba,EMEA,Hadil Salameh,"Sweet Crunch - Matching, Blast Puzzle Game",6051fadcdec34f1e8a8888cc,com.cookie.match3.casual,1034.5435,10,6,4,"Combo5,Combo8,Combo9,Combo10",0.0,37079.4684,5547.1635,42626.6319,0.0,0.0
Voodoo,56d55c72562b9c353800000d,EMEA,Hadil Salameh,Hole.io,5b2a4c2c8815f423b86d090f,io.voodoo.holeio,1045.8782,10,4,6,"Combo4,Combo5,Combo7,Combo8,Combo9,Combo10",0.0,32023.6546,10602.9773,42626.6319,0.0,0.0
Scopely,561e8d966b8d90f61a003414,Americas,Natalie Kenyon,Scrabble Go,59e7dc15a81a003c1700ebfe,com.pieyel.scrabble,4870.4114,10,4,6,"Combo4,Combo5,Combo7,Combo8,Combo9,Combo10",0.0,32023.6546,10602.9773,42626.6319,0.0,0.0
RobTop Games AB,6276c973f70e7c001895be79,EMEA,Louis Wallworth,Geometry Dash Lite,6276cb2872361e0c07c98cec,698255242,3471.3525,10,6,4,"Combo5,Combo8,Combo9,Combo10",0.0,37079.4684,5547.1635,42626.6319,0.0,0.0
Dots,561e8d976b8d90f61a004735,EMEA,Louis Wallworth,Twodots iOS,5b7c5bff274f5b2f7bc47219,880178264,1147.9624,10,6,4,"Combo3,Combo4,Combo6,Combo7",0.0,28372.1576,14254.4743,42626.6319,0.0,0.0
ToGather Fun Limited,634d301fa3774b001b7c0dbc,APAC,Harper Zhang,Screw Sort Puzzle,6667a74988cc429f2d801763,6499293031,1193.3197,10,4,6,"Combo4,Combo5,Combo7,Combo8,Combo9,Combo10",0.0,32023.6546,10602.9773,42626.6319,0.0,0.0
Mattel163 Limited,5b0fc58f19829714e5ad0d2f,APAC,Aria Gao,UNO!™,5b14f1387ea39141340a6d68,com.matteljv.uno,1202.5102,10,4,6,"Combo3,Combo4,Combo6,Combo7,Combo9,Combo10",0.0,27469.0506,15157.5813,42626.6319,0.0,0.0
Easybrain Ltd,57d1b461ae2b57d903000027,EMEA,Dina Eraksan,Backgammon iOS,63974e72c5c2a3f1faf76b37,6443484197,1306.6428,10,8,2,"Combo4,Combo7",0.0,37570.8181,5055.8138,42626.6319,0.0,0.0
Playsimple Games,568b8cb3bb2089a80600000a,Americas,Rutvij Jadav,Crossword Jam : Fun Brain Game,5c6bcec910122f720df1553b,1269540854,1400.6844,10,8,2,"Combo4,Combo7",0.0,37570.8181,5055.8138,42626.6319,0.0,0.0
Easybrain Ltd,57d1b461ae2b57d903000027,EMEA,Dina Eraksan,Easy Words IOS,66db113537f8220673f9e833,6612024746,1458.7926,10,8,2,"Combo4,Combo7",0.0,37570.8181,5055.8138,42626.6319,0.0,0.0
Easybrain Ltd,57d1b461ae2b57d903000027,EMEA,Dina Eraksan,Crossword Master IOS,66b372f5e33c9a548741ff37,6547858927,4410.9121,10,6,4,"Combo3,Combo4,Combo6,Combo7",0.0,28372.1576,14254.4743,42626.6319,0.0,0.0
Easybrain Ltd,57d1b461ae2b57d903000027,EMEA,Dina Eraksan,Sudoku Killer iOS,5e84a5d1ce415a000187164f,1505735640,1530.1728,10,4,6,"Combo4,Combo5,Combo7,Combo8,Combo9,Combo10",0.0,32023.6546,10602.9773,42626.6319,0.0,0.0
Easybrain Ltd,57d1b461ae2b57d903000027,EMEA,Dina Eraksan,Puzzles IOS,5a30e47b794900452500459c,1324604053,4309.4034,10,6,4,"Combo3,Combo4,Combo6,Combo7",0.0,28372.1576,14254.4743,42626.6319,0.0,0.0
Mattel163 Limited,5b0fc58f19829714e5ad0d2f,APAC,Aria Gao,Phase 10 Android,5d81cc3fe412d000189dc34b,com.mattel163.phase10,1583.0986,10,4,6,"Combo3,Combo4,Combo6,Combo7,Combo9,Combo10",0.0,27469.0506,15157.5813,42626.6319,0.0,0.0
Voodoo,56d55c72562b9c353800000d,EMEA,Hadil Salameh,Hole.io,5f5ba15b8b44650001cad5b7,1389111413,1588.1584,10,4,6,"Combo4,Combo5,Combo7,Combo8,Combo9,Combo10",0.0,32023.6546,10602.9773,42626.6319,0.0,0.0
Code Dish GmbH,64075f57d6da1900141e5aba,EMEA,Hadil Salameh,Tile Match - Match Puzzle Game,63ff39ab1e40c644de13073f,6444056676,1595.8747,10,6,4,"Combo5,Combo8,Combo9,Combo10",0.0,37079.4684,5547.1635,42626.6319,0.0,0.0
Veraxen Ltd,561e8d936b8d90f61a00134a,EMEA,Kseniia Fesenko,Jigsaw Collection HD,524ad17f92fcd29365000006,642831690,1626.5089,10,4,6,"Combo4,Combo5,Combo7,Combo8,Combo9,Combo10",0.0,32023.6546,10602.9773,42626.6319,0.0,0.0
FotMob AS,66e0182c82571e00117d2acb,EMEA,Louis Wallworth,FotMob iOS,66e0363553834547abf558a2,488575683,1584.5514,10,4,6,"Combo3,Combo4,Combo6,Combo7,Combo9,Combo10",0.0,27469.0506,15157.5813,42626.6319,0.0,0.0
